iter,type,batch_size,num_tokens,max_seq_len,t_start_ms,t_end_ms,duration_ms
0,prefill,1,223,224,0.0,50.514,50.514
1,decode,1,1,225,52.436,53.506,1.07
2,decode,1,1,47,138.985,139.527,0.542
3,decode,1,1,48,140.275,140.659,0.385
4,decode,1,1,49,149.537,149.911,0.374
5,decode,1,1,50,159.523,159.895,0.372
6,prefill,38,8192,253,181.393,194.998,13.605
7,decode,36,40,254,196.542,197.233,0.691
8,decode,32,32,53,783.515,784.231,0.716
9,decode,32,32,54,785.876,786.288,0.412
10,decode,25,32,54,795.044,795.437,0.393
11,decode,20,24,55,803.623,804.214,0.591
12,decode,15,16,56,812.333,812.893,0.561
13,decode,12,16,57,820.466,820.802,0.336
14,decode,8,8,58,828.738,829.284,0.546
15,decode,6,8,55,836.7,836.997,0.296
16,decode,5,8,56,844.767,845.077,0.31
17,decode,5,8,57,852.65,852.933,0.283
18,decode,3,4,58,860.95,861.484,0.534
19,decode,2,2,59,868.867,869.381,0.514
20,decode,2,2,60,876.989,877.27,0.281
21,decode,2,2,61,884.58,884.843,0.263
22,decode,2,2,62,892.428,892.684,0.256
23,decode,2,2,63,900.311,900.565,0.254
24,decode,2,2,64,908.151,908.44,0.29
25,decode,1,1,65,916.165,916.57,0.405
26,prefill,56,8192,238,934.096,946.238,12.142
27,decode,54,56,239,947.88,948.625,0.745
28,decode,43,48,240,1269.459,1270.155,0.695
29,decode,33,40,241,1274.409,1274.837,0.428
30,decode,31,32,242,1282.313,1282.696,0.383
31,decode,22,24,243,1292.757,1293.129,0.372
32,decode,18,24,244,1301.632,1301.981,0.349
33,decode,13,16,245,1310.707,1311.045,0.338
34,decode,9,16,246,1319.447,1319.762,0.316
35,decode,6,8,247,1327.775,1328.079,0.304
36,decode,5,8,248,1336.023,1336.31,0.287
37,decode,5,8,249,1344.172,1344.458,0.286
38,decode,5,8,250,1352.415,1352.702,0.287
39,decode,5,8,251,1360.672,1360.955,0.282
40,decode,4,4,252,1369.16,1369.434,0.274
41,decode,4,4,253,1377.127,1377.394,0.267
42,decode,4,4,254,1385.291,1385.563,0.272
43,decode,3,4,255,1393.527,1393.792,0.265
44,decode,1,1,256,1401.766,1402.179,0.413
45,decode,1,1,257,1409.601,1409.966,0.365
46,decode,1,1,258,1417.709,1418.088,0.379
47,decode,1,1,259,1425.788,1426.192,0.404
48,prefill,53,8192,248,1442.755,1454.686,11.931
49,decode,51,56,249,1456.324,1456.797,0.474
50,decode,34,40,250,1771.106,1771.534,0.427
51,decode,32,32,251,1775.776,1776.184,0.408
52,decode,25,32,236,1786.232,1786.608,0.376
53,decode,24,24,237,1795.503,1795.851,0.348
54,decode,22,24,238,1804.999,1805.357,0.358
55,decode,16,16,239,1814.624,1814.942,0.318
56,decode,11,16,239,1823.658,1823.974,0.316
57,decode,9,16,240,1832.105,1832.419,0.314
58,decode,9,16,241,1840.359,1840.672,0.312
59,decode,9,16,242,1848.915,1849.244,0.329
60,decode,6,8,243,1857.853,1858.156,0.303
61,decode,4,4,244,1866.079,1866.348,0.269
62,decode,3,4,188,1874.239,1874.503,0.264
63,decode,3,4,189,1882.215,1882.477,0.263
64,decode,2,2,190,1890.377,1890.638,0.261
65,decode,1,1,189,1898.54,1898.921,0.381
66,decode,1,1,190,1906.38,1906.748,0.367
67,decode,1,1,191,1914.477,1914.842,0.365
68,prefill,46,8192,257,1933.498,1945.277,11.779
69,decode,44,48,258,1946.759,1947.218,0.459
70,decode,35,40,259,2261.981,2262.427,0.446
71,decode,30,32,260,2267.769,2268.16,0.392
72,decode,22,24,261,2278.229,2278.577,0.348
73,decode,13,16,262,2288.158,2288.474,0.316
74,decode,9,16,263,2296.931,2297.26,0.329
75,decode,5,8,264,2305.796,2306.1,0.303
76,decode,4,4,265,2314.19,2314.46,0.27
77,decode,4,4,266,2322.44,2322.713,0.273
78,decode,3,4,267,2330.793,2331.074,0.28
79,decode,2,2,256,2339.059,2339.318,0.259
80,decode,1,1,181,2347.309,2347.69,0.381
81,prefill,61,8192,247,2365.55,2377.398,11.848
82,decode,56,56,248,2379.062,2379.534,0.472
83,decode,46,48,249,2694.61,2695.088,0.478
84,decode,41,48,250,2698.677,2699.124,0.447
85,decode,37,40,251,2708.883,2709.302,0.419
86,decode,28,32,247,2719.516,2719.898,0.382
87,decode,23,24,230,2728.818,2729.178,0.36
88,decode,17,24,231,2738.329,2738.67,0.341
89,decode,13,16,228,2747.017,2747.335,0.318
90,decode,9,16,229,2755.861,2756.185,0.324
91,decode,8,8,230,2764.085,2764.371,0.286
92,decode,7,8,231,2772.595,2772.88,0.285
93,decode,6,8,231,2780.912,2781.205,0.293
94,decode,5,8,232,2789.191,2789.469,0.279
95,decode,3,4,212,2797.702,2797.982,0.281
96,decode,3,4,213,2805.481,2805.743,0.262
97,decode,3,4,214,2813.548,2813.811,0.263
98,decode,3,4,215,2821.642,2821.902,0.26
99,decode,2,2,205,2829.853,2830.125,0.272
100,decode,2,2,206,2837.946,2838.212,0.265
101,decode,1,1,207,2845.917,2846.316,0.399
102,decode,1,1,208,2853.745,2854.116,0.371
103,decode,1,1,209,2861.843,2862.215,0.373
104,decode,1,1,210,2869.953,2870.326,0.373
105,decode,1,1,211,2878.157,2878.519,0.362
106,decode,1,1,212,2886.33,2886.692,0.363
107,decode,1,1,213,2894.451,2894.812,0.362
108,decode,1,1,214,2902.572,2902.948,0.376
109,prefill,53,8192,260,2919.579,2931.571,11.992
110,decode,49,56,261,2933.41,2933.89,0.481
111,decode,40,40,262,3250.124,3250.546,0.422
112,decode,32,32,263,3255.24,3255.63,0.39
113,decode,24,24,264,3265.412,3265.768,0.356
114,decode,20,24,265,3274.995,3275.354,0.359
115,decode,18,24,266,3284.171,3284.515,0.345
116,decode,11,16,267,3293.856,3294.191,0.335
117,decode,8,8,268,3302.342,3302.632,0.289
118,decode,8,8,269,3310.805,3311.099,0.294
119,decode,5,8,259,3319.656,3319.944,0.289
120,decode,5,8,260,3327.809,3328.107,0.298
121,decode,3,4,261,3336.144,3336.42,0.275
122,decode,2,2,226,3344.241,3344.501,0.26
123,decode,2,2,227,3352.275,3352.531,0.256
124,decode,2,2,228,3360.299,3360.555,0.256
125,decode,2,2,229,3368.266,3368.518,0.252
126,decode,1,1,230,3376.349,3376.736,0.387
127,prefill,62,8192,245,3394.493,3406.346,11.852
128,decode,57,64,245,3408.122,3408.855,0.733
129,decode,40,40,245,3725.426,3725.859,0.432
130,decode,35,40,246,3729.309,3729.718,0.409
131,decode,24,24,247,3740.015,3740.365,0.35
132,decode,16,16,248,3749.417,3749.737,0.32
133,decode,10,16,249,3758.552,3758.866,0.314
134,decode,9,16,250,3766.902,3767.226,0.324
135,decode,8,8,251,3775.537,3775.825,0.288
136,decode,8,8,252,3783.985,3784.28,0.295
137,decode,6,8,253,3792.662,3792.946,0.284
138,decode,4,4,254,3800.977,3801.263,0.286
139,decode,4,4,255,3808.994,3809.28,0.286
140,decode,3,4,256,3817.354,3817.62,0.266
141,decode,1,1,234,3825.457,3825.849,0.392
142,decode,1,1,235,3833.372,3833.738,0.365
143,decode,1,1,236,3841.478,3841.845,0.367
144,decode,1,1,237,3849.588,3849.955,0.367
145,decode,1,1,238,3857.687,3858.086,0.399
146,prefill,37,8192,266,3871.548,3883.432,11.884
147,decode,33,40,267,3884.773,3885.197,0.424
148,decode,29,32,267,4201.348,4201.743,0.396
149,decode,24,24,268,4207.418,4207.768,0.35
150,decode,18,24,263,4217.792,4218.15,0.358
151,decode,17,24,264,4226.822,4227.18,0.358
152,decode,12,16,265,4236.511,4236.83,0.319
153,decode,7,8,266,4245.625,4245.914,0.288
154,decode,6,8,267,4254.131,4254.417,0.286
155,decode,4,4,260,4262.646,4262.917,0.271
156,decode,3,4,229,4276.496,4276.968,0.471
157,decode,2,2,230,4279.081,4279.354,0.272
158,decode,2,2,231,4287.18,4287.444,0.264
159,decode,1,1,232,4295.298,4295.724,0.427
160,decode,1,1,233,4303.339,4303.734,0.395
161,decode,1,1,234,4311.278,4311.659,0.38
162,decode,1,1,235,4319.397,4319.769,0.372
163,decode,1,1,236,4327.535,4327.906,0.372
164,prefill,64,8192,264,4346.35,4358.85,12.501
165,decode,62,64,265,4360.733,4361.26,0.528
166,decode,56,56,266,4677.64,4678.154,0.514
167,decode,47,48,267,4681.908,4682.373,0.465
168,decode,34,40,268,4692.906,4693.34,0.434
169,decode,30,32,269,4702.248,4702.633,0.385
170,decode,26,32,270,4711.917,4712.307,0.39
171,decode,21,24,260,4721.476,4721.831,0.355
172,decode,16,16,261,4730.617,4730.945,0.327
173,decode,13,16,262,4739.38,4739.692,0.312
174,decode,10,16,263,4748.078,4748.393,0.315
175,decode,8,8,264,4756.564,4756.86,0.296
176,decode,5,8,265,4765.136,4765.42,0.284
177,decode,4,4,266,4773.173,4773.443,0.27
178,decode,2,2,234,4781.49,4781.753,0.262
179,decode,1,1,168,4789.467,4789.852,0.385
180,decode,1,1,169,4797.447,4797.816,0.37
181,decode,1,1,170,4805.407,4805.774,0.366
182,prefill,56,8192,248,4823.282,4835.178,11.896
183,decode,47,48,249,4836.718,4837.176,0.458
184,decode,39,40,250,5153.695,5154.13,0.435
185,decode,29,32,251,5158.75,5159.14,0.39
186,decode,20,24,237,5168.534,5168.88,0.346
187,decode,17,24,238,5177.586,5177.93,0.344
188,decode,12,16,239,5186.831,5187.175,0.344
189,decode,8,8,240,5195.79,5196.089,0.299
190,decode,5,8,241,5204.43,5204.71,0.281
191,decode,2,2,236,5212.689,5212.949,0.26
192,decode,1,1,237,5220.784,5221.176,0.392
193,prefill,50,8192,288,5237.187,5249.638,12.451
194,decode,46,48,289,5251.233,5251.68,0.446
195,decode,38,40,290,5568.275,5568.788,0.514
196,decode,33,40,291,5572.564,5572.974,0.41
197,decode,25,32,292,5583.077,5583.461,0.385
198,decode,21,24,293,5592.784,5593.167,0.383
199,decode,13,16,294,5602.635,5602.958,0.324
200,decode,10,16,276,5611.543,5611.858,0.315
201,decode,9,16,277,5620.013,5620.33,0.317
202,decode,5,8,272,5629.144,5629.435,0.291
203,decode,5,8,273,5637.297,5637.58,0.284
204,decode,4,4,274,5645.714,5646.017,0.303
205,decode,2,2,257,5654.073,5654.353,0.28
206,decode,1,1,238,5662.064,5662.467,0.403
207,decode,1,1,239,5669.929,5670.312,0.383
208,decode,1,1,240,5678.025,5678.392,0.367
209,prefill,62,8192,269,5697.145,5709.322,12.178
210,decode,53,56,270,5711.021,5711.5,0.478
211,decode,48,48,271,6028.958,6029.444,0.485
212,decode,36,40,272,6033.447,6033.861,0.414
213,decode,29,32,273,6043.35,6043.735,0.386
214,decode,26,32,274,6052.903,6053.293,0.389
215,decode,19,24,264,6062.903,6063.271,0.368
216,decode,10,16,265,6072.397,6072.717,0.32
217,decode,6,8,266,6080.791,6081.098,0.306
218,decode,4,4,267,6089.182,6089.47,0.288
219,decode,2,2,266,6097.451,6097.726,0.275
220,decode,2,2,267,6105.527,6105.786,0.259
221,decode,1,1,268,6113.538,6113.926,0.388
222,decode,1,1,269,6121.444,6121.829,0.384
223,decode,1,1,270,6129.562,6129.929,0.367
224,prefill,57,8192,265,6148.021,6160.362,12.341
225,decode,54,56,266,6162.102,6162.589,0.486
226,decode,44,48,267,6479.412,6479.945,0.533
227,decode,36,40,268,6483.054,6483.473,0.419
228,decode,30,32,263,6494.216,6494.759,0.542
229,decode,20,24,264,6503.881,6504.28,0.4
230,decode,15,16,265,6513.069,6513.413,0.344
231,decode,13,16,266,6521.375,6521.701,0.326
232,decode,10,16,267,6530.407,6530.726,0.319
233,decode,5,8,268,6539.318,6539.614,0.296
234,decode,5,8,269,6547.269,6547.555,0.286
235,decode,2,2,270,6555.767,6556.047,0.28
236,decode,2,2,271,6563.662,6563.922,0.26
237,decode,2,2,272,6571.655,6571.916,0.26
238,decode,1,1,273,6579.738,6580.176,0.438
239,decode,1,1,274,6588.044,6588.416,0.371
240,decode,1,1,275,6596.289,6596.663,0.374
241,decode,1,1,276,6604.262,6604.634,0.373
242,decode,1,1,277,6612.366,6612.739,0.373
243,prefill,51,8192,274,6629.317,6641.433,12.115
244,decode,49,56,275,6643.064,6643.548,0.483
245,decode,39,40,276,6961.06,6961.501,0.442
246,decode,30,32,277,6966.385,6966.772,0.387
247,decode,26,32,278,6975.871,6976.265,0.394
248,decode,18,24,279,6986.285,6986.636,0.351
249,decode,15,16,270,6995.052,6995.37,0.318
250,decode,11,16,271,7008.819,7009.332,0.513
251,decode,8,8,272,7013.168,7013.579,0.411
252,decode,6,8,273,7021.695,7022.016,0.32
253,decode,6,8,274,7029.782,7030.1,0.318
254,decode,6,8,275,7038.08,7038.373,0.293
255,decode,6,8,276,7046.478,7046.764,0.287
256,decode,4,4,277,7054.967,7055.37,0.403
257,decode,3,4,278,7063.159,7063.449,0.29
258,prefill,63,8192,272,7082.307,7094.69,12.383
259,decode,53,56,273,7096.417,7097.023,0.606
260,decode,44,48,274,7414.195,7414.796,0.601
261,decode,28,32,275,7418.588,7419.08,0.492
262,decode,23,24,276,7427.958,7428.421,0.463
263,decode,19,24,277,7437.451,7437.804,0.353
264,decode,17,24,278,7446.629,7446.988,0.359
265,decode,16,16,279,7455.593,7455.915,0.322
266,decode,14,16,276,7464.617,7464.935,0.318
267,decode,10,16,248,7473.639,7473.955,0.316
268,decode,9,16,249,7482.049,7482.366,0.317
269,decode,7,8,250,7490.678,7490.973,0.295
270,decode,6,8,251,7498.967,7499.264,0.297
271,decode,5,8,252,7507.406,7507.698,0.293
272,decode,4,4,253,7515.601,7515.88,0.279
273,decode,4,4,254,7523.661,7523.932,0.271
274,decode,2,2,197,7531.998,7532.387,0.389
275,decode,2,2,198,7539.926,7540.208,0.281
276,decode,2,2,199,7547.873,7548.146,0.273
277,decode,1,1,199,7556.0,7556.701,0.701
278,decode,1,1,200,7563.806,7564.201,0.396
279,decode,1,1,201,7571.916,7572.308,0.393
280,decode,1,1,202,7580.105,7580.484,0.379
281,prefill,47,8192,277,7596.153,7608.084,11.931
282,decode,44,48,278,7609.539,7609.995,0.456
283,decode,36,40,279,7929.921,7930.54,0.62
284,decode,30,32,280,7932.864,7933.283,0.419
285,decode,20,24,281,7943.396,7943.757,0.361
286,decode,15,16,282,7952.526,7952.854,0.328
287,decode,13,16,283,7961.541,7961.857,0.316
288,decode,10,16,284,7970.714,7971.041,0.328
289,decode,8,8,285,7979.411,7979.707,0.296
290,decode,5,8,286,7988.346,7988.633,0.287
291,decode,4,4,287,7996.567,7996.84,0.273
292,decode,4,4,288,8004.727,8004.992,0.265
293,decode,2,2,289,8013.264,8013.532,0.268
294,decode,1,1,290,8021.269,8021.676,0.407
295,decode,1,1,291,8029.167,8029.537,0.37
296,decode,1,1,292,8037.3,8037.673,0.373
297,prefill,61,8192,277,8056.371,8068.391,12.02
298,decode,53,56,278,8070.055,8070.546,0.491
299,decode,49,56,279,8388.34,8389.021,0.681
300,decode,40,40,280,8392.572,8393.019,0.447
301,decode,37,40,281,8402.454,8402.871,0.417
302,decode,34,40,282,8412.531,8412.935,0.403
303,decode,24,24,283,8423.186,8423.539,0.353
304,decode,20,24,284,8432.319,8432.663,0.343
305,decode,17,24,285,8441.288,8441.633,0.344
306,decode,12,16,286,8450.6,8450.924,0.324
307,decode,9,16,252,8459.244,8459.577,0.333
308,decode,9,16,253,8467.452,8467.776,0.324
309,decode,7,8,254,8476.05,8476.345,0.295
310,decode,5,8,255,8484.529,8484.812,0.283
311,decode,5,8,256,8492.569,8492.856,0.287
312,decode,4,4,257,8500.876,8501.168,0.291
313,decode,3,4,258,8509.111,8509.378,0.267
314,decode,3,4,259,8517.28,8517.551,0.271
315,decode,2,2,256,8525.276,8525.542,0.265
316,decode,1,1,127,8533.372,8533.775,0.403
317,prefill,55,8192,269,8550.825,8563.221,12.396
318,decode,47,48,270,8564.765,8565.25,0.485
319,decode,38,40,252,8880.026,8880.482,0.457
320,decode,25,32,253,8885.278,8885.675,0.397
321,decode,22,24,254,8893.936,8894.308,0.373
322,decode,19,24,255,8903.545,8903.888,0.342
323,decode,12,16,256,8913.131,8913.458,0.328
324,decode,10,16,257,8921.822,8922.15,0.328
325,decode,8,8,258,8930.535,8930.834,0.299
326,decode,8,8,259,8938.97,8939.262,0.292
327,decode,7,8,260,8947.563,8947.848,0.285
328,decode,6,8,261,8955.888,8956.187,0.299
329,decode,5,8,259,8964.242,8964.526,0.284
330,decode,5,8,260,8972.424,8972.715,0.291
331,decode,4,4,261,8980.673,8980.958,0.285
332,decode,4,4,262,8988.766,8989.053,0.287
333,decode,2,2,263,8997.109,8997.391,0.282
334,decode,2,2,264,9004.931,9005.204,0.274
335,decode,2,2,265,9012.878,9013.155,0.277
336,decode,2,2,266,9020.851,9021.129,0.278
337,decode,1,1,128,9028.927,9029.342,0.415
338,decode,1,1,129,9036.781,9037.168,0.388
339,prefill,62,8192,286,9055.387,9067.306,11.92
340,decode,61,64,287,9069.183,9069.807,0.623
341,decode,56,56,288,9389.015,9389.579,0.564
342,decode,47,48,289,9393.147,9393.62,0.473
343,decode,40,40,290,9403.507,9403.943,0.436
344,decode,35,40,291,9413.95,9414.386,0.437
345,decode,25,32,292,9424.267,9424.656,0.389
346,decode,20,24,293,9433.623,9433.974,0.351
347,decode,19,24,294,9442.407,9442.756,0.349
348,decode,17,24,295,9451.667,9452.023,0.356
349,decode,13,16,296,9460.986,9461.328,0.343
350,decode,11,16,297,9469.774,9470.104,0.33
351,decode,11,16,298,9478.288,9478.601,0.313
352,decode,9,16,299,9487.162,9487.476,0.314
353,decode,8,8,289,9495.602,9495.893,0.291
354,decode,5,8,287,9504.311,9504.594,0.284
355,decode,3,4,182,9512.478,9512.752,0.274
356,decode,3,4,183,9520.413,9520.679,0.266
357,decode,2,2,171,9528.597,9528.864,0.267
358,decode,2,2,172,9536.553,9536.815,0.262
359,decode,1,1,173,9544.61,9545.029,0.419
360,decode,1,1,174,9552.605,9552.985,0.38
361,decode,1,1,175,9560.55,9560.919,0.37
362,prefill,56,8192,283,9578.038,9589.977,11.94
363,decode,52,56,284,9591.639,9592.133,0.494
364,decode,47,48,285,9911.931,9912.519,0.588
365,decode,43,48,286,9915.111,9915.591,0.48
366,decode,36,40,287,9925.932,9926.368,0.436
367,decode,30,32,288,9936.271,9936.66,0.389
368,decode,22,24,288,9946.39,9946.75,0.36
369,decode,17,24,289,9955.569,9955.919,0.351
370,decode,14,16,290,9964.455,9964.786,0.331
371,decode,12,16,289,9973.411,9973.735,0.323
372,decode,10,16,290,9982.136,9982.457,0.321
373,decode,6,8,291,9990.958,9991.293,0.335
374,decode,6,8,292,9999.153,9999.441,0.288
375,decode,6,8,293,10007.397,10007.689,0.293
376,decode,6,8,294,10015.696,10015.985,0.289
377,decode,3,4,295,10024.27,10024.559,0.289
378,decode,3,4,296,10032.235,10032.506,0.271
379,decode,3,4,297,10040.364,10040.636,0.271
380,decode,3,4,298,10048.643,10048.913,0.27
381,decode,3,4,299,10056.629,10056.894,0.265
382,decode,3,4,300,10064.765,10065.052,0.287
383,decode,3,4,301,10072.902,10073.191,0.289
384,decode,2,2,302,10081.091,10081.377,0.286
385,decode,2,2,303,10089.146,10089.414,0.267
386,decode,2,2,304,10097.132,10097.4,0.268
387,decode,2,2,305,10105.131,10105.408,0.277
388,decode,2,2,306,10113.09,10113.353,0.262
389,decode,2,2,307,10121.017,10121.285,0.268
390,decode,2,2,308,10128.957,10129.25,0.293
391,decode,1,1,309,10137.063,10137.488,0.425
392,decode,1,1,310,10144.844,10145.233,0.389
393,decode,1,1,311,10152.915,10153.304,0.389
394,decode,1,1,312,10161.031,10161.406,0.375
395,decode,1,1,313,10169.1,10169.479,0.379
396,decode,1,1,314,10177.199,10177.568,0.368
397,decode,1,1,315,10185.297,10185.668,0.372
398,prefill,46,8192,245,10200.796,10213.038,12.243
399,decode,44,48,246,10214.539,10214.987,0.448
400,decode,39,40,247,10533.719,10534.252,0.532
401,decode,30,32,248,10539.135,10539.533,0.398
402,decode,26,32,249,10548.646,10549.037,0.391
403,decode,22,24,250,10558.488,10558.842,0.354
404,decode,17,24,251,10568.055,10568.401,0.345
405,decode,16,16,252,10576.86,10577.201,0.341
406,decode,13,16,253,10586.254,10586.573,0.319
407,decode,10,16,248,10595.04,10595.36,0.32
408,decode,8,8,249,10603.639,10603.935,0.296
409,decode,4,4,250,10612.359,10612.64,0.281
410,decode,3,4,251,10620.341,10620.61,0.269
411,decode,3,4,252,10628.364,10628.635,0.271
412,decode,2,2,182,10636.55,10636.823,0.273
413,decode,2,2,183,10644.597,10644.859,0.262
414,decode,2,2,184,10652.558,10652.817,0.259
415,decode,2,2,185,10660.533,10660.795,0.262
416,decode,2,2,186,10668.504,10668.762,0.259
417,prefill,52,8192,277,10685.644,10697.676,12.032
418,decode,51,56,278,10699.347,10699.841,0.493
419,decode,49,56,279,11020.492,11021.323,0.831
420,decode,45,48,280,11024.046,11024.542,0.496
421,decode,34,40,281,11035.296,11035.74,0.444
422,decode,27,32,277,11045.442,11045.856,0.414
423,decode,24,24,278,11055.029,11055.417,0.388
424,decode,19,24,279,11065.196,11065.565,0.369
425,decode,17,24,280,11073.556,11073.921,0.365
426,decode,15,16,281,11082.379,11082.727,0.348
427,decode,13,16,258,11091.448,11091.77,0.321
428,decode,11,16,259,11100.074,11100.395,0.322
429,decode,10,16,260,11108.578,11108.915,0.337
430,decode,10,16,261,11117.116,11117.442,0.326
431,decode,8,8,262,11125.756,11126.074,0.318
432,decode,7,8,263,11134.185,11134.482,0.297
433,decode,6,8,264,11142.566,11142.871,0.305
434,decode,5,8,261,11150.794,11151.122,0.328
435,decode,5,8,262,11158.946,11159.274,0.328
436,decode,4,4,263,11167.265,11167.562,0.296
437,decode,2,2,264,11175.523,11175.803,0.281
438,decode,1,1,230,11183.571,11184.041,0.47
439,decode,1,1,231,11191.392,11191.798,0.406
440,prefill,45,8192,273,11208.015,11220.156,12.14
441,decode,42,48,274,11221.664,11222.145,0.482
442,decode,30,32,275,11539.02,11539.459,0.439
443,decode,22,24,276,11544.891,11545.271,0.38
444,decode,17,24,277,11554.685,11555.047,0.362
445,decode,15,16,278,11564.047,11564.373,0.326
446,decode,13,16,279,11573.519,11573.837,0.317
447,decode,8,8,280,11582.688,11582.977,0.29
448,decode,6,8,281,11591.449,11591.736,0.286
449,decode,5,8,282,11599.767,11600.065,0.298
450,decode,2,2,271,11608.313,11608.579,0.266
451,decode,2,2,272,11616.305,11616.563,0.258
452,decode,1,1,273,11624.451,11624.832,0.38
453,decode,1,1,274,11632.364,11632.736,0.371
454,decode,1,1,275,11640.498,11640.867,0.37
455,decode,1,1,276,11648.614,11648.985,0.371
456,decode,1,1,277,11656.77,11657.153,0.383
457,decode,1,1,278,11664.913,11665.299,0.386
458,decode,1,1,279,11672.98,11673.365,0.385
459,decode,1,1,280,11681.121,11681.49,0.369
460,decode,1,1,281,11689.331,11689.702,0.371
461,decode,1,1,282,11697.376,11697.745,0.369
462,decode,1,1,283,11705.46,11705.829,0.369
463,decode,1,1,284,11713.558,11713.927,0.369
464,prefill,55,8192,266,11731.644,11743.442,11.799
465,decode,53,56,267,11744.99,11745.498,0.508
466,decode,44,48,268,12065.445,12065.938,0.493
467,decode,42,48,269,12069.805,12070.278,0.473
468,decode,35,40,270,12080.982,12081.434,0.452
469,decode,27,32,271,12091.587,12091.97,0.383
470,decode,25,32,272,12100.901,12101.289,0.388
471,decode,22,24,273,12110.418,12110.768,0.35
472,decode,19,24,274,12119.763,12120.122,0.359
473,decode,14,16,275,12128.952,12129.289,0.337
474,decode,11,16,276,12137.888,12138.238,0.35
475,decode,7,8,271,12146.511,12146.806,0.295
476,decode,4,4,269,12154.98,12155.282,0.302
477,decode,3,4,216,12162.985,12163.27,0.285
478,decode,2,2,217,12171.085,12171.355,0.27
479,decode,1,1,97,12179.223,12179.631,0.408
480,decode,1,1,98,12187.171,12187.537,0.365
481,decode,1,1,99,12195.058,12195.451,0.393
482,decode,1,1,100,12203.105,12203.473,0.368
483,prefill,50,8192,268,12219.775,12231.648,11.873
484,decode,45,48,269,12233.157,12233.616,0.459
485,decode,43,48,270,12553.242,12553.831,0.589
486,decode,35,40,271,12557.24,12557.677,0.437
487,decode,32,32,272,12567.907,12568.386,0.479
488,decode,25,32,273,12578.098,12578.479,0.382
489,decode,24,24,274,12587.278,12587.635,0.357
490,decode,22,24,275,12596.731,12597.09,0.359
491,decode,20,24,276,12606.098,12606.45,0.351
492,decode,13,16,277,12615.867,12616.208,0.341
493,decode,9,16,275,12624.582,12624.897,0.315
494,decode,6,8,276,12633.02,12633.322,0.302
495,decode,4,4,277,12641.355,12641.636,0.281
496,decode,3,4,278,12649.497,12649.766,0.269
497,decode,2,2,279,12657.625,12657.894,0.269
498,decode,2,2,280,12665.601,12665.861,0.259
499,decode,1,1,281,12673.73,12674.159,0.429
500,decode,1,1,282,12681.814,12682.2,0.386
501,decode,1,1,283,12689.671,12690.061,0.39
502,prefill,45,8192,266,12705.233,12717.497,12.264
503,decode,44,48,267,12718.987,12719.452,0.465
504,decode,41,48,268,13036.885,13037.394,0.509
505,decode,37,40,269,13041.778,13042.221,0.442
506,decode,25,32,270,13053.471,13053.856,0.384
507,decode,22,24,271,13062.614,13062.96,0.346
508,decode,20,24,271,13072.051,13072.397,0.345
509,decode,19,24,272,13081.635,13081.977,0.342
510,decode,17,24,273,13091.072,13091.419,0.347
511,decode,13,16,274,13100.402,13100.718,0.317
512,decode,11,16,275,13109.228,13109.544,0.316
513,decode,10,16,276,13117.745,13118.072,0.327
514,decode,8,8,277,13126.446,13126.733,0.286
515,decode,7,8,278,13134.917,13135.213,0.296
516,decode,4,4,279,13143.45,13143.724,0.273
517,decode,3,4,280,13151.501,13151.769,0.268
518,decode,3,4,281,13159.487,13159.76,0.273
519,decode,3,4,282,13167.585,13167.851,0.267
520,decode,3,4,283,13175.79,13176.076,0.286
521,decode,2,2,284,13183.892,13184.18,0.288
522,decode,1,1,218,13191.957,13192.364,0.407
523,decode,1,1,219,13199.833,13200.213,0.38
524,decode,1,1,220,13207.966,13208.361,0.396
525,prefill,52,8192,270,13225.356,13237.263,11.907
526,decode,49,56,271,13238.881,13239.391,0.51
527,decode,41,48,272,13558.228,13558.724,0.496
528,decode,35,40,273,13562.937,13563.379,0.441
529,decode,30,32,274,13573.688,13574.116,0.429
530,decode,23,24,275,13584.412,13584.773,0.361
531,decode,21,24,276,13593.596,13593.943,0.347
532,decode,19,24,277,13602.972,13603.336,0.365
533,decode,16,16,278,13612.372,13612.698,0.326
534,decode,12,16,279,13621.684,13622.016,0.332
535,decode,11,16,280,13630.129,13630.451,0.322
536,decode,5,8,276,13639.389,13639.679,0.29
537,decode,2,2,277,13647.63,13647.892,0.262
538,decode,1,1,278,13655.565,13655.944,0.379
539,decode,1,1,279,13663.391,13663.766,0.375
540,decode,1,1,280,13671.635,13672.016,0.381
541,decode,1,1,281,13679.661,13680.048,0.387
542,decode,1,1,282,13687.79,13688.179,0.388
543,decode,1,1,283,13695.902,13696.298,0.396
544,decode,1,1,284,13704.066,13704.437,0.37
545,prefill,58,8192,269,13722.173,13734.058,11.885
546,decode,55,56,270,13735.71,13736.213,0.503
547,decode,48,48,271,14056.34,14056.821,0.482
548,decode,38,40,272,14061.393,14061.808,0.415
549,decode,34,40,273,14071.367,14071.788,0.422
550,decode,26,32,274,14081.989,14082.395,0.405
551,decode,20,24,275,14091.885,14092.251,0.366
552,decode,16,16,268,14100.846,14101.179,0.334
553,decode,11,16,266,14110.265,14110.581,0.316
554,decode,7,8,264,14118.788,14119.088,0.3
555,decode,7,8,265,14126.922,14127.217,0.295
556,decode,5,8,266,14135.583,14135.871,0.288
557,decode,1,1,267,14144.041,14144.429,0.389
558,prefill,58,8192,270,14161.879,14173.786,11.907
559,decode,57,64,271,14175.58,14176.122,0.542
560,decode,49,56,272,14496.416,14497.083,0.667
561,decode,32,32,273,14502.939,14503.355,0.416
562,decode,28,32,274,14510.176,14510.549,0.373
563,decode,24,24,275,14519.67,14520.043,0.373
564,decode,20,24,276,14529.148,14529.494,0.346
565,decode,16,16,277,14538.331,14538.666,0.335
566,decode,13,16,278,14547.312,14547.625,0.313
567,decode,12,16,279,14555.791,14556.119,0.328
568,decode,9,16,280,14564.798,14565.135,0.337
569,decode,8,8,281,14573.076,14573.388,0.312
570,decode,8,8,282,14581.467,14581.753,0.286
571,decode,8,8,283,14589.754,14590.051,0.297
572,decode,8,8,284,14598.042,14598.336,0.294
573,decode,7,8,285,14606.432,14606.721,0.29
574,decode,7,8,286,14614.533,14614.816,0.283
575,decode,6,8,287,14622.838,14623.137,0.298
576,decode,6,8,288,14630.989,14631.286,0.296
577,decode,6,8,289,14639.201,14639.484,0.282
578,decode,6,8,290,14647.42,14647.704,0.284
579,decode,6,8,291,14655.633,14655.918,0.285
580,decode,5,8,292,14664.061,14664.352,0.291
581,decode,5,8,293,14672.043,14672.325,0.282
582,decode,4,4,294,14680.351,14680.631,0.28
583,decode,4,4,295,14688.424,14688.692,0.267
584,decode,2,2,252,14696.729,14697.017,0.287
585,decode,1,1,245,14704.764,14705.193,0.43
586,decode,1,1,246,14712.511,14712.886,0.375
587,decode,1,1,247,14720.556,14720.928,0.372
588,decode,1,1,248,14728.708,14729.102,0.394
589,decode,1,1,249,14736.758,14737.147,0.389
590,prefill,54,8192,252,14754.432,14766.742,12.311
591,decode,53,56,253,14768.38,14768.866,0.486
592,decode,47,48,254,15089.892,15090.394,0.501
593,decode,35,40,255,15094.892,15095.352,0.46
594,decode,31,32,256,15104.69,15105.083,0.393
595,decode,27,32,257,15114.885,15115.278,0.393
596,decode,19,24,258,15125.025,15125.382,0.357
597,decode,13,16,258,15134.136,15134.455,0.318
598,decode,10,16,244,15142.882,15143.218,0.336
599,decode,10,16,245,15151.284,15151.596,0.312
600,decode,7,8,246,15160.36,15160.656,0.296
601,decode,4,4,247,15168.73,15169.021,0.291
602,decode,1,1,224,15177.047,15177.447,0.4
603,decode,1,1,225,15184.819,15185.194,0.375
604,decode,1,1,226,15192.974,15193.357,0.383
605,prefill,61,8192,252,15211.6,15223.464,11.863
606,decode,57,64,253,15225.205,15225.73,0.525
607,decode,45,48,254,15547.178,15547.67,0.492
608,decode,43,48,255,15550.933,15551.4,0.466
609,decode,33,40,256,15562.248,15562.677,0.429
610,decode,28,32,257,15572.198,15572.579,0.38
611,decode,22,24,258,15582.118,15582.47,0.352
612,decode,17,24,259,15591.376,15591.721,0.345
613,decode,13,16,255,15600.349,15600.668,0.319
614,decode,7,8,254,15609.632,15609.917,0.286
615,decode,3,4,255,15618.167,15618.442,0.275
616,decode,1,1,209,15626.257,15626.634,0.377
617,decode,1,1,210,15634.18,15634.549,0.369
618,decode,1,1,211,15642.338,15642.707,0.369
619,decode,1,1,212,15650.494,15650.864,0.37
620,prefill,54,8192,257,15667.841,15679.599,11.758
621,decode,53,56,258,15681.264,15681.755,0.491
622,decode,50,56,259,15999.369,16000.29,0.921
623,decode,41,48,260,16003.461,16004.053,0.593
624,decode,30,32,261,16014.227,16014.714,0.488
625,decode,27,32,262,16023.928,16024.334,0.406
626,decode,23,24,263,16033.599,16034.058,0.459
627,decode,20,24,264,16043.166,16043.525,0.359
628,decode,17,24,265,16052.434,16052.798,0.364
629,decode,13,16,266,16061.65,16062.087,0.437
630,decode,9,16,267,16070.645,16070.979,0.334
631,decode,7,8,268,16079.126,16079.518,0.392
632,decode,6,8,269,16087.527,16087.819,0.292
633,decode,2,2,203,16096.196,16096.572,0.376
634,decode,1,1,200,16104.09,16104.747,0.657
635,prefill,57,8192,255,16122.824,16134.857,12.034
636,decode,53,56,256,16136.532,16137.028,0.495
637,decode,50,56,257,16455.839,16456.389,0.551
638,decode,40,40,258,16460.442,16460.971,0.529
639,decode,26,32,259,16471.828,16472.232,0.404
640,decode,17,24,260,16481.449,16481.812,0.363
641,decode,12,16,261,16490.251,16490.581,0.33
642,decode,8,8,249,16499.271,16499.57,0.299
643,decode,5,8,250,16508.055,16508.35,0.295
644,decode,3,4,251,16516.513,16516.904,0.391
645,decode,2,2,206,16524.941,16525.233,0.292
646,decode,1,1,207,16533.209,16533.621,0.412
647,prefill,57,8192,268,16551.069,16562.965,11.896
648,decode,53,56,269,16564.635,16565.144,0.509
649,decode,41,48,269,16887.475,16888.033,0.558
650,decode,31,32,270,16891.372,16891.772,0.4
651,decode,25,32,271,16901.778,16902.26,0.482
652,decode,19,24,257,16911.542,16911.983,0.441
653,decode,11,16,256,16920.6,16920.935,0.335
654,decode,10,16,257,16935.65,16935.991,0.34
655,decode,8,8,258,16937.727,16938.038,0.31
656,decode,7,8,259,16946.32,16946.614,0.295
657,decode,4,4,253,16954.975,16955.271,0.296
658,decode,2,2,244,16963.208,16963.487,0.279
659,decode,2,2,245,16971.133,16971.399,0.266
660,decode,1,1,246,16979.382,16979.809,0.427
661,decode,1,1,247,16987.163,16987.539,0.377
662,decode,1,1,248,16995.291,16995.666,0.375
663,decode,1,1,249,17003.442,17003.819,0.377
664,prefill,59,8192,257,17023.33,17036.997,13.667
665,decode,56,56,258,17038.824,17039.372,0.548
666,decode,50,56,259,17358.319,17358.899,0.58
667,decode,37,40,260,17362.344,17362.776,0.432
668,decode,29,32,261,17372.164,17372.55,0.385
669,decode,25,32,262,17381.691,17382.073,0.383
670,decode,23,24,261,17390.933,17391.316,0.382
671,decode,17,24,262,17400.964,17401.321,0.356
672,decode,12,16,263,17409.912,17410.253,0.341
673,decode,11,16,264,17418.496,17418.812,0.316
674,decode,5,8,241,17427.693,17427.992,0.299
675,decode,2,2,242,17435.997,17436.287,0.289
676,decode,1,1,191,17444.023,17444.436,0.413
677,prefill,49,8192,274,17460.576,17472.523,11.947
678,decode,44,48,275,17474.026,17474.484,0.458
679,decode,37,40,276,17793.664,17794.121,0.457
680,decode,28,32,277,17799.115,17799.506,0.392
681,decode,22,24,278,17808.862,17809.223,0.361
682,decode,16,16,279,17818.438,17818.759,0.322
683,decode,12,16,261,17827.687,17828.0,0.313
684,decode,9,16,262,17836.848,17837.178,0.33
685,decode,6,8,260,17845.733,17846.032,0.299
686,decode,6,8,261,17854.221,17854.504,0.283
687,decode,4,4,262,17862.734,17863.025,0.291
688,decode,2,2,263,17871.136,17871.404,0.268
689,decode,1,1,212,17879.202,17879.585,0.382
690,prefill,50,8192,263,17895.712,17907.429,11.717
691,decode,46,48,261,17908.936,17909.399,0.464
692,decode,37,40,262,18227.738,18228.211,0.473
693,decode,31,32,263,18232.385,18232.775,0.39
694,decode,28,32,264,18242.398,18242.776,0.378
695,decode,22,24,265,18252.708,18253.078,0.369
696,decode,19,24,266,18262.052,18262.4,0.348
697,decode,14,16,267,18271.476,18271.796,0.321
698,decode,13,16,268,18280.261,18280.578,0.317
699,decode,7,8,269,18289.536,18289.825,0.289
700,decode,6,8,262,18297.861,18298.164,0.303
701,decode,3,4,262,18306.374,18306.658,0.284
702,decode,3,4,263,18314.317,18314.592,0.275
703,decode,2,2,264,18322.565,18322.841,0.275
704,decode,2,2,265,18330.635,18330.893,0.258
705,decode,2,2,266,18338.695,18338.96,0.265
706,decode,2,2,267,18346.705,18346.968,0.263
707,decode,1,1,254,18354.82,18355.234,0.413
708,decode,1,1,255,18362.693,18363.082,0.389
709,decode,1,1,256,18370.787,18371.171,0.384
710,prefill,42,8192,263,18386.132,18398.152,12.02
711,decode,40,40,264,18399.571,18399.979,0.408
712,decode,34,40,265,18719.256,18719.691,0.435
713,decode,29,32,266,18724.64,18725.039,0.399
714,decode,23,24,267,18734.936,18735.313,0.377
715,decode,16,16,268,18745.055,18745.374,0.318
716,decode,14,16,269,18754.188,18754.502,0.314
717,decode,14,16,270,18763.1,18763.415,0.314
718,decode,10,16,271,18772.508,18772.82,0.312
719,decode,9,16,272,18781.139,18781.457,0.318
720,decode,7,8,273,18790.036,18790.331,0.296
721,decode,7,8,274,18798.481,18798.767,0.286
722,decode,6,8,275,18807.123,18807.407,0.284
723,decode,5,8,276,18815.478,18815.766,0.288
724,decode,5,8,277,18823.707,18823.995,0.288
725,decode,5,8,278,18831.971,18832.268,0.297
726,decode,4,4,279,18840.368,18840.642,0.274
727,decode,4,4,280,18848.538,18848.806,0.268
728,decode,3,4,271,18856.759,18857.039,0.279
729,decode,2,2,272,18864.898,18865.174,0.276
730,decode,1,1,258,18873.012,18873.399,0.387
731,decode,1,1,259,18880.841,18881.227,0.386
732,decode,1,1,260,18888.923,18889.306,0.383
733,decode,1,1,261,18897.042,18897.421,0.378
734,decode,1,1,262,18905.149,18905.523,0.374
735,decode,1,1,263,18913.285,18913.659,0.374
736,decode,1,1,264,18921.431,18921.808,0.377
737,decode,1,1,265,18929.477,18929.852,0.375
738,decode,1,1,266,18937.586,18937.958,0.372
739,prefill,57,8192,270,18955.424,18967.243,11.819
740,decode,54,56,271,18969.029,18969.523,0.494
741,decode,46,48,272,19290.577,19291.117,0.541
742,decode,33,40,273,19295.533,19295.962,0.429
743,decode,26,32,274,19305.344,19305.731,0.387
744,decode,20,24,275,19315.15,19315.504,0.354
745,decode,15,16,254,19324.37,19324.695,0.325
746,decode,11,16,255,19333.455,19333.773,0.318
747,decode,10,16,256,19342.033,19342.351,0.317
748,decode,8,8,257,19350.823,19351.132,0.31
749,decode,5,8,258,19359.612,19359.897,0.285
750,decode,5,8,259,19367.672,19367.956,0.284
751,decode,5,8,260,19375.913,19376.209,0.296
752,decode,4,4,261,19384.29,19384.565,0.275
753,decode,4,4,262,19392.404,19392.67,0.267
754,decode,3,4,263,19400.671,19400.937,0.266
755,decode,1,1,264,19408.958,19409.386,0.428
756,decode,1,1,265,19416.79,19417.177,0.388
757,decode,1,1,266,19424.888,19425.277,0.388
758,decode,1,1,267,19432.979,19433.367,0.389
759,prefill,48,8192,263,19449.76,19461.66,11.9
760,decode,43,48,260,19463.345,19463.803,0.458
761,decode,35,40,258,19785.414,19785.869,0.454
762,decode,27,32,257,19790.421,19790.818,0.398
763,decode,26,32,258,19799.68,19800.084,0.405
764,decode,25,32,259,19809.268,19809.64,0.372
765,decode,20,24,260,19819.288,19819.638,0.35
766,decode,19,24,261,19828.208,19828.552,0.344
767,decode,13,16,262,19837.993,19838.328,0.335
768,decode,10,16,263,19846.605,19846.919,0.314
769,decode,8,8,264,19855.151,19855.442,0.291
770,decode,6,8,265,19863.888,19864.189,0.3
771,decode,6,8,266,19872.094,19872.378,0.285
772,decode,4,4,267,19880.614,19880.895,0.281
773,decode,4,4,268,19888.745,19889.028,0.283
774,decode,4,4,269,19896.906,19897.191,0.285
775,decode,4,4,270,19905.056,19905.326,0.269
776,decode,4,4,271,19913.233,19913.507,0.274
777,decode,3,4,272,19921.558,19921.825,0.267
778,decode,2,2,273,19929.701,19929.971,0.27
779,decode,1,1,271,19937.807,19938.211,0.403
780,decode,1,1,272,19945.745,19946.129,0.384
781,decode,1,1,273,19953.755,19954.139,0.385
782,decode,1,1,274,19961.891,19962.278,0.387
783,decode,1,1,275,19969.964,19970.346,0.381
784,decode,1,1,276,19978.09,19978.463,0.373
785,decode,1,1,277,19986.17,19986.55,0.38
786,decode,1,1,278,19994.261,19994.629,0.368
787,prefill,40,8192,280,20009.734,20021.543,11.809
788,decode,38,40,281,20022.912,20023.342,0.43
789,decode,35,40,282,20344.947,20345.46,0.513
790,decode,29,32,282,20350.203,20350.605,0.402
791,decode,25,32,283,20360.723,20361.122,0.4
792,decode,19,24,284,20371.27,20371.633,0.364
793,decode,12,16,285,20380.857,20381.195,0.338
794,decode,10,16,286,20389.69,20390.017,0.327
795,decode,8,8,281,20398.512,20398.805,0.293
796,decode,6,8,281,20407.473,20407.766,0.293
797,decode,4,4,282,20415.826,20416.125,0.299
798,decode,3,4,283,20424.102,20424.376,0.274
799,decode,3,4,284,20432.159,20432.433,0.274
800,decode,3,4,285,20440.465,20440.732,0.268
801,decode,1,1,285,20448.718,20449.142,0.424
802,decode,1,1,286,20456.661,20457.045,0.383
803,decode,1,1,287,20464.764,20465.152,0.388
804,decode,1,1,288,20472.896,20473.29,0.394
805,decode,1,1,289,20481.025,20481.4,0.376
806,decode,1,1,290,20489.158,20489.534,0.376
807,prefill,57,8192,304,20506.851,20518.859,12.007
808,decode,55,56,305,20520.536,20521.04,0.504
809,decode,53,56,306,20843.091,20843.605,0.515
810,decode,46,48,307,20847.413,20847.889,0.476
811,decode,38,40,308,20858.126,20858.535,0.409
812,decode,31,32,309,20868.394,20868.771,0.377
813,decode,23,24,310,20878.628,20878.979,0.351
814,decode,18,24,311,20887.81,20888.172,0.362
815,decode,11,16,312,20897.056,20897.374,0.317
816,decode,9,16,295,20905.514,20905.827,0.313
817,decode,8,8,296,20913.952,20914.251,0.3
818,decode,5,8,291,20923.25,20923.532,0.282
819,decode,5,8,292,20931.25,20931.533,0.282
820,decode,4,4,293,20939.684,20939.958,0.274
821,decode,4,4,294,20947.736,20948.015,0.279
822,decode,2,2,295,20956.119,20956.397,0.278
823,decode,2,2,296,20964.048,20964.315,0.267
824,decode,2,2,297,20972.026,20972.283,0.257
825,decode,1,1,298,20980.099,20980.482,0.383
826,decode,1,1,299,20987.965,20988.343,0.378
827,prefill,36,8192,261,21002.105,21013.837,11.732
828,decode,32,32,262,21015.202,21015.582,0.38
829,decode,25,32,263,21340.366,21340.906,0.54
830,decode,20,24,264,21342.912,21343.301,0.389
831,decode,16,16,265,21352.67,21353.019,0.349
832,decode,12,16,266,21362.259,21362.592,0.333
833,decode,8,8,267,21371.666,21371.975,0.309
834,decode,7,8,268,21380.464,21380.762,0.298
835,decode,5,8,269,21389.291,21389.58,0.289
836,decode,3,4,270,21397.78,21398.08,0.301
837,decode,3,4,271,21405.94,21406.223,0.282
838,decode,2,2,272,21414.334,21414.611,0.277
839,decode,1,1,273,21422.539,21422.958,0.419
840,decode,1,1,274,21430.559,21430.936,0.377
841,decode,1,1,275,21438.596,21438.973,0.377
842,decode,1,1,276,21446.721,21447.124,0.403
843,decode,1,1,277,21454.874,21455.268,0.394
844,decode,1,1,278,21463.034,21463.412,0.377
845,decode,1,1,279,21471.149,21471.523,0.374
846,decode,1,1,280,21479.292,21479.67,0.378
847,decode,1,1,281,21487.38,21487.756,0.375
848,decode,1,1,282,21495.487,21495.863,0.376
849,decode,1,1,283,21503.574,21503.954,0.38
850,decode,1,1,284,21511.694,21512.089,0.395
851,decode,1,1,285,21519.838,21520.232,0.393
852,prefill,59,8192,258,21538.446,21550.546,12.1
853,decode,55,56,259,21552.22,21552.707,0.487
854,decode,41,48,260,22073.873,22074.465,0.593
855,decode,34,40,261,22077.23,22077.654,0.424
856,decode,25,32,262,22086.676,22087.084,0.407
857,decode,19,24,263,22095.512,22095.889,0.377
858,decode,12,16,264,22104.402,22104.733,0.331
859,decode,10,16,265,22112.659,22112.981,0.322
860,decode,6,8,257,22121.461,22121.762,0.301
861,decode,5,8,258,22129.354,22129.637,0.284
862,decode,2,2,258,22137.773,22138.057,0.284
863,decode,2,2,259,22145.587,22145.855,0.268
864,decode,1,1,119,22153.641,22154.089,0.448
865,decode,1,1,120,22161.42,22161.797,0.376
866,decode,1,1,121,22169.421,22169.805,0.384
867,decode,1,1,122,22177.44,22177.819,0.38
868,prefill,59,8192,251,22195.571,22207.747,12.177
869,decode,58,64,252,22209.54,22210.17,0.63
870,decode,54,56,253,22530.547,22531.075,0.528
871,decode,45,48,254,22535.318,22535.775,0.457
872,decode,38,40,255,22545.84,22546.283,0.443
873,decode,31,32,256,22556.145,22556.534,0.39
874,decode,26,32,254,22565.9,22566.294,0.394
875,decode,23,24,255,22575.11,22575.464,0.354
876,decode,19,24,256,22584.5,22584.843,0.342
877,decode,14,16,250,22593.648,22593.967,0.319
878,decode,9,16,241,22602.668,22602.994,0.327
879,decode,7,8,240,22610.911,22611.213,0.302
880,decode,4,4,241,22619.619,22619.902,0.284
881,decode,3,4,242,22627.628,22627.895,0.267
882,decode,2,2,216,22635.741,22636.023,0.282
883,decode,2,2,217,22643.793,22644.068,0.275
884,decode,1,1,218,22651.929,22652.337,0.408
885,decode,1,1,219,22659.802,22660.187,0.384
886,prefill,54,8192,267,22677.419,22689.205,11.786
887,decode,51,56,268,22690.857,22691.382,0.525
888,decode,42,48,269,23015.721,23016.33,0.609
889,decode,29,32,270,23019.699,23020.11,0.41
890,decode,22,24,269,23029.785,23030.175,0.39
891,decode,16,16,270,23039.717,23040.058,0.341
892,decode,11,16,269,23049.299,23049.615,0.317
893,decode,8,8,269,23058.142,23058.436,0.293
894,decode,7,8,270,23066.906,23067.205,0.298
895,decode,6,8,271,23075.546,23075.829,0.284
896,decode,6,8,272,23083.898,23084.194,0.297
897,decode,5,8,273,23092.475,23092.761,0.285
898,decode,3,4,274,23100.91,23101.2,0.289
899,decode,2,2,273,23109.121,23109.388,0.267
900,decode,1,1,274,23117.372,23117.784,0.412
901,prefill,53,8192,268,23134.487,23146.787,12.3
902,decode,51,56,269,23148.445,23148.946,0.501
903,decode,49,56,270,23463.708,23464.237,0.529
904,decode,41,48,271,23468.147,23468.598,0.451
905,decode,33,40,272,23478.978,23479.42,0.443
906,decode,30,32,273,23488.841,23489.236,0.394
907,decode,28,32,274,23498.585,23498.96,0.374
908,decode,22,24,275,23508.855,23509.222,0.367
909,decode,17,24,267,23518.233,23518.578,0.345
910,decode,13,16,268,23527.171,23527.492,0.321
911,decode,12,16,269,23535.77,23536.095,0.325
912,decode,10,16,241,23544.623,23544.939,0.316
913,decode,10,16,242,23553.07,23553.383,0.313
914,decode,8,8,243,23561.776,23562.079,0.303
915,decode,6,8,244,23570.37,23570.655,0.284
916,decode,6,8,245,23578.429,23578.714,0.285
917,decode,6,8,246,23586.717,23587.0,0.283
918,decode,3,4,240,23595.32,23595.597,0.277
919,decode,2,2,241,23603.328,23603.597,0.27
920,decode,2,2,242,23611.436,23611.702,0.266
921,prefill,59,8192,267,23629.563,23641.467,11.904
922,decode,57,64,268,23643.263,23643.776,0.513
923,decode,47,48,269,23962.405,23962.866,0.461
924,decode,39,40,270,23967.086,23967.497,0.411
925,decode,28,32,271,23978.015,23978.395,0.381
926,decode,24,24,272,23987.517,23987.863,0.346
927,decode,18,24,273,23997.502,23997.851,0.349
928,decode,16,16,274,24006.394,24006.713,0.319
929,decode,15,16,275,24015.751,24016.085,0.335
930,decode,13,16,276,24024.918,24025.246,0.327
931,decode,12,16,277,24033.7,24034.035,0.335
932,decode,11,16,278,24042.521,24042.835,0.314
933,decode,5,8,226,24051.715,24052.03,0.315
934,decode,3,4,202,24059.934,24060.22,0.286
935,decode,3,4,203,24067.907,24068.188,0.281
936,decode,2,2,204,24076.159,24076.424,0.265
937,decode,1,1,180,24084.367,24084.779,0.412
938,decode,1,1,181,24092.222,24092.59,0.368
939,decode,1,1,182,24100.341,24100.709,0.368
940,decode,1,1,183,24108.594,24108.964,0.37
941,decode,1,1,184,24116.588,24116.956,0.368
942,decode,1,1,185,24124.702,24125.088,0.385
943,decode,1,1,186,24132.819,24133.199,0.381
944,decode,1,1,187,24140.916,24141.299,0.383
945,decode,1,1,188,24149.045,24149.421,0.376
946,decode,1,1,189,24157.2,24157.577,0.376
947,decode,1,1,190,24165.277,24165.651,0.374
948,decode,1,1,191,24173.373,24173.746,0.373
949,prefill,53,8192,265,24190.584,24202.479,11.895
950,decode,51,56,266,24204.124,24204.603,0.479
951,decode,45,48,267,24524.589,24525.063,0.475
952,decode,42,48,268,24529.256,24529.698,0.442
953,decode,36,40,269,24540.177,24540.593,0.416
954,decode,33,40,270,24550.382,24550.788,0.406
955,decode,29,32,271,24560.353,24560.745,0.393
956,decode,26,32,272,24570.08,24570.462,0.383
957,decode,20,24,273,24579.806,24580.176,0.37
958,decode,17,24,274,24588.603,24588.947,0.343
959,decode,16,16,275,24597.379,24597.703,0.324
960,decode,13,16,276,24606.701,24607.033,0.332
961,decode,9,16,271,24615.425,24615.739,0.313
962,decode,7,8,272,24623.744,24624.048,0.304
963,decode,4,4,254,24632.386,24632.663,0.277
964,decode,4,4,255,24640.314,24640.58,0.266
965,decode,2,2,256,24648.638,24648.902,0.264
966,decode,2,2,257,24656.582,24656.838,0.256
967,decode,1,1,258,24664.653,24665.063,0.41
968,decode,1,1,259,24672.491,24672.861,0.369
969,decode,1,1,260,24680.595,24680.963,0.368
970,decode,1,1,261,24688.709,24689.093,0.383
971,decode,1,1,262,24696.856,24697.243,0.387
972,prefill,61,8192,256,24716.363,24728.251,11.887
973,decode,50,56,257,24729.876,24730.372,0.495
974,decode,40,40,258,25052.982,25053.424,0.443
975,decode,32,32,259,25056.863,25057.256,0.394
976,decode,23,24,260,25067.05,25067.4,0.35
977,decode,18,24,261,25076.619,25076.964,0.345
978,decode,16,16,262,25085.433,25085.754,0.321
979,decode,13,16,263,25094.762,25095.09,0.328
980,decode,9,16,264,25103.925,25104.256,0.332
981,decode,5,8,265,25112.48,25112.77,0.29
982,decode,5,8,266,25120.645,25120.928,0.282
983,decode,4,4,267,25128.985,25129.266,0.281
984,decode,4,4,268,25137.204,25137.472,0.268
985,decode,2,2,256,25145.61,25145.875,0.265
986,decode,1,1,257,25153.628,25154.051,0.423
987,prefill,60,8192,251,25171.892,25183.831,11.939
988,decode,55,56,252,25185.491,25185.966,0.476
989,decode,49,56,253,25505.322,25505.813,0.491
990,decode,41,48,254,25509.418,25509.876,0.458
991,decode,38,40,255,25519.456,25519.87,0.413
992,decode,34,40,256,25530.135,25530.539,0.404
993,decode,27,32,257,25540.345,25540.724,0.379
994,decode,23,24,251,25549.685,25550.046,0.361
995,decode,21,24,250,25558.768,25559.125,0.357
996,decode,18,24,251,25567.962,25568.32,0.358
997,decode,15,16,252,25576.883,25577.221,0.337
998,decode,10,16,253,25586.12,25586.436,0.316
999,decode,8,8,254,25594.395,25594.687,0.292
1000,decode,7,8,255,25602.867,25603.167,0.299
1001,decode,6,8,256,25611.046,25611.329,0.283
1002,decode,4,4,257,25619.443,25619.718,0.275
1003,decode,2,2,208,25627.652,25627.919,0.267
1004,decode,2,2,209,25635.539,25635.795,0.256
1005,decode,2,2,210,25643.52,25643.777,0.257
1006,decode,1,1,191,25651.606,25652.015,0.409
1007,decode,1,1,192,25659.476,25659.845,0.369
1008,decode,1,1,193,25667.529,25667.898,0.369
1009,decode,1,1,194,25675.645,25676.024,0.379
1010,prefill,57,8192,269,25693.58,25705.378,11.798
1011,decode,53,56,270,25707.062,25707.534,0.472
1012,decode,51,56,271,26027.948,26028.443,0.495
1013,decode,44,48,272,26032.272,26032.724,0.452
1014,decode,39,40,273,26042.822,26043.245,0.423
1015,decode,33,40,274,26053.626,26054.045,0.418
1016,decode,31,32,275,26063.021,26063.413,0.392
1017,decode,26,32,276,26073.186,26073.56,0.374
1018,decode,19,24,273,26082.915,26083.275,0.36
1019,decode,16,16,260,26091.514,26091.829,0.315
1020,decode,13,16,261,26100.528,26100.856,0.328
1021,decode,12,16,262,26108.894,26109.22,0.326
1022,decode,9,16,263,26117.765,26118.091,0.327
1023,decode,7,8,264,26126.178,26126.473,0.295
1024,decode,6,8,265,26134.65,26134.934,0.284
1025,decode,2,2,170,26143.23,26143.494,0.264
1026,decode,2,2,171,26150.993,26151.265,0.272
1027,decode,1,1,172,26159.083,26159.487,0.405
1028,decode,1,1,173,26166.928,26167.314,0.386
1029,prefill,48,8192,268,26182.864,26194.876,12.012
1030,decode,46,48,269,26196.412,26196.859,0.447
1031,decode,39,40,270,26516.731,26517.312,0.58
1032,decode,34,40,271,26522.217,26522.626,0.409
1033,decode,26,32,218,26533.149,26533.533,0.385
1034,decode,20,24,219,26543.082,26543.435,0.353
1035,decode,17,24,220,26552.311,26552.656,0.345
1036,decode,15,16,221,26561.465,26561.785,0.32
1037,decode,12,16,222,26570.803,26571.129,0.327
1038,decode,11,16,223,26579.494,26579.805,0.311
1039,decode,10,16,224,26588.206,26588.517,0.311
1040,decode,9,16,225,26597.137,26597.451,0.315
1041,decode,6,8,226,26605.646,26605.943,0.298
1042,decode,5,8,227,26613.944,26614.242,0.298
1043,decode,3,4,197,26622.294,26622.575,0.281
1044,decode,2,2,198,26630.457,26630.724,0.267
1045,decode,1,1,199,26638.591,26638.979,0.388
1046,decode,1,1,200,26646.462,26646.84,0.379
1047,prefill,63,8192,235,26665.629,26677.483,11.854
1048,decode,59,64,236,26679.183,26679.696,0.513
1049,decode,50,56,237,27001.081,27001.626,0.545
1050,decode,45,48,238,27004.217,27004.665,0.448
1051,decode,35,40,239,27015.285,27015.696,0.41
1052,decode,31,32,240,27024.937,27025.334,0.397
1053,decode,21,24,236,27035.294,27035.644,0.349
1054,decode,17,24,237,27044.189,27044.532,0.343
1055,decode,13,16,229,27053.151,27053.475,0.324
1056,decode,8,8,230,27062.339,27062.635,0.296
1057,decode,7,8,216,27070.436,27070.718,0.282
1058,decode,6,8,217,27078.788,27079.085,0.296
1059,decode,5,8,187,27087.209,27087.491,0.282
1060,decode,3,4,188,27095.682,27095.958,0.276
1061,decode,3,4,189,27103.598,27103.865,0.267
1062,decode,3,4,190,27111.742,27112.021,0.278
1063,decode,1,1,130,27120.08,27120.48,0.4
1064,prefill,54,8192,250,27137.328,27149.286,11.957
1065,decode,48,48,251,27150.83,27151.294,0.464
1066,decode,34,40,238,27468.392,27468.85,0.458
1067,decode,27,32,235,27473.508,27473.891,0.383
1068,decode,22,24,236,27483.51,27483.865,0.355
1069,decode,18,24,237,27493.335,27493.681,0.346
1070,decode,17,24,238,27502.427,27502.772,0.345
1071,decode,9,16,233,27512.448,27512.773,0.324
1072,decode,8,8,234,27520.782,27521.086,0.304
1073,decode,7,8,235,27529.451,27529.734,0.283
1074,decode,5,8,220,27538.06,27538.343,0.283
1075,decode,2,2,201,27546.65,27546.917,0.267
1076,decode,2,2,202,27554.589,27554.849,0.26
1077,decode,1,1,197,27562.745,27563.163,0.418
1078,decode,1,1,198,27570.69,27571.07,0.38
1079,prefill,48,8192,294,27586.984,27598.906,11.922
1080,decode,46,48,295,27600.724,27601.183,0.459
1081,decode,39,40,296,27920.302,27920.742,0.44
1082,decode,35,40,253,27924.82,27925.243,0.423
1083,decode,30,32,254,27935.257,27935.638,0.381
1084,decode,24,24,255,27945.476,27945.829,0.353
1085,decode,22,24,256,27954.781,27955.14,0.358
1086,decode,22,24,257,27963.945,27964.304,0.36
1087,decode,16,16,258,27973.902,27974.245,0.342
1088,decode,14,16,258,27982.706,27983.031,0.326
1089,decode,13,16,259,27991.476,27991.79,0.314
1090,decode,12,16,260,28000.311,28000.625,0.314
1091,decode,10,16,261,28009.214,28009.526,0.312
1092,decode,8,8,261,28017.853,28018.163,0.31
1093,decode,7,8,256,28026.424,28026.709,0.285
1094,decode,5,8,257,28034.901,28035.198,0.297
1095,decode,5,8,258,28042.943,28043.239,0.297
1096,decode,4,4,259,28051.272,28051.56,0.288
1097,decode,2,2,260,28059.692,28059.955,0.263
1098,decode,2,2,261,28067.539,28067.798,0.259
1099,decode,2,2,262,28075.501,28075.789,0.288
1100,decode,1,1,256,28083.687,28084.106,0.419
1101,prefill,57,8192,259,28101.312,28113.472,12.16
1102,decode,56,56,260,28115.179,28115.658,0.478
1103,decode,55,56,261,28439.626,28440.267,0.641
1104,decode,46,48,262,28443.428,28443.955,0.527
1105,decode,41,48,263,28453.568,28454.023,0.455
1106,decode,34,40,264,28464.31,28464.726,0.416
1107,decode,29,32,265,28474.403,28474.787,0.384
1108,decode,28,32,266,28483.735,28484.136,0.401
1109,decode,26,32,267,28493.205,28493.581,0.376
1110,decode,22,24,268,28502.658,28503.041,0.383
1111,decode,19,24,269,28511.655,28512.013,0.358
1112,decode,17,24,270,28520.534,28520.879,0.345
1113,decode,14,16,271,28529.553,28529.922,0.368
1114,decode,10,16,272,28538.531,28538.851,0.321
1115,decode,9,16,273,28546.847,28547.177,0.33
1116,decode,9,16,274,28555.337,28555.658,0.321
1117,decode,8,8,275,28563.955,28564.278,0.323
1118,decode,8,8,276,28572.313,28572.598,0.285
1119,decode,4,4,277,28581.046,28581.331,0.284
1120,decode,4,4,278,28589.13,28589.4,0.27
1121,decode,4,4,279,28597.055,28597.354,0.299
1122,decode,3,4,280,28605.273,28605.542,0.269
1123,decode,3,4,281,28613.38,28613.651,0.271
1124,decode,3,4,282,28621.438,28621.706,0.268
1125,decode,2,2,283,28629.766,28630.048,0.282
1126,decode,2,2,284,28637.858,28638.149,0.291
1127,decode,2,2,285,28645.739,28645.998,0.258
1128,decode,2,2,286,28653.73,28653.99,0.26
1129,decode,2,2,287,28661.68,28661.939,0.26
1130,decode,1,1,276,28669.765,28670.224,0.46
1131,decode,1,1,277,28677.719,28678.103,0.384
1132,decode,1,1,278,28685.756,28686.143,0.387
1133,prefill,42,8192,271,28701.081,28714.308,13.228
1134,decode,41,48,272,28715.814,28716.272,0.459
1135,decode,40,40,273,29036.526,29036.967,0.442
1136,decode,37,40,274,29041.94,29042.372,0.432
1137,decode,31,32,275,29052.742,29053.139,0.397
1138,decode,25,32,276,29062.999,29063.39,0.391
1139,decode,24,24,277,29072.159,29072.535,0.376
1140,decode,22,24,278,29081.914,29082.277,0.363
1141,decode,18,24,279,29091.411,29091.799,0.388
1142,decode,15,16,280,29100.385,29100.705,0.319
1143,decode,14,16,281,29109.286,29109.6,0.314
1144,decode,11,16,282,29118.339,29118.66,0.321
1145,decode,9,16,283,29126.879,29127.205,0.326
1146,decode,7,8,284,29135.424,29135.716,0.292
1147,decode,7,8,285,29143.803,29144.103,0.3
1148,decode,6,8,286,29152.209,29152.492,0.283
1149,decode,4,4,277,29160.609,29160.883,0.274
1150,decode,3,4,276,29168.779,29169.058,0.279
1151,decode,3,4,277,29176.804,29177.096,0.292
1152,decode,3,4,278,29184.952,29185.231,0.28
1153,decode,3,4,279,29193.109,29193.394,0.285
1154,decode,3,4,280,29201.256,29201.533,0.277
1155,decode,2,2,171,29209.521,29209.785,0.264
1156,decode,2,2,172,29217.515,29217.777,0.261
1157,decode,2,2,173,29225.5,29225.758,0.258
1158,prefill,59,8192,278,29243.81,29255.684,11.874
1159,decode,55,56,279,29257.401,29257.88,0.478
1160,decode,44,48,280,29580.88,29581.382,0.502
1161,decode,37,40,277,29584.879,29585.314,0.435
1162,decode,32,32,278,29595.089,29595.472,0.383
1163,decode,31,32,279,29604.768,29605.155,0.387
1164,decode,27,32,280,29614.931,29615.321,0.39
1165,decode,20,24,281,29624.919,29625.295,0.375
1166,decode,18,24,282,29633.755,29634.114,0.359
1167,decode,17,24,283,29642.697,29643.056,0.36
1168,decode,15,16,274,29651.762,29652.098,0.336
1169,decode,11,16,275,29660.977,29661.304,0.327
1170,decode,6,8,276,29669.727,29670.032,0.304
1171,decode,3,4,224,29678.06,29678.332,0.273
1172,decode,2,2,185,29686.037,29686.299,0.262
1173,decode,1,1,186,29694.21,29694.621,0.411
1174,prefill,55,8192,277,29711.509,29723.424,11.915
1175,decode,47,48,278,29724.993,29725.448,0.455
1176,decode,41,48,279,30046.252,30046.73,0.478
1177,decode,34,40,280,30050.42,30050.838,0.418
1178,decode,25,32,280,30061.221,30061.603,0.382
1179,decode,21,24,281,30070.597,30070.947,0.35
1180,decode,17,24,282,30080.257,30080.604,0.346
1181,decode,14,16,277,30089.347,30089.67,0.323
1182,decode,12,16,278,30098.524,30098.841,0.316
1183,decode,10,16,279,30107.382,30107.696,0.314
1184,decode,9,16,280,30116.163,30116.48,0.317
1185,decode,8,8,281,30124.791,30125.098,0.306
1186,decode,5,8,282,30133.658,30133.943,0.284
1187,decode,3,4,283,30141.932,30142.219,0.287
1188,decode,2,2,264,30150.02,30150.288,0.269
1189,decode,2,2,265,30158.041,30158.302,0.261
1190,decode,1,1,238,30166.136,30166.541,0.405
1191,prefill,59,8192,269,30184.326,30196.498,12.171
1192,decode,58,64,270,30198.328,30198.836,0.507
1193,decode,54,56,271,30519.499,30520.02,0.521
1194,decode,45,48,272,30524.488,30524.938,0.449
1195,decode,42,48,272,30534.694,30535.145,0.451
1196,decode,37,40,272,30545.526,30545.937,0.411
1197,decode,36,40,273,30555.637,30556.056,0.419
1198,decode,28,32,274,30566.221,30566.602,0.381
1199,decode,22,24,275,30575.943,30576.312,0.369
1200,decode,20,24,276,30584.974,30585.34,0.366
1201,decode,20,24,277,30593.888,30594.248,0.361
1202,decode,17,24,278,30603.373,30603.714,0.342
1203,decode,14,16,275,30612.46,30612.792,0.332
1204,decode,11,16,276,30621.445,30621.761,0.317
1205,decode,8,8,277,30630.039,30630.337,0.298
1206,decode,7,8,278,30638.44,30638.724,0.284
1207,decode,7,8,279,30646.645,30646.929,0.284
1208,decode,6,8,280,30655.092,30655.376,0.284
1209,decode,5,8,281,30663.471,30663.754,0.284
1210,decode,4,4,282,30671.699,30671.972,0.273
1211,decode,2,2,282,30680.079,30680.344,0.266
1212,decode,1,1,283,30688.117,30688.516,0.399
1213,decode,1,1,284,30696.019,30696.392,0.373
1214,decode,1,1,285,30704.106,30704.476,0.37
1215,decode,1,1,286,30712.245,30712.623,0.378
1216,prefill,51,8192,255,30729.048,30740.93,11.882
1217,decode,47,48,256,30742.459,30742.897,0.439
1218,decode,41,48,257,31064.538,31065.027,0.489
1219,decode,36,40,258,31069.679,31070.136,0.457
1220,decode,26,32,255,31080.838,31081.231,0.393
1221,decode,15,16,253,31091.088,31091.411,0.323
1222,decode,14,16,254,31099.487,31099.804,0.317
1223,decode,13,16,255,31108.512,31108.826,0.314
1224,decode,12,16,256,31117.381,31117.704,0.323
1225,decode,8,8,257,31126.575,31126.866,0.291
1226,decode,7,8,258,31134.98,31135.277,0.297
1227,decode,4,4,254,31143.641,31143.915,0.275
1228,decode,3,4,255,31151.785,31152.076,0.29
1229,decode,2,2,256,31159.993,31160.274,0.281
1230,decode,2,2,257,31168.031,31168.289,0.258
1231,prefill,43,8192,272,31184.584,31196.712,12.128
1232,decode,42,48,273,31198.374,31198.853,0.479
1233,decode,40,40,274,31518.246,31518.691,0.445
1234,decode,38,40,275,31523.685,31524.111,0.426
1235,decode,35,40,272,31534.438,31534.843,0.405
1236,decode,33,40,273,31544.652,31545.071,0.419
1237,decode,32,32,274,31554.599,31554.985,0.386
1238,decode,30,32,275,31564.604,31564.981,0.377
1239,decode,25,32,275,31574.782,31575.171,0.389
1240,decode,22,24,276,31584.072,31584.429,0.356
1241,decode,18,24,277,31593.25,31593.602,0.352
1242,decode,18,24,278,31602.6,31603.129,0.529
1243,decode,12,16,243,31611.566,31611.903,0.337
1244,decode,10,16,244,31620.087,31620.4,0.313
1245,decode,9,16,245,31628.428,31628.741,0.313
1246,decode,8,8,246,31636.931,31637.245,0.314
1247,decode,5,8,247,31645.745,31646.059,0.315
1248,decode,3,4,229,31653.905,31654.202,0.296
1249,decode,2,2,230,31662.045,31662.316,0.271
1250,decode,2,2,231,31669.989,31670.264,0.276
1251,decode,2,2,232,31677.992,31678.264,0.272
1252,decode,1,1,231,31686.118,31686.548,0.429
1253,decode,1,1,232,31693.96,31694.352,0.392
1254,decode,1,1,233,31702.094,31702.469,0.375
1255,decode,1,1,234,31710.167,31710.545,0.378
1256,decode,1,1,235,31718.293,31718.673,0.381
1257,decode,1,1,236,31726.413,31726.786,0.372
1258,prefill,59,8192,267,31744.923,31757.339,12.416
1259,decode,54,56,268,31758.988,31759.488,0.5
1260,decode,44,48,269,32081.39,32081.89,0.5
1261,decode,33,40,270,32085.564,32086.013,0.449
1262,decode,27,32,271,32095.446,32095.837,0.391
1263,decode,18,24,272,32105.672,32106.039,0.366
1264,decode,13,16,273,32114.644,32114.967,0.323
1265,decode,10,16,274,32123.502,32123.822,0.32
1266,decode,9,16,275,32132.122,32132.437,0.315
1267,decode,7,8,276,32140.895,32141.201,0.306
1268,decode,4,4,277,32149.731,32150.022,0.291
1269,decode,4,4,278,32157.632,32157.9,0.268
1270,decode,3,4,279,32165.886,32166.178,0.292
1271,decode,2,2,280,32174.139,32174.407,0.268
1272,decode,2,2,281,32182.186,32182.448,0.261
1273,decode,2,2,282,32190.179,32190.442,0.263
1274,decode,2,2,283,32198.214,32198.472,0.259
1275,decode,2,2,284,32206.227,32206.486,0.259
1276,decode,1,1,285,32214.346,32214.745,0.399
1277,decode,1,1,286,32222.196,32222.572,0.376
1278,decode,1,1,287,32230.281,32230.653,0.372
1279,decode,1,1,288,32238.397,32238.767,0.37
1280,decode,1,1,289,32246.615,32246.984,0.369
1281,decode,1,1,290,32254.625,32254.993,0.368
1282,decode,1,1,291,32262.689,32263.069,0.38
1283,prefill,56,8192,252,32280.923,32292.878,11.955
1284,decode,52,56,253,32294.525,32294.999,0.474
1285,decode,48,48,254,32617.405,32617.879,0.473
1286,decode,40,40,255,32622.692,32623.13,0.438
1287,decode,32,32,256,32633.242,32633.625,0.382
1288,decode,22,24,249,32643.673,32644.048,0.376
1289,decode,16,16,250,32652.818,32653.153,0.335
1290,decode,12,16,251,32661.991,32662.32,0.329
1291,decode,7,8,252,32670.898,32671.209,0.311
1292,decode,4,4,248,32679.293,32679.567,0.274
1293,decode,3,4,249,32687.593,32687.86,0.267
1294,decode,3,4,250,32695.688,32695.961,0.273
1295,decode,2,2,251,32704.036,32704.304,0.268
1296,decode,2,2,252,32712.098,32712.354,0.256
1297,decode,2,2,253,32720.169,32720.429,0.26
1298,prefill,58,8192,243,32738.215,32750.207,11.992
1299,decode,56,56,244,32752.274,32752.874,0.601
1300,decode,47,48,245,33073.235,33073.747,0.512
1301,decode,41,48,246,33077.578,33078.096,0.518
1302,decode,33,40,247,33088.5,33088.916,0.417
1303,decode,28,32,248,33098.535,33098.92,0.386
1304,decode,23,24,249,33108.352,33108.704,0.352
1305,decode,22,24,250,33117.365,33117.708,0.343
1306,decode,19,24,251,33126.814,33127.172,0.358
1307,decode,13,16,252,33136.136,33136.459,0.323
1308,decode,9,16,251,33144.978,33145.306,0.328
1309,decode,7,8,252,33153.353,33153.647,0.294
1310,decode,5,8,253,33161.86,33162.164,0.303
1311,decode,5,8,254,33169.996,33170.292,0.296
1312,decode,4,4,255,33178.295,33178.57,0.275
1313,decode,3,4,241,33186.572,33186.849,0.277
1314,decode,1,1,234,33194.794,33195.223,0.429
1315,decode,1,1,235,33202.728,33203.109,0.381
1316,decode,1,1,236,33210.804,33211.189,0.385
1317,prefill,62,8192,298,33230.202,33242.196,11.993
1318,decode,61,64,299,33244.018,33244.536,0.518
1319,decode,55,56,300,33565.609,33566.135,0.525
1320,decode,48,48,301,33570.063,33570.513,0.449
1321,decode,39,40,302,33581.033,33581.458,0.424
1322,decode,33,40,303,33591.206,33591.61,0.404
1323,decode,29,32,304,33600.826,33601.224,0.397
1324,decode,24,24,305,33610.628,33610.98,0.352
1325,decode,14,16,257,33620.622,33620.944,0.322
1326,decode,12,16,258,33628.855,33629.187,0.331
1327,decode,8,8,245,33637.77,33638.072,0.302
1328,decode,4,4,246,33646.512,33646.791,0.279
1329,decode,2,2,247,33654.595,33654.86,0.265
1330,decode,2,2,248,33662.506,33662.767,0.26
1331,decode,2,2,249,33670.553,33670.81,0.257
1332,decode,2,2,250,33678.555,33678.813,0.258
1333,decode,1,1,251,33686.697,33687.128,0.432
1334,decode,1,1,252,33694.861,33695.557,0.696
1335,decode,1,1,253,33702.745,33703.151,0.406
1336,prefill,67,8192,298,33723.88,33736.107,12.227
1337,decode,64,64,299,33737.993,33738.631,0.638
1338,decode,57,64,300,34061.516,34062.071,0.555
1339,decode,47,48,301,34065.574,34066.153,0.579
1340,decode,41,48,302,34076.099,34076.546,0.447
1341,decode,31,32,303,34086.683,34087.191,0.508
1342,decode,24,24,304,34096.654,34097.119,0.465
1343,decode,22,24,305,34105.61,34105.968,0.358
1344,decode,19,24,306,34114.918,34115.29,0.372
1345,decode,17,24,307,34123.986,34124.352,0.366
1346,decode,14,16,304,34133.108,34133.529,0.421
1347,decode,9,16,302,34142.18,34142.496,0.316
1348,decode,6,8,303,34150.549,34150.945,0.395
1349,decode,5,8,304,34158.795,34159.096,0.302
1350,decode,3,4,305,34167.118,34167.513,0.396
1351,decode,2,2,244,34175.288,34175.653,0.364
1352,decode,1,1,245,34183.486,34183.895,0.409
1353,prefill,55,8192,270,34201.048,34212.917,11.869
1354,decode,54,56,271,34214.612,34215.212,0.6
1355,decode,44,48,272,34534.682,34535.17,0.488
1356,decode,36,40,273,34541.928,34542.457,0.529
1357,decode,26,32,267,34550.494,34550.886,0.392
1358,decode,23,24,268,34559.809,34560.176,0.368
1359,decode,19,24,269,34569.573,34569.924,0.351
1360,decode,13,16,270,34579.256,34579.584,0.328
1361,decode,11,16,270,34587.752,34588.086,0.334
1362,decode,8,8,271,34596.678,34596.979,0.301
1363,decode,8,8,272,34605.14,34605.429,0.289
1364,decode,6,8,273,34613.805,34614.109,0.305
1365,decode,4,4,274,34622.11,34622.397,0.287
1366,decode,4,4,275,34630.201,34630.477,0.276
1367,decode,4,4,276,34638.391,34638.663,0.273
1368,decode,4,4,277,34646.609,34646.883,0.274
1369,decode,3,4,278,34654.929,34655.218,0.288
1370,decode,2,2,279,34663.158,34663.434,0.276
1371,decode,1,1,276,34671.232,34671.646,0.414
1372,decode,1,1,277,34679.086,34679.466,0.38
1373,decode,1,1,278,34687.286,34687.663,0.377
1374,prefill,44,8192,278,34702.752,34714.663,11.91
1375,decode,43,48,279,34716.172,34716.62,0.448
1376,decode,41,48,280,35038.129,35038.584,0.456
1377,decode,37,40,281,35043.599,35044.036,0.437
1378,decode,35,40,282,35054.351,35054.764,0.413
1379,decode,30,32,266,35065.223,35065.733,0.51
1380,decode,26,32,267,35075.361,35075.752,0.391
1381,decode,23,24,268,35085.076,35085.432,0.356
1382,decode,19,24,269,35094.703,35095.069,0.366
1383,decode,16,16,270,35103.882,35104.222,0.34
1384,decode,10,16,271,35113.482,35113.809,0.327
1385,decode,8,8,270,35121.888,35122.213,0.325
1386,decode,4,4,265,35130.793,35131.082,0.289
1387,decode,3,4,266,35138.847,35139.134,0.287
1388,decode,2,2,267,35147.096,35147.382,0.286
1389,decode,2,2,268,35155.2,35155.485,0.285
1390,decode,1,1,269,35163.222,35163.624,0.402
1391,decode,1,1,270,35171.172,35171.547,0.375
1392,decode,1,1,271,35179.259,35179.634,0.375
1393,decode,1,1,272,35187.435,35187.822,0.387
1394,decode,1,1,273,35195.523,35195.908,0.384
1395,decode,1,1,274,35203.629,35204.014,0.386
1396,prefill,47,8192,258,35225.541,35238.156,12.615
1397,decode,41,48,259,35239.722,35240.192,0.47
1398,decode,36,40,260,35559.8,35560.254,0.454
1399,decode,31,32,261,35564.456,35564.849,0.393
1400,decode,30,32,262,35574.565,35574.945,0.381
1401,decode,25,32,259,35584.843,35585.244,0.402
1402,decode,22,24,260,35594.475,35594.841,0.366
1403,decode,19,24,261,35603.851,35604.22,0.369
1404,decode,16,16,262,35613.156,35613.489,0.333
1405,decode,16,16,263,35621.886,35622.218,0.332
1406,decode,14,16,264,35631.055,35631.374,0.319
1407,decode,10,16,265,35640.055,35640.411,0.356
1408,decode,9,16,266,35648.53,35648.86,0.33
1409,decode,8,8,267,35657.042,35657.344,0.302
1410,decode,7,8,268,35665.612,35665.902,0.29
1411,decode,6,8,269,35674.038,35674.334,0.296
1412,decode,6,8,270,35682.21,35682.5,0.29
1413,decode,6,8,271,35690.561,35690.85,0.289
1414,decode,6,8,272,35698.835,35699.138,0.303
1415,decode,5,8,273,35707.242,35707.531,0.289
1416,decode,4,4,274,35715.565,35715.844,0.279
1417,decode,3,4,275,35726.227,35726.651,0.424
1418,decode,2,2,252,35732.048,35732.346,0.299
1419,decode,2,2,253,35740.047,35740.34,0.293
1420,decode,2,2,254,35748.144,35748.483,0.339
1421,decode,2,2,255,35755.975,35756.27,0.296
1422,decode,2,2,256,35763.962,35764.256,0.294
1423,decode,1,1,240,35772.174,35772.626,0.452
1424,decode,1,1,241,35779.979,35780.421,0.442
1425,prefill,55,8192,248,35806.605,35819.466,12.861
1426,decode,53,56,249,35824.274,35824.779,0.504
1427,decode,47,48,250,36142.593,36143.11,0.517
1428,decode,36,40,251,36146.985,36147.42,0.435
1429,decode,27,32,252,36157.513,36157.905,0.392
1430,decode,20,24,253,36167.247,36167.606,0.359
1431,decode,18,24,254,36176.736,36177.217,0.481
1432,decode,17,24,255,36185.925,36186.396,0.471
1433,decode,14,16,256,36194.856,36195.211,0.355
1434,decode,10,16,253,36204.171,36204.492,0.32
1435,decode,10,16,254,36212.416,36212.731,0.315
1436,decode,9,16,255,36221.179,36221.505,0.326
1437,decode,9,16,256,36229.7,36230.037,0.337
1438,decode,8,8,255,36238.427,36238.741,0.314
1439,decode,6,8,250,36247.032,36247.318,0.286
1440,decode,2,2,249,36255.888,36256.188,0.3
1441,decode,2,2,250,36263.308,36263.579,0.271
1442,prefill,65,8192,243,36289.877,36302.79,12.913
1443,decode,63,64,244,36307.662,36308.224,0.562
1444,decode,56,56,245,36626.573,36627.088,0.515
1445,decode,48,48,246,36630.385,36630.83,0.445
1446,decode,40,40,247,36641.102,36641.519,0.416
1447,decode,38,40,248,36650.87,36651.287,0.418
1448,decode,31,32,249,36661.494,36661.956,0.461
1449,decode,29,32,248,36670.7,36671.098,0.398
1450,decode,21,24,249,36680.718,36681.097,0.379
1451,decode,15,16,248,36689.708,36690.066,0.358
1452,decode,11,16,249,36698.433,36698.759,0.326
1453,decode,8,8,216,36706.98,36707.295,0.315
1454,decode,5,8,217,36715.612,36715.924,0.311
1455,decode,4,4,186,36723.582,36723.869,0.287
1456,decode,4,4,187,36731.791,36732.082,0.292
1457,decode,4,4,188,36739.857,36740.201,0.344
1458,decode,4,4,189,36748.129,36748.407,0.278
1459,decode,3,4,190,36756.286,36756.563,0.277
1460,decode,1,1,177,36764.674,36765.123,0.448
1461,prefill,49,8192,260,36786.53,36799.169,12.64
1462,decode,47,48,261,36803.559,36804.033,0.474
1463,decode,40,40,262,37121.832,37122.283,0.452
1464,decode,29,32,258,37127.397,37127.784,0.387
1465,decode,24,24,259,37136.612,37136.968,0.356
1466,decode,20,24,260,37146.441,37146.799,0.358
1467,decode,17,24,261,37156.079,37156.423,0.344
1468,decode,9,16,252,37165.985,37166.325,0.34
1469,decode,8,8,253,37174.258,37174.558,0.3
1470,decode,5,8,219,37183.158,37183.477,0.319
1471,decode,5,8,220,37191.34,37191.629,0.289
1472,decode,4,4,221,37199.708,37199.99,0.282
1473,decode,2,2,222,37208.114,37208.393,0.279
1474,decode,2,2,223,37216.096,37216.364,0.268
1475,decode,2,2,224,37224.098,37224.37,0.272
1476,decode,2,2,225,37232.187,37232.453,0.266
1477,decode,1,1,226,37240.275,37240.691,0.416
1478,prefill,54,8192,271,37262.121,37274.33,12.209
1479,decode,53,56,272,37276.141,37276.688,0.547
1480,decode,44,48,273,37597.388,37597.858,0.469
1481,decode,40,40,274,37601.857,37602.285,0.428
1482,decode,34,40,272,37612.715,37613.13,0.416
1483,decode,28,32,273,37623.022,37623.407,0.385
1484,decode,23,24,274,37632.795,37633.169,0.374
1485,decode,18,24,275,37642.35,37642.695,0.344
1486,decode,15,16,276,37651.225,37651.559,0.333
1487,decode,12,16,277,37660.387,37660.707,0.32
1488,decode,10,16,278,37669.079,37669.393,0.314
1489,decode,6,8,279,37677.999,37678.311,0.312
1490,decode,6,8,280,37686.279,37686.57,0.291
1491,decode,3,4,281,37694.966,37695.275,0.309
1492,decode,3,4,282,37702.954,37703.282,0.329
1493,decode,3,4,283,37711.122,37711.396,0.274
1494,decode,3,4,284,37719.354,37719.627,0.273
1495,decode,3,4,285,37727.512,37727.788,0.275
1496,decode,2,2,286,37735.798,37736.119,0.321
1497,prefill,40,8192,273,37756.348,37768.765,12.417
1498,decode,38,40,274,37773.184,37773.612,0.428
1499,decode,35,40,275,38090.674,38091.18,0.506
1500,decode,25,32,276,38096.716,38097.12,0.404
1501,decode,23,24,277,38105.855,38106.221,0.366
1502,decode,21,24,278,38115.732,38116.09,0.358
1503,decode,14,16,274,38125.894,38126.23,0.336
1504,decode,11,16,275,38135.081,38135.402,0.321
1505,decode,9,16,271,38143.917,38144.245,0.327
1506,decode,7,8,272,38152.731,38153.036,0.305
1507,decode,5,8,273,38161.519,38161.811,0.292
1508,decode,3,4,260,38169.885,38170.209,0.324
1509,decode,2,2,227,38178.123,38178.4,0.277
1510,decode,2,2,228,38186.224,38186.493,0.269
1511,decode,1,1,229,38194.335,38194.752,0.417
1512,decode,1,1,230,38202.293,38202.704,0.411
1513,decode,1,1,231,38210.455,38210.832,0.378
1514,decode,1,1,232,38218.601,38218.979,0.378
1515,decode,1,1,233,38226.786,38227.178,0.393
1516,prefill,49,8192,303,38248.951,38261.517,12.566
1517,decode,46,48,304,38265.897,38266.374,0.476
1518,decode,41,48,305,38585.249,38585.752,0.503
1519,decode,31,32,269,38590.724,38591.159,0.435
1520,decode,28,32,270,38600.492,38600.873,0.381
1521,decode,23,24,271,38610.566,38610.929,0.363
1522,decode,22,24,272,38619.875,38620.241,0.366
1523,decode,18,24,273,38629.588,38629.936,0.348
1524,decode,17,24,245,38638.404,38638.747,0.343
1525,decode,15,16,246,38647.48,38647.809,0.329
1526,decode,13,16,247,38656.465,38656.784,0.319
1527,decode,13,16,248,38664.939,38665.277,0.338
1528,decode,11,16,249,38674.908,38675.417,0.509
1529,decode,9,16,225,38682.516,38682.849,0.332
1530,decode,8,8,226,38690.735,38691.069,0.334
1531,decode,6,8,225,38699.329,38699.618,0.29
1532,decode,6,8,226,38707.319,38707.608,0.289
1533,decode,5,8,227,38715.736,38716.048,0.313
1534,decode,5,8,228,38723.818,38724.135,0.316
1535,decode,2,2,229,38732.41,38732.689,0.279
1536,decode,1,1,230,38740.346,38740.786,0.44
1537,prefill,56,8192,308,38767.641,38779.829,12.188
1538,decode,53,56,309,38784.358,38784.856,0.497
1539,decode,43,48,310,39102.427,39102.908,0.481
1540,decode,28,32,311,39108.592,39108.997,0.405
1541,decode,22,24,312,39118.049,39118.424,0.374
1542,decode,19,24,313,39127.519,39127.872,0.353
1543,decode,18,24,314,39136.869,39137.246,0.377
1544,decode,12,16,315,39146.778,39147.138,0.36
1545,decode,8,8,308,39155.845,39156.167,0.322
1546,decode,7,8,309,39164.228,39164.512,0.284
1547,decode,6,8,310,39172.895,39173.193,0.297
1548,decode,5,8,311,39181.462,39181.747,0.286
1549,decode,1,1,255,39190.107,39190.536,0.428
1550,prefill,62,8192,248,39216.477,39228.584,12.107
1551,decode,58,64,249,39230.842,39231.366,0.524
1552,decode,51,56,244,39551.532,39552.07,0.538
1553,decode,41,48,245,39556.177,39556.639,0.462
1554,decode,29,32,246,39566.592,39566.998,0.406
1555,decode,24,24,247,39576.253,39576.626,0.372
1556,decode,18,24,241,39585.968,39586.327,0.359
1557,decode,12,16,237,39595.354,39595.685,0.331
1558,decode,9,16,238,39604.144,39604.458,0.313
1559,decode,6,8,239,39612.894,39613.209,0.315
1560,decode,5,8,240,39621.454,39621.737,0.283
1561,decode,5,8,241,39629.531,39629.816,0.285
1562,decode,3,4,242,39638.104,39638.386,0.282
1563,decode,2,2,243,39646.261,39646.537,0.276
1564,decode,2,2,244,39654.383,39654.646,0.263
1565,decode,2,2,245,39662.404,39662.666,0.263
1566,decode,1,1,177,39670.519,39670.934,0.415
1567,decode,1,1,178,39678.399,39678.766,0.368
1568,decode,1,1,179,39686.547,39686.918,0.372
1569,decode,1,1,180,39694.65,39695.033,0.383
1570,decode,1,1,181,39702.756,39703.139,0.383
1571,decode,1,1,182,39710.873,39711.26,0.386
1572,decode,1,1,183,39718.986,39719.369,0.383
1573,decode,1,1,184,39727.128,39727.502,0.375
1574,decode,1,1,185,39735.206,39735.58,0.374
1575,decode,1,1,186,39743.328,39743.695,0.367
1576,decode,1,1,187,39751.436,39751.806,0.37
1577,decode,1,1,188,39759.537,39759.909,0.371
1578,prefill,50,8192,258,39784.061,39796.687,12.626
1579,decode,47,48,259,39798.327,39798.786,0.459
1580,decode,38,40,260,40121.018,40121.448,0.429
1581,decode,27,32,257,40126.774,40127.182,0.408
1582,decode,18,24,258,40136.904,40137.27,0.367
1583,decode,14,16,258,40146.164,40146.489,0.324
1584,decode,8,8,259,40155.664,40155.955,0.29
1585,decode,4,4,260,40220.586,40220.867,0.281
1586,decode,4,4,261,40221.578,40221.846,0.268
1587,decode,3,4,262,40229.675,40229.945,0.27
1588,decode,2,2,263,40237.835,40238.114,0.279
1589,prefill,50,8192,250,40260.528,40272.383,11.855
1590,decode,47,48,251,40276.561,40277.025,0.464
1591,decode,39,40,251,40596.022,40596.496,0.475
1592,decode,23,24,252,40600.768,40601.147,0.379
1593,decode,17,24,253,40609.85,40610.228,0.378
1594,decode,14,16,254,40618.838,40619.189,0.351
1595,decode,10,16,255,40628.328,40628.642,0.314
1596,decode,8,8,256,40637.037,40637.341,0.305
1597,decode,3,4,216,40646.114,40646.388,0.274
1598,decode,3,4,217,40653.967,40654.247,0.28
1599,decode,2,2,218,40662.338,40662.602,0.264
1600,decode,1,1,135,40670.733,40671.153,0.42
1601,decode,1,1,136,40678.523,40678.89,0.367
1602,decode,1,1,137,40686.741,40687.127,0.385
1603,decode,1,1,138,40694.877,40695.266,0.39
1604,decode,1,1,139,40703.059,40703.429,0.37
1605,prefill,50,8192,259,40725.534,40738.121,12.587
1606,decode,48,48,260,40742.578,40743.045,0.467
1607,decode,38,40,261,41060.076,41060.528,0.452
1608,decode,26,32,261,41065.586,41065.98,0.394
1609,decode,21,24,262,41074.679,41075.041,0.363
1610,decode,12,16,263,41084.653,41084.974,0.321
1611,decode,7,8,264,41093.537,41093.83,0.294
1612,decode,5,8,265,41102.075,41102.362,0.288
1613,decode,5,8,266,41110.407,41110.694,0.286
1614,decode,5,8,267,41118.943,41119.271,0.328
1615,decode,5,8,268,41127.313,41127.605,0.292
1616,decode,2,2,258,41136.027,41136.314,0.287
1617,decode,1,1,259,41144.094,41144.507,0.414
1618,decode,1,1,260,41152.016,41152.39,0.374
1619,prefill,59,8192,272,41175.467,41188.074,12.607
1620,decode,58,64,273,41190.104,41190.63,0.526
1621,decode,47,48,274,41510.894,41511.372,0.478
1622,decode,38,40,275,41515.501,41515.914,0.413
1623,decode,30,32,276,41525.776,41526.178,0.402
1624,decode,28,32,277,41535.357,41535.742,0.385
1625,decode,25,32,278,41545.309,41545.695,0.386
1626,decode,20,24,279,41555.141,41555.509,0.368
1627,decode,17,24,280,41564.346,41564.699,0.352
1628,decode,15,16,281,41573.229,41573.554,0.325
1629,decode,13,16,282,41582.331,41582.646,0.314
1630,decode,9,16,283,41591.497,41591.822,0.324
1631,decode,5,8,236,41600.19,41600.483,0.293
1632,decode,1,1,167,41608.576,41608.98,0.404
1633,decode,1,1,168,41616.455,41616.822,0.367
1634,decode,1,1,169,41624.58,41624.951,0.371
1635,decode,1,1,170,41632.739,41633.12,0.381
1636,prefill,63,8192,256,41658.043,41670.093,12.05
1637,decode,57,64,256,41674.591,41675.116,0.524
1638,decode,49,56,257,41994.967,41995.469,0.502
1639,decode,38,40,258,41999.914,42000.337,0.423
1640,decode,30,32,250,42010.387,42010.775,0.388
1641,decode,22,24,251,42020.301,42020.652,0.351
1642,decode,18,24,252,42029.655,42029.997,0.342
1643,decode,16,16,250,42038.802,42039.162,0.36
1644,decode,15,16,243,42047.833,42048.172,0.339
1645,decode,15,16,244,42056.69,42057.015,0.325
1646,decode,11,16,245,42066.042,42066.358,0.316
1647,decode,8,8,222,42074.776,42075.084,0.308
1648,decode,7,8,223,42083.124,42083.408,0.284
1649,decode,7,8,224,42091.424,42091.706,0.282
1650,decode,5,8,225,42100.066,42100.355,0.289
1651,decode,5,8,226,42108.19,42108.473,0.283
1652,decode,5,8,227,42116.536,42116.818,0.281
1653,decode,3,4,223,42125.069,42125.349,0.28
1654,decode,3,4,224,42133.042,42133.312,0.271
1655,decode,2,2,225,42141.266,42141.537,0.271
1656,decode,2,2,226,42149.166,42149.423,0.257
1657,decode,1,1,227,42157.297,42157.699,0.402
1658,decode,1,1,228,42165.154,42165.521,0.367
1659,prefill,54,8192,251,42187.654,42199.628,11.974
1660,decode,53,56,252,42203.988,42204.487,0.498
1661,decode,45,48,253,42523.852,42524.348,0.496
1662,decode,41,48,254,42528.213,42528.644,0.431
1663,decode,35,40,255,42539.055,42539.47,0.415
1664,decode,32,32,256,42549.239,42549.617,0.378
1665,decode,30,32,257,42559.081,42559.452,0.371
1666,decode,23,24,257,42569.37,42569.724,0.354
1667,decode,22,24,258,42578.249,42578.592,0.343
1668,decode,20,24,259,42587.602,42587.944,0.342
1669,decode,17,24,260,42596.883,42597.257,0.375
1670,decode,15,16,261,42605.768,42606.101,0.334
1671,decode,14,16,262,42614.688,42615.0,0.312
1672,decode,13,16,251,42623.543,42623.856,0.313
1673,decode,11,16,252,42632.353,42632.665,0.311
1674,decode,9,16,251,42641.064,42641.377,0.313
1675,decode,7,8,250,42649.624,42649.932,0.308
1676,decode,6,8,251,42658.06,42658.362,0.301
1677,decode,5,8,248,42666.261,42666.556,0.295
1678,decode,4,4,249,42674.543,42674.818,0.275
1679,decode,2,2,250,42682.846,42683.134,0.287
1680,decode,2,2,251,42690.892,42691.166,0.274
1681,decode,2,2,252,42698.733,42698.988,0.255
1682,decode,2,2,253,42706.725,42706.979,0.255
1683,decode,1,1,254,42714.822,42715.24,0.418
1684,decode,1,1,255,42722.715,42723.095,0.38
1685,prefill,58,8192,257,42746.772,42759.187,12.415
1686,decode,52,56,258,42760.937,42761.445,0.508
1687,decode,38,40,259,43084.682,43085.14,0.458
1688,decode,26,32,258,43089.017,43089.412,0.395
1689,decode,23,24,259,43097.99,43098.355,0.366
1690,decode,15,16,258,43108.088,43108.411,0.322
1691,decode,14,16,259,43116.657,43116.971,0.314
1692,decode,11,16,260,43125.896,43126.311,0.415
1693,decode,9,16,261,43134.763,43135.088,0.325
1694,decode,7,8,262,43143.557,43143.849,0.292
1695,decode,6,8,258,43152.105,43152.39,0.285
1696,decode,6,8,259,43160.363,43160.646,0.283
1697,decode,5,8,260,43168.977,43169.286,0.309
1698,decode,5,8,261,43177.135,43177.428,0.294
1699,decode,3,4,248,43185.638,43185.924,0.286
1700,decode,3,4,249,43193.824,43194.118,0.294
1701,decode,1,1,192,43202.082,43202.498,0.416
1702,decode,1,1,193,43209.936,43210.347,0.412
1703,decode,1,1,194,43218.051,43218.419,0.367
1704,decode,1,1,195,43226.181,43226.545,0.365
1705,decode,1,1,196,43234.339,43234.705,0.367
1706,prefill,63,8192,251,43258.492,43270.524,12.032
1707,decode,58,64,252,43275.086,43275.605,0.519
1708,decode,48,48,253,43597.866,43598.386,0.52
1709,decode,40,40,254,43601.983,43602.42,0.438
1710,decode,34,40,239,43612.391,43612.792,0.402
1711,decode,30,32,240,43622.419,43622.799,0.38
1712,decode,26,32,235,43632.109,43632.485,0.376
1713,decode,24,24,236,43641.49,43641.848,0.358
1714,decode,21,24,237,43650.827,43651.183,0.356
1715,decode,20,24,236,43659.747,43660.102,0.354
1716,decode,16,16,237,43669.02,43669.344,0.324
1717,decode,14,16,232,43677.756,43678.096,0.34
1718,decode,12,16,233,43686.47,43686.784,0.314
1719,decode,11,16,231,43695.038,43695.35,0.312
1720,decode,9,16,205,43703.981,43704.306,0.325
1721,decode,7,8,204,43712.313,43712.603,0.29
1722,decode,7,8,205,43720.556,43720.839,0.283
1723,decode,3,4,206,43729.282,43729.567,0.285
1724,decode,3,4,207,43737.144,43737.421,0.277
1725,decode,2,2,180,43745.323,43745.589,0.265
1726,decode,2,2,181,43753.341,43753.6,0.259
1727,decode,2,2,182,43761.337,43761.599,0.263
1728,decode,2,2,183,43769.349,43769.605,0.256
1729,decode,1,1,183,43777.499,43777.911,0.412
1730,decode,1,1,184,43785.341,43785.708,0.367
1731,decode,1,1,185,43793.47,43793.84,0.37
1732,prefill,50,8192,270,43817.385,43829.441,12.055
1733,decode,49,56,271,43834.124,43834.622,0.499
1734,decode,40,40,272,44152.028,44152.538,0.51
1735,decode,34,40,273,44157.236,44157.654,0.418
1736,decode,24,24,274,44167.936,44168.3,0.365
1737,decode,18,24,275,44177.717,44178.072,0.356
1738,decode,16,16,276,44186.774,44187.112,0.337
1739,decode,12,16,277,44196.3,44196.615,0.314
1740,decode,8,8,278,44205.399,44205.694,0.295
1741,decode,6,8,279,44213.866,44214.166,0.3
1742,decode,4,4,280,44222.371,44222.647,0.276
1743,decode,1,1,275,44230.856,44231.275,0.419
1744,decode,1,1,276,44238.717,44239.1,0.383
1745,decode,1,1,277,44246.91,44247.295,0.386
1746,decode,1,1,278,44255.072,44255.446,0.374
1747,decode,1,1,279,44263.27,44263.638,0.368
1748,decode,1,1,280,44271.376,44271.751,0.375
1749,prefill,54,8192,247,44295.105,44307.882,12.778
1750,decode,48,48,248,44312.455,44312.922,0.468
1751,decode,38,40,249,44632.312,44632.744,0.432
1752,decode,30,32,250,44636.801,44637.196,0.395
1753,decode,20,24,251,44647.475,44647.828,0.353
1754,decode,16,16,252,44656.652,44656.976,0.324
1755,decode,14,16,253,44665.799,44666.127,0.328
1756,decode,12,16,254,44674.966,44675.293,0.327
1757,decode,9,16,255,44684.142,44684.456,0.315
1758,decode,8,8,256,44692.795,44693.099,0.304
1759,decode,7,8,253,44701.7,44702.056,0.356
1760,decode,5,8,253,44710.284,44710.579,0.295
1761,decode,3,4,254,44718.484,44718.765,0.281
1762,decode,3,4,255,44726.589,44726.856,0.267
1763,decode,2,2,256,44734.828,44735.112,0.284
1764,decode,2,2,257,44742.893,44743.171,0.278
1765,decode,2,2,258,44750.896,44751.168,0.272
1766,decode,1,1,225,44758.991,44759.417,0.426
1767,decode,1,1,226,44766.86,44767.251,0.391
1768,decode,1,1,227,44774.997,44775.379,0.382
1769,prefill,61,8192,242,44799.648,44812.497,12.849
1770,decode,56,56,243,44817.199,44817.706,0.507
1771,decode,44,48,244,45136.52,45136.998,0.478
1772,decode,33,40,245,45140.649,45141.076,0.427
1773,decode,26,32,246,45150.692,45151.089,0.397
1774,decode,23,24,247,45160.118,45160.469,0.351
1775,decode,21,24,248,45169.505,45169.848,0.343
1776,decode,16,16,249,45179.111,45179.432,0.322
1777,decode,14,16,250,45187.727,45188.066,0.34
1778,decode,12,16,251,45196.708,45197.034,0.326
1779,decode,11,16,252,45205.173,45205.486,0.314
1780,decode,9,16,253,45214.195,45214.509,0.315
1781,decode,8,8,253,45222.387,45222.68,0.292
1782,decode,8,8,254,45230.83,45231.143,0.313
1783,decode,5,8,249,45239.571,45239.864,0.293
1784,decode,3,4,246,45247.647,45247.931,0.284
1785,decode,2,2,240,45255.757,45256.053,0.297
1786,decode,2,2,241,45263.774,45264.063,0.288
1787,decode,2,2,242,45271.744,45272.023,0.279
1788,prefill,62,8192,259,45296.101,45308.818,12.717
1789,decode,56,56,260,45313.448,45313.948,0.5
1790,decode,49,56,254,45633.528,45634.064,0.536
1791,decode,41,48,254,45637.502,45637.956,0.453
1792,decode,32,32,255,45648.168,45648.565,0.396
1793,decode,24,24,256,45658.402,45658.766,0.364
1794,decode,14,16,253,45668.312,45668.643,0.331
1795,decode,10,16,209,45676.717,45677.039,0.321
1796,decode,8,8,208,45685.219,45685.514,0.295
1797,decode,5,8,205,45693.98,45694.277,0.297
1798,decode,4,4,206,45702.214,45702.489,0.275
1799,decode,3,4,207,45710.469,45710.734,0.264
1800,decode,3,4,208,45718.737,45719.026,0.289
1801,decode,2,2,209,45726.921,45727.196,0.274
1802,decode,1,1,210,45735.088,45735.499,0.411
1803,decode,1,1,211,45742.99,45743.38,0.39
1804,decode,1,1,212,45751.134,45751.501,0.367
1805,prefill,56,8192,264,45773.639,45785.67,12.031
1806,decode,51,56,265,45787.489,45787.968,0.479
1807,decode,46,48,266,46109.774,46110.277,0.502
1808,decode,39,40,261,46113.224,46113.636,0.412
1809,decode,30,32,262,46124.058,46124.447,0.389
1810,decode,20,24,263,46134.343,46134.695,0.353
1811,decode,15,16,259,46143.432,46143.754,0.322
1812,decode,13,16,260,46152.277,46152.597,0.32
1813,decode,10,16,261,46161.27,46161.584,0.314
1814,decode,8,8,260,46169.885,46170.191,0.306
1815,decode,7,8,261,46178.455,46178.741,0.286
1816,decode,7,8,262,46186.747,46187.044,0.297
1817,decode,6,8,263,46195.245,46195.532,0.286
1818,decode,5,8,264,46203.579,46203.864,0.285
1819,decode,3,4,195,46211.925,46212.213,0.289
1820,decode,3,4,196,46220.061,46220.328,0.266
1821,decode,3,4,197,46228.075,46228.342,0.267
1822,decode,2,2,194,46236.316,46236.586,0.27
1823,decode,1,1,195,46244.438,46244.836,0.398
1824,prefill,58,8192,273,46267.553,46279.566,12.013
1825,decode,54,56,274,46283.84,46284.348,0.508
1826,decode,48,48,275,46605.154,46605.638,0.484
1827,decode,37,40,276,46609.887,46610.316,0.429
1828,decode,30,32,268,46620.092,46620.478,0.386
1829,decode,19,24,269,46630.635,46630.989,0.354
1830,decode,13,16,270,46639.754,46640.094,0.34
1831,decode,10,16,271,46648.563,46648.878,0.315
1832,decode,9,16,272,46657.247,46657.562,0.315
1833,decode,9,16,273,46665.915,46666.24,0.325
1834,decode,8,8,274,46674.681,46674.97,0.289
1835,decode,4,4,275,46683.599,46683.873,0.274
1836,prefill,54,8192,279,46706.177,46718.171,11.994
1837,decode,53,56,280,46722.59,46723.094,0.504
1838,decode,48,48,281,47041.805,47042.293,0.488
1839,decode,41,48,282,47046.839,47047.287,0.448
1840,decode,32,32,283,47057.861,47058.262,0.401
1841,decode,31,32,284,47067.277,47067.65,0.373
1842,decode,24,24,281,47077.804,47078.172,0.368
1843,decode,21,24,282,47087.196,47087.544,0.347
1844,decode,19,24,283,47096.415,47096.755,0.34
1845,decode,17,24,284,47105.799,47106.154,0.355
1846,decode,13,16,266,47115.155,47115.476,0.32
1847,decode,10,16,262,47124.164,47124.476,0.311
1848,decode,9,16,263,47132.662,47132.973,0.311
1849,decode,9,16,264,47141.257,47141.569,0.312
1850,decode,7,8,265,47150.028,47150.322,0.294
1851,decode,5,8,266,47158.625,47158.912,0.286
1852,decode,4,4,267,47166.765,47167.051,0.286
1853,decode,4,4,268,47174.929,47175.21,0.282
1854,decode,2,2,269,47183.35,47183.633,0.283
1855,decode,1,1,270,47191.466,47191.888,0.422
1856,decode,1,1,271,47199.267,47199.636,0.368
1857,decode,1,1,272,47207.407,47207.78,0.372
1858,decode,1,1,273,47215.546,47215.918,0.371
1859,decode,1,1,274,47223.711,47224.109,0.397
1860,decode,1,1,275,47231.929,47232.314,0.385
1861,prefill,47,8192,271,47253.534,47265.507,11.973
1862,decode,41,48,272,47269.781,47270.255,0.474
1863,decode,35,40,273,47589.771,47590.253,0.482
1864,decode,27,32,270,47594.632,47595.038,0.406
1865,decode,21,24,271,47604.619,47604.975,0.356
1866,decode,17,24,272,47614.242,47614.59,0.348
1867,decode,16,16,273,47623.31,47623.629,0.32
1868,decode,14,16,261,47632.789,47633.12,0.331
1869,decode,12,16,262,47641.93,47642.264,0.334
1870,decode,11,16,263,47650.679,47650.993,0.314
1871,decode,10,16,264,47659.528,47659.842,0.314
1872,decode,9,16,265,47668.274,47668.588,0.314
1873,decode,8,8,266,47676.944,47677.252,0.309
1874,decode,7,8,267,47685.673,47685.959,0.285
1875,decode,4,4,268,47694.215,47694.496,0.281
1876,decode,1,1,269,47702.641,47703.08,0.438
1877,decode,1,1,270,47710.425,47710.803,0.378
1878,prefill,46,8192,269,47730.935,47742.97,12.035
1879,decode,41,48,267,47744.539,47744.995,0.456
1880,decode,35,40,268,48067.745,48068.196,0.451
1881,decode,29,32,269,48072.901,48073.298,0.397
1882,decode,23,24,263,48083.401,48083.755,0.354
1883,decode,17,24,264,48093.458,48093.801,0.343
1884,decode,15,16,265,48102.462,48102.785,0.323
1885,decode,11,16,266,48112.174,48112.498,0.325
1886,decode,9,16,267,48120.937,48121.276,0.339
1887,decode,8,8,268,48129.613,48129.914,0.301
1888,decode,6,8,269,48138.399,48138.697,0.298
1889,decode,5,8,270,48146.782,48147.077,0.296
1890,decode,4,4,271,48155.095,48155.368,0.273
1891,decode,3,4,272,48163.41,48163.675,0.265
1892,decode,3,4,273,48171.528,48171.796,0.268
1893,decode,1,1,274,48179.936,48180.368,0.432
1894,decode,1,1,275,48187.849,48188.236,0.387
1895,decode,1,1,276,48195.959,48196.344,0.385
1896,decode,1,1,277,48204.137,48204.51,0.373
1897,decode,1,1,278,48212.275,48212.645,0.37
1898,decode,1,1,279,48220.4,48220.768,0.368
1899,decode,1,1,280,48228.544,48228.918,0.374
1900,decode,1,1,281,48236.775,48237.157,0.382
1901,prefill,55,8192,269,48258.625,48270.584,11.959
1902,decode,54,56,270,48272.359,48272.84,0.481
1903,decode,46,48,271,48595.168,48595.64,0.472
1904,decode,42,48,272,48600.0,48600.501,0.5
1905,decode,38,40,273,48610.817,48611.241,0.424
1906,decode,34,40,274,48621.493,48621.903,0.41
1907,decode,32,32,275,48631.355,48631.733,0.378
1908,decode,29,32,276,48641.444,48641.841,0.397
1909,decode,23,24,277,48651.595,48651.945,0.35
1910,decode,15,16,278,48661.172,48661.5,0.328
1911,decode,12,16,279,48669.839,48670.166,0.327
1912,decode,8,8,278,48678.629,48678.919,0.291
1913,decode,6,8,279,48687.121,48687.405,0.284
1914,decode,3,4,280,48695.586,48695.859,0.273
1915,decode,3,4,281,48703.559,48703.828,0.269
1916,decode,3,4,282,48711.727,48711.996,0.27
1917,decode,3,4,283,48719.889,48720.191,0.302
1918,decode,1,1,275,48728.342,48728.744,0.402
1919,decode,1,1,276,48736.235,48736.604,0.37
1920,decode,1,1,277,48744.502,48744.88,0.378
1921,decode,1,1,278,48752.514,48752.881,0.367
1922,prefill,60,8192,269,48775.965,48788.053,12.087
1923,decode,59,64,270,48792.443,48792.964,0.521
1924,decode,52,56,266,49114.4,49114.914,0.514
1925,decode,43,48,267,49119.092,49119.541,0.449
1926,decode,39,40,268,49129.231,49129.644,0.413
1927,decode,31,32,269,49140.38,49140.762,0.382
1928,decode,18,24,270,49150.798,49151.174,0.376
1929,decode,18,24,271,49158.809,49159.166,0.356
1930,decode,13,16,272,49168.399,49168.72,0.321
1931,decode,10,16,264,49177.293,49177.606,0.313
1932,decode,8,8,236,49185.797,49186.102,0.305
1933,decode,7,8,236,49194.194,49194.478,0.284
1934,decode,6,8,237,49202.542,49202.824,0.282
1935,decode,6,8,238,49210.75,49211.046,0.296
1936,decode,5,8,239,49219.237,49219.524,0.287
1937,decode,4,4,236,49227.406,49227.679,0.273
1938,decode,4,4,237,49235.66,49235.961,0.3
1939,decode,3,4,238,49243.786,49244.085,0.299
1940,prefill,63,8192,269,49268.174,49280.277,12.103
1941,decode,58,64,270,49284.736,49285.271,0.535
1942,decode,50,56,271,49606.743,49607.26,0.518
1943,decode,41,48,270,49611.143,49611.593,0.45
1944,decode,34,40,271,49621.664,49622.096,0.433
1945,decode,25,32,272,49632.313,49632.696,0.383
1946,decode,19,24,273,49641.753,49642.141,0.388
1947,decode,13,16,274,49651.061,49651.399,0.337
1948,decode,7,8,275,49660.056,49660.36,0.304
1949,decode,7,8,276,49668.111,49668.399,0.289
1950,decode,4,4,253,49676.875,49677.17,0.295
1951,decode,3,4,217,49685.088,49685.354,0.266
1952,decode,2,2,218,49693.326,49693.591,0.265
1953,prefill,50,8192,285,49715.0,49727.067,12.067
1954,decode,47,48,286,49728.561,49729.082,0.521
1955,decode,35,40,287,50051.866,50052.32,0.454
1956,decode,31,32,288,50056.106,50056.49,0.383
1957,decode,25,32,289,50066.734,50067.146,0.411
1958,decode,19,24,281,50076.745,50077.13,0.385
1959,decode,16,16,282,50085.91,50086.252,0.341
1960,decode,11,16,283,50095.583,50095.901,0.317
1961,decode,7,8,284,50104.266,50104.56,0.295
1962,decode,5,8,283,50112.847,50113.151,0.304
1963,decode,4,4,284,50121.045,50121.325,0.28
1964,decode,4,4,285,50129.272,50129.541,0.269
1965,decode,4,4,286,50137.509,50137.777,0.268
1966,decode,3,4,237,50145.901,50146.184,0.284
1967,decode,1,1,166,50154.203,50154.613,0.409
1968,decode,1,1,167,50162.1,50162.466,0.365
1969,decode,1,1,168,50170.247,50170.618,0.371
1970,decode,1,1,169,50178.425,50178.802,0.377
1971,prefill,63,8192,267,50202.716,50215.465,12.749
1972,decode,56,56,268,50219.999,50220.513,0.514
1973,decode,41,48,269,50538.842,50539.341,0.499
1974,decode,38,40,270,50542.29,50542.705,0.415
1975,decode,28,32,271,50553.783,50554.185,0.402
1976,decode,27,32,272,50563.113,50563.485,0.372
1977,decode,24,24,273,50573.075,50573.43,0.355
1978,decode,21,24,266,50582.802,50583.161,0.359
1979,decode,20,24,267,50592.186,50592.546,0.36
1980,decode,17,24,261,50601.758,50602.13,0.371
1981,decode,16,16,262,50610.659,50610.992,0.332
1982,decode,11,16,263,50620.193,50620.518,0.324
1983,decode,9,16,264,50628.573,50628.886,0.313
1984,decode,7,8,265,50637.198,50637.489,0.291
1985,decode,5,8,250,50645.883,50646.179,0.296
1986,decode,4,4,251,50654.06,50654.336,0.275
1987,decode,2,2,184,50662.422,50662.69,0.267
1988,decode,2,2,185,50670.404,50670.664,0.26
1989,decode,2,2,186,50678.472,50678.732,0.259
1990,decode,1,1,187,50686.558,50686.958,0.4
1991,prefill,53,8192,262,50708.625,50720.672,12.047
1992,decode,51,56,263,50725.035,50725.532,0.497
1993,decode,47,48,264,51045.933,51046.423,0.491
1994,decode,39,40,265,51050.854,51051.283,0.428
1995,decode,36,40,266,51061.142,51061.547,0.406
1996,decode,28,32,267,51071.77,51072.168,0.398
1997,decode,21,24,268,51081.609,51082.0,0.392
1998,decode,18,24,269,51090.641,51090.984,0.343
1999,decode,13,16,270,51100.204,51100.526,0.323
2000,decode,10,16,271,51109.285,51109.602,0.317
2001,decode,8,8,272,51117.789,51118.098,0.31
2002,decode,8,8,273,51126.387,51126.672,0.284
2003,decode,7,8,274,51134.889,51135.184,0.295
2004,decode,7,8,275,51143.203,51143.491,0.288
2005,decode,7,8,276,51151.622,51151.904,0.282
2006,decode,3,4,269,51160.455,51160.73,0.275
2007,decode,3,4,270,51168.324,51168.59,0.266
2008,decode,3,4,271,51176.449,51176.714,0.265
2009,decode,3,4,272,51184.606,51184.871,0.265
2010,decode,2,2,273,51192.889,51193.171,0.282
2011,decode,2,2,274,51200.885,51201.176,0.291
2012,decode,1,1,189,51209.043,51209.449,0.406
2013,decode,1,1,190,51216.885,51217.267,0.382
2014,decode,1,1,191,51225.04,51225.408,0.368
2015,decode,1,1,192,51233.159,51233.524,0.365
2016,decode,1,1,193,51241.295,51241.665,0.37
2017,prefill,50,8192,247,51262.346,51274.308,11.962
2018,decode,48,48,248,51278.511,51278.973,0.463
2019,decode,44,48,240,51598.33,51598.798,0.468
2020,decode,41,48,241,51603.507,51603.951,0.443
2021,decode,34,40,242,51614.561,51614.978,0.416
2022,decode,26,32,233,51625.19,51625.572,0.382
2023,decode,21,24,234,51634.614,51634.967,0.353
2024,decode,15,16,235,51644.123,51644.447,0.324
2025,decode,15,16,236,51652.472,51652.787,0.314
2026,decode,14,16,237,51661.455,51661.77,0.315
2027,decode,13,16,238,51670.228,51670.543,0.315
2028,decode,11,16,239,51679.085,51679.403,0.318
2029,decode,11,16,240,51687.595,51687.91,0.314
2030,decode,5,8,218,51696.778,51697.089,0.311
2031,decode,4,4,219,51704.748,51705.039,0.292
2032,decode,3,4,220,51713.131,51713.407,0.277
2033,decode,2,2,221,51721.153,51721.429,0.276
2034,decode,1,1,179,51729.278,51729.691,0.413
2035,decode,1,1,180,51737.129,51737.492,0.363
2036,decode,1,1,181,51745.269,51745.636,0.367
2037,decode,1,1,182,51753.447,51753.812,0.365
2038,decode,1,1,183,51761.565,51761.925,0.36
2039,decode,1,1,184,51769.703,51770.078,0.375
2040,decode,1,1,185,51777.957,51778.347,0.39
2041,decode,1,1,186,51786.03,51786.394,0.365
2042,prefill,46,8192,255,51806.373,51818.337,11.965
2043,decode,42,48,256,51823.05,51823.738,0.688
2044,decode,39,40,257,52144.666,52145.137,0.47
2045,decode,33,40,258,52150.28,52150.691,0.411
2046,decode,25,32,257,52160.827,52161.224,0.397
2047,decode,24,24,256,52170.244,52170.597,0.354
2048,decode,18,24,257,52180.349,52180.692,0.344
2049,decode,15,16,258,52189.32,52189.638,0.319
2050,decode,10,16,259,52198.66,52198.978,0.317
2051,decode,9,16,260,52207.162,52207.475,0.313
2052,decode,6,8,261,52216.119,52216.412,0.292
2053,decode,3,4,248,52224.714,52224.989,0.275
2054,decode,2,2,249,52232.905,52233.203,0.299
2055,decode,1,1,250,52241.155,52241.568,0.412
2056,decode,1,1,251,52249.115,52249.499,0.385
2057,decode,1,1,252,52257.265,52257.644,0.378
2058,decode,1,1,253,52265.423,52265.79,0.367
2059,decode,1,1,254,52273.59,52273.959,0.369
2060,decode,1,1,255,52281.879,52282.274,0.394
2061,decode,1,1,256,52289.963,52290.343,0.38
2062,prefill,53,8192,280,52311.414,52323.55,12.136
2063,decode,48,48,281,52327.84,52328.32,0.479
2064,decode,44,48,282,52648.333,52648.811,0.478
2065,decode,37,40,283,52653.55,52653.978,0.428
2066,decode,31,32,284,52664.211,52664.606,0.395
2067,decode,26,32,285,52674.394,52674.781,0.387
2068,decode,20,24,286,52684.263,52684.614,0.351
2069,decode,16,16,287,52693.452,52693.774,0.322
2070,decode,12,16,288,52702.671,52702.991,0.319
2071,decode,9,16,255,52711.624,52711.936,0.312
2072,decode,6,8,256,52720.336,52720.628,0.292
2073,decode,5,8,257,52728.717,52729.012,0.295
2074,decode,4,4,255,52736.996,52737.283,0.287
2075,decode,3,4,190,52745.317,52745.587,0.27
2076,decode,2,2,191,52753.494,52753.758,0.264
2077,prefill,63,8192,259,52776.78,52789.507,12.726
2078,decode,62,64,260,52791.299,52791.816,0.517
2079,decode,54,56,261,53115.159,53115.711,0.551
2080,decode,44,48,260,53119.049,53119.5,0.45
2081,decode,34,40,261,53129.566,53129.986,0.419
2082,decode,28,32,262,53139.383,53139.772,0.389
2083,decode,20,24,260,53149.494,53149.855,0.361
2084,decode,18,24,261,53158.405,53158.752,0.347
2085,decode,13,16,262,53167.777,53168.113,0.336
2086,decode,9,16,263,53176.857,53177.185,0.328
2087,decode,5,8,264,53185.648,53185.942,0.294
2088,decode,4,4,265,53193.977,53194.267,0.29
2089,decode,2,2,261,53202.437,53202.713,0.275
2090,decode,2,2,262,53210.484,53210.743,0.259
2091,decode,2,2,263,53218.552,53218.81,0.258
2092,decode,2,2,264,53226.614,53226.872,0.258
2093,decode,1,1,265,53234.795,53235.212,0.416
2094,decode,1,1,266,53242.699,53243.081,0.381
2095,decode,1,1,267,53250.811,53251.196,0.385
2096,decode,1,1,268,53258.958,53259.343,0.385
2097,prefill,53,8192,265,53280.548,53292.649,12.101
2098,decode,50,56,266,53294.431,53294.924,0.492
2099,decode,40,40,267,53616.789,53617.245,0.457
2100,decode,32,32,268,53622.041,53622.43,0.389
2101,decode,24,24,269,53632.389,53632.755,0.365
2102,decode,18,24,270,53642.145,53642.516,0.372
2103,decode,15,16,271,53651.34,53651.664,0.324
2104,decode,12,16,272,53660.711,53661.039,0.327
2105,decode,9,16,273,53669.704,53670.04,0.336
2106,decode,7,8,274,53678.342,53678.634,0.291
2107,decode,4,4,275,53687.188,53687.467,0.279
2108,decode,4,4,276,53695.337,53695.607,0.27
2109,decode,4,4,277,53703.543,53703.812,0.268
2110,decode,2,2,278,53712.027,53712.294,0.267
2111,decode,2,2,279,53720.027,53720.291,0.264
2112,decode,2,2,280,53728.055,53728.314,0.259
2113,decode,2,2,281,53736.132,53736.393,0.261
2114,decode,1,1,270,53744.279,53744.681,0.401
2115,decode,1,1,271,53752.175,53752.544,0.369
2116,decode,1,1,272,53760.338,53760.82,0.482
2117,prefill,39,8192,264,53780.092,53792.098,12.006
2118,decode,38,40,265,53796.208,53796.646,0.438
2119,decode,32,32,266,54115.354,54115.756,0.402
2120,decode,25,32,262,54121.844,54122.235,0.391
2121,decode,17,24,263,54132.181,54132.536,0.355
2122,decode,12,16,260,54141.64,54141.965,0.324
2123,decode,11,16,261,54150.531,54150.845,0.314
2124,decode,9,16,260,54159.75,54160.091,0.34
2125,decode,7,8,261,54168.605,54168.898,0.293
2126,decode,7,8,262,54177.359,54177.712,0.352
2127,decode,3,4,248,54186.108,54186.394,0.286
2128,decode,2,2,249,54194.2,54194.473,0.273
2129,decode,2,2,250,54202.29,54202.546,0.256
2130,decode,2,2,251,54210.336,54210.593,0.257
2131,decode,2,2,252,54218.414,54218.668,0.255
2132,decode,2,2,253,54226.418,54226.674,0.256
2133,decode,2,2,254,54234.442,54234.697,0.254
2134,decode,2,2,255,54242.464,54242.719,0.255
2135,decode,2,2,256,54250.459,54250.714,0.255
2136,decode,1,1,230,54258.569,54258.976,0.406
2137,decode,1,1,231,54266.518,54266.895,0.376
2138,decode,1,1,232,54274.6,54274.977,0.376
2139,decode,1,1,233,54282.738,54283.119,0.381
2140,decode,1,1,234,54290.991,54291.387,0.396
2141,decode,1,1,235,54299.029,54299.417,0.388
2142,prefill,57,8192,261,54324.093,54336.16,12.067
2143,decode,54,56,262,54337.974,54338.479,0.505
2144,decode,48,48,263,54661.597,54662.092,0.495
2145,decode,42,48,260,54706.474,54706.907,0.434
2146,decode,32,32,261,54709.768,54710.188,0.42
2147,decode,24,24,262,54719.219,54719.574,0.355
2148,decode,17,24,258,54728.506,54728.862,0.356
2149,decode,14,16,259,54736.939,54737.286,0.348
2150,decode,12,16,260,54745.804,54746.143,0.339
2151,decode,11,16,253,54754.367,54754.69,0.323
2152,decode,7,8,254,54763.275,54763.567,0.292
2153,decode,5,8,242,54771.592,54771.879,0.287
2154,decode,5,8,243,54779.63,54779.91,0.28
2155,decode,4,4,244,54787.952,54788.239,0.287
2156,decode,3,4,245,54796.216,54796.484,0.268
2157,decode,3,4,246,54804.322,54804.591,0.269
2158,decode,1,1,247,54812.686,54813.104,0.417
2159,decode,1,1,248,54820.571,54820.94,0.369
2160,prefill,55,8192,266,54843.175,54855.241,12.066
2161,decode,52,56,267,54859.595,54860.111,0.516
2162,decode,45,48,268,55179.622,55180.115,0.493
2163,decode,39,40,269,55184.404,55184.82,0.416
2164,decode,34,40,270,55194.899,55195.319,0.42
2165,decode,29,32,271,55204.947,55205.34,0.393
2166,decode,26,32,272,55214.741,55215.132,0.39
2167,decode,23,24,273,55224.223,55224.576,0.353
2168,decode,21,24,274,55233.645,55233.991,0.347
2169,decode,18,24,275,55243.02,55243.365,0.345
2170,decode,14,16,276,55252.332,55252.654,0.321
2171,decode,12,16,277,55261.192,55261.508,0.316
2172,decode,12,16,278,55269.777,55270.104,0.327
2173,decode,12,16,279,55278.467,55278.787,0.32
2174,decode,10,16,280,55287.443,55287.757,0.313
2175,decode,9,16,281,55296.037,55296.352,0.315
2176,decode,9,16,282,55304.647,55304.96,0.312
2177,decode,8,8,283,55313.274,55313.567,0.293
2178,decode,6,8,279,55322.067,55322.354,0.287
2179,decode,5,8,280,55330.326,55330.61,0.284
2180,decode,4,4,272,55338.728,55339.037,0.309
2181,decode,4,4,273,55346.754,55347.038,0.284
2182,decode,4,4,274,55354.912,55355.196,0.284
2183,decode,3,4,275,55363.277,55363.543,0.266
2184,decode,3,4,276,55371.315,55371.583,0.268
2185,decode,3,4,277,55379.469,55379.735,0.266
2186,decode,3,4,278,55387.625,55387.895,0.271
2187,decode,3,4,279,55395.774,55396.054,0.28
2188,decode,3,4,280,55403.878,55404.157,0.28
2189,decode,3,4,281,55412.022,55412.288,0.266
2190,decode,3,4,282,55420.144,55420.411,0.268
2191,decode,3,4,283,55428.308,55428.572,0.264
2192,decode,2,2,284,55436.672,55436.948,0.276
2193,decode,1,1,285,55444.658,55445.092,0.435
2194,decode,1,1,286,55452.537,55452.905,0.368
2195,prefill,61,8192,271,55476.023,55488.291,12.268
2196,decode,60,64,272,55492.798,55493.345,0.547
2197,decode,55,56,273,55819.694,55820.214,0.52
2198,decode,46,48,274,55824.089,55824.536,0.447
2199,decode,39,40,275,55834.782,55835.208,0.426
2200,decode,34,40,276,55845.724,55846.16,0.436
2201,decode,29,32,277,55855.202,55855.599,0.398
2202,decode,28,32,278,55864.636,55865.045,0.409
2203,decode,26,32,279,55874.51,55874.888,0.378
2204,decode,22,24,280,55883.989,55884.353,0.364
2205,decode,20,24,281,55893.184,55893.526,0.341
2206,decode,17,24,282,55902.462,55902.804,0.343
2207,decode,16,16,283,55911.275,55911.597,0.322
2208,decode,14,16,284,55920.495,55920.808,0.313
2209,decode,8,8,285,55929.716,55930.018,0.302
2210,decode,7,8,286,55937.898,55938.224,0.325
2211,decode,6,8,287,55946.237,55946.521,0.285
2212,decode,5,8,286,55954.61,55954.913,0.303
2213,decode,5,8,287,55962.741,55963.05,0.309
2214,decode,4,4,288,55971.106,55971.398,0.293
2215,decode,4,4,289,55979.251,55979.529,0.278
2216,decode,2,2,290,55987.594,55987.868,0.274
2217,decode,1,1,250,55995.657,55996.071,0.414
2218,decode,1,1,251,56003.494,56003.854,0.36
2219,prefill,52,8192,267,56025.494,56037.445,11.951
2220,decode,49,56,268,56041.941,56042.459,0.518
2221,decode,43,48,269,56363.208,56363.683,0.475
2222,decode,39,40,270,56367.891,56368.333,0.443
2223,decode,30,32,271,56379.151,56379.549,0.398
2224,decode,22,24,272,56389.167,56389.533,0.365
2225,decode,18,24,273,56398.536,56398.895,0.359
2226,decode,12,16,274,56407.993,56408.344,0.351
2227,decode,9,16,273,56416.734,56417.076,0.342
2228,decode,8,8,274,56425.222,56425.514,0.292
2229,decode,6,8,275,56434.076,56434.362,0.285
2230,decode,4,4,276,56442.46,56442.737,0.277
2231,decode,3,4,277,56450.662,56450.936,0.275
2232,decode,3,4,278,56458.782,56459.063,0.282
2233,prefill,46,8192,284,56479.582,56491.533,11.952
2234,decode,43,48,285,56495.683,56496.164,0.48
2235,decode,35,40,281,56817.726,56818.206,0.48
2236,decode,21,24,282,56824.189,56824.548,0.359
2237,decode,16,16,283,56833.202,56833.54,0.338
2238,decode,10,16,284,56842.844,56843.176,0.332
2239,decode,4,4,246,56851.967,56852.26,0.293
2240,decode,1,1,209,56860.751,56861.169,0.419
2241,decode,1,1,210,56868.747,56869.13,0.383
2242,prefill,58,8192,247,56891.379,56903.498,12.119
2243,decode,53,56,248,56905.25,56905.735,0.485
2244,decode,45,48,249,57227.636,57228.137,0.501
2245,decode,37,40,250,57231.756,57232.189,0.433
2246,decode,30,32,243,57242.205,57242.595,0.39
2247,decode,24,24,240,57252.139,57252.494,0.355
2248,decode,20,24,241,57261.714,57262.086,0.372
2249,decode,15,16,242,57271.185,57271.509,0.324
2250,decode,12,16,243,57280.022,57280.339,0.317
2251,decode,11,16,244,57288.733,57289.063,0.33
2252,decode,9,16,245,57297.594,57297.908,0.315
2253,decode,7,8,246,57306.341,57306.635,0.294
2254,decode,5,8,247,57314.983,57315.281,0.298
2255,decode,5,8,248,57323.15,57323.433,0.283
2256,decode,4,4,249,57331.551,57331.825,0.274
2257,decode,2,2,249,57340.029,57340.298,0.268
2258,prefill,55,8192,284,57362.904,57375.018,12.114
2259,decode,52,56,285,57376.795,57377.299,0.503
2260,decode,43,48,286,57700.995,57701.476,0.481
2261,decode,32,32,287,57705.816,57706.216,0.399
2262,decode,30,32,288,57715.584,57715.957,0.373
2263,decode,25,32,289,57726.052,57726.429,0.377
2264,decode,21,24,290,57735.732,57736.097,0.364
2265,decode,19,24,291,57744.992,57745.348,0.356
2266,decode,17,24,292,57754.486,57754.828,0.342
2267,decode,17,24,293,57763.56,57763.911,0.351
2268,decode,14,16,294,57773.154,57773.478,0.324
2269,decode,10,16,295,57782.597,57782.91,0.314
2270,decode,8,8,296,57791.129,57791.424,0.295
2271,decode,8,8,297,57799.548,57799.832,0.284
2272,decode,7,8,298,57808.122,57808.407,0.286
2273,decode,4,4,289,57816.751,57817.042,0.292
2274,decode,4,4,290,57824.783,57825.064,0.281
2275,decode,2,2,287,57833.217,57833.483,0.266
2276,decode,2,2,288,57841.219,57841.479,0.26
2277,decode,2,2,289,57849.245,57849.502,0.257
2278,decode,1,1,283,57857.403,57857.808,0.406
2279,decode,1,1,284,57865.319,57865.688,0.37
2280,decode,1,1,285,57873.555,57873.923,0.368
2281,decode,1,1,286,57881.631,57881.995,0.364
2282,prefill,56,8192,274,57904.344,57917.668,13.325
2283,decode,51,56,275,57922.791,57923.33,0.538
2284,decode,41,48,276,58242.997,58243.497,0.5
2285,decode,30,32,269,58247.356,58247.742,0.386
2286,decode,19,24,270,58258.116,58258.478,0.362
2287,decode,18,24,271,58266.943,58267.303,0.36
2288,decode,14,16,272,58276.729,58277.067,0.338
2289,decode,12,16,273,58286.054,58286.374,0.32
2290,decode,7,8,272,58295.348,58295.642,0.294
2291,decode,6,8,273,58303.837,58304.14,0.303
2292,decode,4,4,274,58312.355,58312.652,0.297
2293,decode,4,4,275,58320.558,58320.829,0.271
2294,decode,4,4,276,58328.817,58329.098,0.282
2295,decode,2,2,276,58337.316,58337.583,0.267
2296,decode,1,1,164,58345.478,58345.877,0.399
2297,prefill,40,8192,280,58365.425,58378.104,12.679
2298,decode,37,40,281,58382.427,58382.873,0.446
2299,decode,32,32,282,58700.559,58700.964,0.405
2300,decode,28,32,283,58706.406,58706.781,0.375
2301,decode,22,24,251,58716.802,58717.167,0.365
2302,decode,18,24,252,58726.726,58727.084,0.358
2303,decode,14,16,253,58736.169,58736.493,0.324
2304,decode,12,16,254,58745.371,58745.686,0.315
2305,decode,10,16,252,58754.423,58754.748,0.325
2306,decode,6,8,251,58763.415,58763.707,0.292
2307,decode,5,8,252,58771.847,58772.143,0.296
2308,decode,4,4,253,58780.208,58780.491,0.283
2309,decode,3,4,254,58788.618,58788.896,0.277
2310,decode,1,1,249,58796.908,58797.329,0.421
2311,decode,1,1,250,58804.865,58805.248,0.383
2312,prefill,57,8192,279,58827.203,58839.203,11.999
2313,decode,55,56,280,58840.944,58841.484,0.54
2314,decode,45,48,281,59163.613,59164.095,0.482
2315,decode,38,40,282,59168.301,59168.723,0.423
2316,decode,32,32,273,59178.756,59179.154,0.398
2317,decode,30,32,274,59188.56,59188.936,0.376
2318,decode,25,32,275,59198.894,59199.301,0.407
2319,decode,22,24,276,59208.249,59208.616,0.367
2320,decode,16,16,259,59218.025,59218.349,0.325
2321,decode,13,16,256,59226.781,59227.112,0.33
2322,decode,12,16,252,59235.522,59235.837,0.315
2323,decode,11,16,253,59244.339,59244.655,0.316
2324,decode,9,16,254,59253.233,59253.549,0.316
2325,decode,9,16,255,59261.683,59262.0,0.316
2326,decode,7,8,256,59270.508,59270.808,0.3
2327,decode,5,8,257,59279.091,59279.382,0.291
2328,decode,3,4,258,59287.4,59287.684,0.284
2329,decode,3,4,259,59295.427,59295.693,0.266
2330,decode,3,4,260,59303.62,59303.897,0.277
2331,decode,3,4,261,59311.773,59312.062,0.289
2332,decode,2,2,238,59320.092,59320.369,0.277
2333,decode,1,1,182,59328.249,59328.665,0.416
2334,prefill,52,8192,270,59350.406,59362.388,11.982
2335,decode,51,56,271,59366.858,59367.375,0.518
2336,decode,49,56,272,59688.628,59689.139,0.512
2337,decode,41,48,273,59693.469,59693.913,0.445
2338,decode,34,40,274,59706.628,59707.069,0.44
2339,decode,30,32,275,59714.729,59715.142,0.413
2340,decode,24,24,276,59725.142,59725.508,0.366
2341,decode,20,24,277,59734.563,59734.917,0.354
2342,decode,17,24,278,59743.81,59744.177,0.366
2343,decode,13,16,279,59753.208,59753.539,0.331
2344,decode,11,16,277,59761.986,59762.327,0.34
2345,decode,10,16,278,59770.676,59770.992,0.316
2346,decode,7,8,279,59779.641,59779.936,0.295
2347,decode,4,4,280,59788.332,59788.61,0.278
2348,decode,3,4,281,59796.441,59796.708,0.267
2349,decode,2,2,282,59804.706,59804.972,0.266
2350,decode,2,2,283,59812.799,59813.07,0.271
2351,decode,2,2,284,59820.868,59821.153,0.285
2352,decode,2,2,285,59828.874,59829.146,0.272
2353,decode,1,1,239,59837.019,59837.422,0.402
2354,decode,1,1,240,59844.943,59845.324,0.381
2355,decode,1,1,241,59853.112,59853.482,0.37
2356,decode,1,1,242,59861.331,59861.699,0.368
2357,decode,1,1,243,59869.47,59869.84,0.371
2358,prefill,62,8192,265,59893.245,59905.4,12.155
2359,decode,59,64,266,59907.312,59907.834,0.522
2360,decode,45,48,267,60231.287,60231.785,0.498
2361,decode,27,32,268,60236.538,60236.938,0.399
2362,decode,24,24,269,60245.097,60245.468,0.37
2363,decode,18,24,270,60254.908,60255.283,0.376
2364,decode,15,16,271,60264.081,60264.405,0.324
2365,decode,13,16,272,60273.152,60273.466,0.314
2366,decode,10,16,273,60282.222,60282.535,0.313
2367,decode,10,16,274,60290.632,60290.947,0.316
2368,decode,10,16,275,60299.348,60299.661,0.313
2369,decode,9,16,276,60308.192,60308.507,0.315
2370,decode,8,8,277,60316.765,60317.072,0.307
2371,decode,7,8,273,60325.343,60325.628,0.285
2372,decode,5,8,274,60333.71,60333.994,0.284
2373,decode,4,4,275,60341.838,60342.123,0.285
2374,decode,4,4,276,60350.051,60350.333,0.282
2375,decode,2,2,258,60358.408,60358.673,0.265
2376,decode,2,2,259,60366.339,60366.597,0.258
2377,prefill,59,8192,256,60389.523,60401.536,12.013
2378,decode,58,64,257,60405.865,60406.405,0.54
2379,decode,51,56,258,60728.797,60729.325,0.529
2380,decode,38,40,253,60734.625,60735.055,0.43
2381,decode,24,24,254,60745.467,60745.819,0.352
2382,decode,15,16,255,60754.773,60755.11,0.337
2383,decode,15,16,256,60762.959,60763.292,0.333
2384,decode,10,16,257,60772.623,60772.951,0.327
2385,decode,7,8,258,60781.379,60781.696,0.317
2386,decode,7,8,259,60789.688,60789.98,0.293
2387,decode,6,8,260,60798.377,60798.67,0.293
2388,decode,5,8,261,60806.746,60807.039,0.293
2389,decode,2,2,256,60815.33,60815.597,0.267
2390,decode,2,2,257,60823.261,60823.519,0.258
2391,decode,1,1,258,60831.431,60831.836,0.406
2392,decode,1,1,259,60839.358,60839.728,0.369
2393,prefill,50,8192,264,60861.564,60874.26,12.696
2394,decode,47,48,265,60879.039,60879.546,0.507
2395,decode,40,40,266,61199.056,61199.519,0.464
2396,decode,32,32,267,61203.532,61203.919,0.387
2397,decode,25,32,267,61213.897,61214.304,0.407
2398,decode,16,16,266,61224.034,61224.361,0.327
2399,decode,13,16,267,61233.034,61233.354,0.32
2400,decode,10,16,268,61241.889,61242.218,0.328
2401,decode,9,16,269,61250.579,61250.895,0.315
2402,decode,3,4,263,61259.848,61260.142,0.294
2403,decode,3,4,264,61267.916,61268.216,0.301
2404,decode,3,4,265,61276.158,61276.437,0.279
2405,decode,2,2,266,61284.455,61284.732,0.277
2406,decode,2,2,267,61292.532,61292.797,0.265
2407,decode,1,1,260,61300.668,61301.09,0.422
2408,prefill,49,8192,273,61321.72,61333.756,12.036
2409,decode,47,48,274,61337.982,61338.475,0.493
2410,decode,39,40,275,61658.834,61659.298,0.464
2411,decode,33,40,276,61664.014,61664.425,0.411
2412,decode,28,32,277,61674.495,61674.886,0.391
2413,decode,25,32,278,61684.278,61684.664,0.387
2414,decode,22,24,279,61693.834,61694.204,0.37
2415,decode,16,16,272,61703.77,61704.121,0.351
2416,decode,11,16,273,61712.879,61713.223,0.344
2417,decode,9,16,274,61721.488,61721.806,0.318
2418,decode,7,8,275,61730.22,61730.515,0.295
2419,decode,5,8,269,61738.96,61739.28,0.32
2420,decode,5,8,270,61747.283,61747.569,0.286
2421,decode,4,4,271,61755.628,61755.903,0.275
2422,decode,2,2,272,61764.044,61764.321,0.277
2423,decode,2,2,273,61772.06,61772.322,0.262
2424,decode,2,2,274,61780.083,61780.342,0.259
2425,prefill,47,8192,294,61801.259,61813.913,12.654
2426,decode,41,48,295,61818.431,61818.918,0.486
2427,decode,32,32,296,62137.904,62138.347,0.443
2428,decode,22,24,289,62143.335,62143.721,0.385
2429,decode,17,24,290,62152.839,62153.201,0.362
2430,decode,13,16,291,62162.401,62162.73,0.329
2431,decode,12,16,292,62171.555,62171.873,0.319
2432,decode,4,4,293,62181.198,62181.477,0.279
2433,decode,3,4,294,62189.438,62189.707,0.269
2434,decode,3,4,295,62197.767,62198.062,0.295
2435,decode,3,4,296,62206.138,62206.426,0.288
2436,decode,2,2,297,62214.543,62214.817,0.274
2437,decode,2,2,298,62222.733,62222.996,0.262
2438,decode,2,2,299,62230.848,62231.139,0.291
2439,prefill,47,8192,255,62252.173,62264.097,11.924
2440,decode,45,48,256,62268.508,62268.974,0.467
2441,decode,42,48,257,62589.63,62590.288,0.658
2442,decode,36,40,258,62593.903,62594.346,0.444
2443,decode,27,32,259,62605.015,62605.404,0.389
2444,decode,24,24,260,62614.586,62614.959,0.373
2445,decode,19,24,261,62624.544,62624.904,0.36
2446,decode,15,16,257,62633.857,62634.214,0.358
2447,decode,11,16,258,62643.231,62643.577,0.347
2448,decode,8,8,257,62652.052,62652.363,0.311
2449,decode,8,8,258,62660.466,62660.763,0.297
2450,decode,5,8,259,62669.293,62669.582,0.289
2451,decode,3,4,260,62677.57,62677.849,0.279
2452,decode,1,1,218,62685.854,62686.281,0.426
2453,prefill,51,8192,272,62707.487,62719.983,12.496
2454,decode,48,48,273,62721.652,62722.168,0.516
2455,decode,42,48,268,63045.173,63045.66,0.487
2456,decode,32,32,269,63050.024,63050.429,0.405
2457,decode,27,32,270,63060.131,63060.516,0.385
2458,decode,22,24,271,63070.063,63070.42,0.356
2459,decode,19,24,272,63079.648,63080.023,0.375
2460,decode,16,16,273,63089.066,63089.408,0.342
2461,decode,16,16,274,63097.819,63098.15,0.331
2462,decode,13,16,275,63107.111,63107.43,0.319
2463,decode,11,16,276,63115.85,63116.182,0.331
2464,decode,10,16,272,63124.556,63124.872,0.316
2465,decode,9,16,273,63133.273,63133.592,0.319
2466,decode,9,16,274,63141.838,63142.166,0.328
2467,decode,9,16,275,63150.559,63150.875,0.316
2468,decode,8,8,276,63159.224,63159.518,0.294
2469,decode,6,8,271,63167.963,63168.266,0.302
2470,decode,5,8,272,63176.253,63176.541,0.287
2471,decode,5,8,273,63184.396,63184.681,0.285
2472,decode,4,4,267,63192.759,63193.051,0.292
2473,decode,4,4,268,63200.946,63201.242,0.296
2474,decode,2,2,227,63209.371,63209.649,0.278
2475,decode,2,2,228,63217.289,63217.55,0.261
2476,decode,1,1,164,63225.38,63225.782,0.402
2477,decode,1,1,165,63233.298,63233.665,0.368
2478,decode,1,1,166,63241.429,63241.796,0.366
2479,decode,1,1,167,63249.566,63249.936,0.37
2480,decode,1,1,168,63257.806,63258.193,0.388
2481,decode,1,1,169,63265.834,63266.22,0.386
2482,decode,1,1,170,63273.988,63274.371,0.384
2483,prefill,46,8192,270,63294.845,63307.558,12.713
2484,decode,40,40,271,63309.097,63309.53,0.433
2485,decode,31,32,272,63633.374,63633.815,0.44
2486,decode,27,32,273,63638.198,63638.592,0.394
2487,decode,20,24,274,63648.657,63649.025,0.368
2488,decode,13,16,275,63658.475,63658.8,0.325
2489,decode,9,16,276,63667.673,63667.991,0.318
2490,decode,9,16,277,63676.234,63676.553,0.318
2491,decode,8,8,278,63685.106,63685.4,0.294
2492,decode,6,8,279,63693.971,63694.27,0.299
2493,decode,4,4,280,63702.497,63702.775,0.278
2494,decode,3,4,281,63710.765,63711.048,0.283
2495,decode,2,2,234,63719.113,63719.384,0.271
2496,decode,2,2,235,63727.206,63727.477,0.271
2497,decode,1,1,231,63735.341,63735.759,0.418
2498,prefill,53,8192,273,63757.702,63769.776,12.074
2499,decode,48,48,270,63773.98,63774.478,0.498
2500,decode,40,40,271,64096.283,64096.737,0.454
2501,decode,31,32,272,64101.163,64101.551,0.388
2502,decode,24,24,273,64111.215,64111.578,0.363
2503,decode,17,24,267,64121.205,64121.556,0.352
2504,decode,15,16,268,64130.186,64130.511,0.325
2505,decode,9,16,269,64139.949,64140.281,0.332
2506,decode,8,8,270,64148.415,64148.78,0.365
2507,decode,5,8,271,64157.344,64157.64,0.295
2508,decode,4,4,272,64165.619,64165.908,0.289
2509,decode,4,4,273,64173.855,64174.153,0.298
2510,decode,2,2,274,64182.296,64182.561,0.265
2511,decode,2,2,275,64190.326,64190.585,0.259
2512,decode,2,2,276,64198.374,64198.637,0.263
2513,decode,1,1,275,64206.581,64206.977,0.396
2514,decode,1,1,276,64214.472,64214.837,0.365
2515,decode,1,1,277,64222.591,64222.956,0.365
2516,prefill,64,8192,282,64248.208,64260.365,12.157
2517,decode,60,64,283,64262.411,64263.165,0.753
2518,decode,51,56,284,64587.784,64588.374,0.589
2519,decode,44,48,270,64591.501,64591.965,0.464
2520,decode,29,32,267,64602.75,64603.166,0.416
2521,decode,27,32,268,64611.504,64611.881,0.377
2522,decode,20,24,269,64621.643,64621.998,0.355
2523,decode,18,24,270,64630.567,64630.913,0.347
2524,decode,15,16,271,64639.828,64640.163,0.336
2525,decode,14,16,272,64648.714,64649.041,0.327
2526,decode,12,16,273,64657.728,64658.057,0.329
2527,decode,10,16,274,64666.534,64666.849,0.315
2528,decode,10,16,275,64675.049,64675.377,0.329
2529,decode,9,16,276,64683.777,64684.107,0.33
2530,decode,6,8,277,64692.59,64692.893,0.303
2531,decode,5,8,234,64700.899,64701.219,0.32
2532,decode,5,8,235,64709.049,64709.332,0.284
2533,decode,2,2,153,64717.585,64717.85,0.265
2534,decode,2,2,154,64725.52,64725.779,0.259
2535,decode,1,1,155,64733.646,64734.059,0.413
2536,decode,1,1,156,64741.525,64741.893,0.368
2537,prefill,68,8192,259,64766.973,64779.159,12.186
2538,decode,62,64,260,64781.065,64781.586,0.521
2539,decode,47,48,258,65106.343,65107.074,0.732
2540,decode,31,32,253,65111.311,65111.856,0.544
2541,decode,24,24,254,65120.244,65120.738,0.494
2542,decode,20,24,255,65129.689,65130.091,0.401
2543,decode,13,16,250,65139.59,65140.033,0.443
2544,decode,9,16,251,65148.464,65148.798,0.334
2545,decode,5,8,245,65157.341,65157.739,0.398
2546,decode,4,4,231,65165.652,65166.05,0.399
2547,decode,2,2,232,65174.175,65174.562,0.387
2548,prefill,58,8192,244,65197.75,65210.024,12.274
2549,decode,53,56,245,65211.783,65212.38,0.597
2550,decode,49,56,246,65536.654,65537.223,0.569
2551,decode,38,40,247,65541.027,65541.536,0.509
2552,decode,29,32,248,65551.541,65551.939,0.397
2553,decode,25,32,249,65560.998,65561.391,0.393
2554,decode,19,24,250,65570.929,65571.306,0.377
2555,decode,17,24,251,65579.745,65580.121,0.377
2556,decode,9,16,216,65589.556,65589.888,0.332
2557,decode,9,16,217,65597.695,65598.031,0.336
2558,decode,6,8,218,65606.596,65606.901,0.305
2559,decode,4,4,170,65615.045,65615.327,0.282
2560,decode,3,4,164,65623.46,65623.735,0.275
2561,decode,2,2,165,65631.56,65631.844,0.284
2562,decode,2,2,166,65639.632,65639.901,0.269
2563,decode,1,1,167,65647.863,65648.551,0.688
2564,prefill,76,8192,263,65675.057,65687.27,12.213
2565,decode,71,72,264,65691.955,65693.364,1.409
2566,decode,66,72,265,66015.46,66016.096,0.636
2567,decode,53,56,264,66020.258,66020.745,0.487
2568,decode,44,48,265,66030.968,66031.431,0.463
2569,decode,34,40,266,66041.326,66041.742,0.416
2570,decode,30,32,267,66050.882,66051.277,0.395
2571,decode,25,32,268,66060.711,66061.105,0.394
2572,decode,20,24,269,66070.025,66070.388,0.364
2573,decode,18,24,270,66079.014,66079.375,0.36
2574,decode,12,16,271,66088.331,66088.662,0.331
2575,decode,6,8,272,66097.26,66097.561,0.3
2576,decode,6,8,273,66105.155,66105.445,0.29
2577,decode,5,8,274,66113.655,66113.942,0.287
2578,decode,4,4,275,66121.89,66122.183,0.293
2579,decode,3,4,276,66130.223,66130.51,0.287
2580,decode,2,2,277,66138.52,66138.797,0.277
2581,decode,1,1,272,66146.563,66146.985,0.422
2582,decode,1,1,273,66154.52,66154.899,0.379
2583,prefill,48,8192,254,66175.898,66187.85,11.952
2584,decode,46,48,255,66189.325,66189.79,0.465
2585,decode,45,48,256,66513.94,66514.435,0.496
2586,decode,35,40,255,66519.279,66519.703,0.424
2587,decode,22,24,256,66530.541,66530.903,0.363
2588,decode,16,16,257,66539.951,66540.295,0.344
2589,decode,14,16,258,66548.986,66549.328,0.342
2590,decode,11,16,241,66558.359,66558.676,0.317
2591,decode,9,16,242,66567.219,66567.539,0.319
2592,decode,6,8,243,66576.181,66576.484,0.304
2593,decode,5,8,244,66584.687,66584.977,0.29
2594,decode,4,4,245,66593.128,66593.423,0.295
2595,decode,2,2,246,66601.563,66601.85,0.287
2596,decode,2,2,247,66609.729,66610.044,0.315
2597,decode,1,1,248,66617.805,66618.252,0.447
2598,decode,1,1,249,66625.709,66626.105,0.396
2599,decode,1,1,250,66633.875,66634.267,0.392
2600,decode,1,1,251,66642.196,66642.569,0.374
2601,decode,1,1,252,66650.26,66650.638,0.378
2602,decode,1,1,253,66658.427,66658.809,0.382
2603,decode,1,1,254,66666.569,66666.948,0.378
2604,prefill,60,8192,265,66690.02,66702.202,12.182
2605,decode,58,64,266,66704.099,66704.707,0.607
2606,decode,52,56,267,67029.478,67030.032,0.554
2607,decode,46,48,268,67033.068,67033.538,0.47
2608,decode,39,40,269,67044.283,67044.723,0.44
2609,decode,37,40,270,67054.273,67054.702,0.429
2610,decode,32,32,271,67064.722,67065.118,0.396
2611,decode,30,32,272,67074.363,67074.74,0.377
2612,decode,23,24,273,67084.504,67084.857,0.353
2613,decode,19,24,274,67093.679,67094.044,0.365
2614,decode,13,16,275,67102.889,67103.243,0.354
2615,decode,11,16,276,67111.405,67111.726,0.32
2616,decode,9,16,276,67120.133,67120.449,0.316
2617,decode,9,16,277,67128.634,67128.95,0.316
2618,decode,6,8,278,67137.515,67137.819,0.304
2619,decode,5,8,279,67145.821,67146.129,0.307
2620,decode,4,4,280,67154.265,67154.558,0.294
2621,decode,4,4,281,67162.3,67162.576,0.276
2622,decode,4,4,282,67170.502,67170.787,0.286
2623,decode,2,2,213,67178.863,67179.15,0.286
2624,decode,1,1,214,67186.974,67187.398,0.424
2625,decode,1,1,215,67194.855,67195.242,0.388
2626,decode,1,1,216,67203.015,67203.389,0.374
2627,decode,1,1,217,67211.191,67211.567,0.376
2628,decode,1,1,218,67219.387,67219.762,0.375
2629,prefill,54,8192,250,67243.14,67255.747,12.607
2630,decode,51,56,251,67257.545,67258.074,0.529
2631,decode,47,48,252,67584.81,67585.454,0.644
2632,decode,38,40,253,67588.393,67588.832,0.439
2633,decode,31,32,254,67598.677,67599.094,0.416
2634,decode,26,32,247,67608.413,67608.812,0.399
2635,decode,18,24,248,67618.734,67619.136,0.402
2636,decode,13,16,249,67627.599,67627.937,0.338
2637,decode,7,8,250,67636.801,67637.129,0.329
2638,decode,4,4,251,67645.328,67645.614,0.287
2639,decode,3,4,252,67653.48,67653.766,0.286
2640,decode,1,1,253,67662.041,67662.471,0.43
2641,decode,1,1,254,67669.872,67670.296,0.424
2642,decode,1,1,255,67678.096,67678.486,0.39
2643,prefill,58,8192,247,67702.924,67715.471,12.547
2644,decode,55,56,248,67717.278,67717.792,0.514
2645,decode,49,56,249,68042.348,68042.883,0.535
2646,decode,42,48,250,68046.323,68046.791,0.468
2647,decode,39,40,251,68056.29,68056.71,0.42
2648,decode,32,32,252,68066.95,68067.349,0.399
2649,decode,29,32,253,68076.501,68076.887,0.386
2650,decode,25,32,254,68086.248,68086.637,0.389
2651,decode,20,24,255,68095.828,68096.198,0.371
2652,decode,19,24,256,68104.543,68104.888,0.345
2653,decode,15,16,245,68113.874,68114.214,0.34
2654,decode,14,16,246,68122.556,68122.883,0.328
2655,decode,12,16,247,68131.372,68131.701,0.329
2656,decode,11,16,248,68140.035,68140.361,0.326
2657,decode,9,16,249,68148.742,68149.079,0.337
2658,decode,7,8,250,68157.227,68157.527,0.301
2659,decode,4,4,249,68165.766,68166.076,0.311
2660,decode,3,4,250,68173.96,68174.255,0.295
2661,decode,3,4,251,68181.883,68182.207,0.324
2662,decode,1,1,252,68190.261,68190.675,0.414
2663,decode,1,1,253,68198.168,68198.606,0.438
2664,prefill,65,8192,264,68223.586,68235.793,12.208
2665,decode,64,64,265,68237.836,68238.373,0.537
2666,decode,52,56,266,68562.505,68563.042,0.537
2667,decode,47,48,267,68567.065,68567.512,0.447
2668,decode,43,48,268,68577.878,68578.327,0.449
2669,decode,38,40,269,68588.543,68588.957,0.414
2670,decode,30,32,270,68599.293,68599.685,0.392
2671,decode,27,32,269,68608.666,68609.069,0.403
2672,decode,24,24,270,68618.118,68618.481,0.363
2673,decode,21,24,271,68627.611,68627.979,0.368
2674,decode,18,24,263,68636.722,68637.109,0.387
2675,decode,14,16,264,68645.826,68646.188,0.361
2676,decode,11,16,265,68654.601,68654.925,0.324
2677,decode,9,16,266,68663.265,68663.585,0.321
2678,decode,6,8,267,68671.899,68672.215,0.316
2679,decode,6,8,268,68680.132,68680.429,0.297
2680,decode,4,4,257,68688.811,68689.106,0.295
2681,decode,2,2,258,68696.933,68697.226,0.293
2682,decode,1,1,109,68704.982,68705.414,0.431
2683,decode,1,1,110,68712.864,68713.251,0.387
2684,decode,1,1,111,68720.951,68721.383,0.431
2685,prefill,55,8192,263,68746.592,68759.558,12.965
2686,decode,53,56,264,68764.868,68765.414,0.546
2687,decode,45,48,265,69087.728,69088.306,0.578
2688,decode,38,40,261,69091.043,69091.474,0.431
2689,decode,34,40,262,69101.182,69101.594,0.412
2690,decode,33,40,263,69111.238,69111.678,0.441
2691,decode,31,32,264,69121.394,69121.82,0.426
2692,decode,26,32,265,69131.707,69132.1,0.393
2693,decode,22,24,266,69141.242,69141.636,0.394
2694,decode,19,24,267,69150.47,69150.821,0.352
2695,decode,16,16,268,69159.604,69159.933,0.329
2696,decode,15,16,269,69168.471,69168.802,0.331
2697,decode,14,16,270,69177.332,69177.654,0.321
2698,decode,12,16,260,69186.197,69186.552,0.356
2699,decode,10,16,261,69195.019,69195.355,0.335
2700,decode,10,16,262,69203.62,69203.961,0.341
2701,decode,9,16,263,69212.218,69212.534,0.315
2702,decode,7,8,264,69220.882,69221.233,0.351
2703,decode,5,8,265,69229.414,69229.705,0.291
2704,decode,4,4,266,69237.62,69237.904,0.284
2705,decode,4,4,267,69245.983,69246.274,0.291
2706,decode,3,4,268,69254.196,69254.486,0.29
2707,decode,3,4,269,69262.247,69262.522,0.275
2708,decode,3,4,270,69270.434,69270.712,0.278
2709,decode,2,2,271,69278.624,69278.9,0.277
2710,decode,1,1,272,69286.815,69287.249,0.433
2711,decode,1,1,273,69294.686,69295.083,0.397
2712,decode,1,1,274,69302.838,69303.223,0.385
2713,prefill,56,8192,257,69326.345,69338.427,12.082
2714,decode,54,56,258,69340.243,69340.74,0.497
2715,decode,41,48,259,69666.208,69666.738,0.53
2716,decode,28,32,260,69670.798,69671.206,0.408
2717,decode,24,24,261,69679.981,69680.353,0.372
2718,decode,20,24,262,69689.699,69690.063,0.364
2719,decode,15,16,263,69699.516,69699.877,0.361
2720,decode,12,16,264,69708.509,69708.922,0.414
2721,decode,10,16,265,69717.336,69717.699,0.364
2722,decode,8,8,266,69730.81,69731.142,0.333
2723,decode,8,8,267,69734.393,69734.698,0.304
2724,decode,8,8,268,69742.839,69743.158,0.319
2725,decode,8,8,269,69751.245,69751.536,0.291
2726,decode,7,8,259,69759.809,69760.109,0.3
2727,decode,7,8,260,69768.043,69768.335,0.292
2728,decode,5,8,255,69776.635,69776.94,0.305
2729,decode,5,8,256,69784.698,69784.981,0.283
2730,decode,2,2,160,69793.317,69793.598,0.281
2731,decode,1,1,161,69801.253,69801.679,0.426
2732,prefill,57,8192,255,69824.75,69837.893,13.143
2733,decode,56,56,256,69842.78,69843.319,0.539
2734,decode,53,56,257,70164.466,70165.059,0.593
2735,decode,43,48,258,70168.426,70168.875,0.45
2736,decode,39,40,259,70178.598,70179.046,0.448
2737,decode,34,40,260,70189.335,70189.742,0.407
2738,decode,32,32,261,70198.877,70199.273,0.396
2739,decode,30,32,262,70208.867,70209.26,0.393
2740,decode,27,32,263,70218.884,70219.292,0.408
2741,decode,25,32,264,70228.213,70228.608,0.395
2742,decode,22,24,265,70237.695,70238.114,0.419
2743,decode,20,24,266,70246.571,70246.917,0.346
2744,decode,16,16,267,70255.813,70256.168,0.355
2745,decode,16,16,268,70264.542,70264.874,0.332
2746,decode,9,16,266,70274.042,70274.366,0.323
2747,decode,7,8,254,70282.236,70282.527,0.291
2748,decode,5,8,237,70290.717,70291.0,0.284
2749,decode,3,4,216,70298.99,70299.286,0.297
2750,decode,2,2,215,70307.205,70307.478,0.273
2751,decode,2,2,216,70315.221,70315.486,0.266
2752,decode,2,2,217,70323.332,70323.613,0.281
2753,decode,1,1,218,70331.388,70331.84,0.452
2754,decode,1,1,219,70339.252,70339.621,0.369
2755,decode,1,1,220,70347.342,70347.716,0.374
2756,decode,1,1,221,70355.54,70355.925,0.385
2757,prefill,57,8192,276,70379.354,70392.448,13.094
2758,decode,54,56,277,70397.176,70397.699,0.523
2759,decode,47,48,278,70719.357,70719.859,0.502
2760,decode,35,40,279,70724.247,70724.678,0.431
2761,decode,26,32,280,70734.207,70734.598,0.392
2762,decode,20,24,281,70743.862,70744.232,0.37
2763,decode,13,16,279,70753.684,70754.041,0.358
2764,decode,11,16,280,70762.496,70762.828,0.331
2765,decode,9,16,281,70771.437,70771.753,0.316
2766,decode,7,8,282,70780.189,70780.492,0.303
2767,decode,6,8,283,70788.954,70789.276,0.322
2768,decode,6,8,284,70797.306,70797.601,0.294
2769,decode,5,8,285,70805.846,70806.171,0.325
2770,decode,4,4,286,70814.1,70814.378,0.277
2771,decode,2,2,281,70822.599,70822.873,0.274
2772,decode,2,2,282,70830.599,70830.867,0.269
2773,decode,1,1,283,70838.723,70839.145,0.422
2774,decode,1,1,284,70846.633,70847.017,0.383
2775,decode,1,1,285,70854.812,70855.194,0.382
2776,decode,1,1,286,70862.948,70863.336,0.389
2777,decode,1,1,287,70871.092,70871.463,0.371
2778,decode,1,1,288,70879.256,70879.629,0.373
2779,prefill,55,8192,263,70902.231,70914.305,12.075
2780,decode,48,48,264,70918.778,70919.269,0.491
2781,decode,45,48,265,71242.65,71243.15,0.5
2782,decode,36,40,266,71247.095,71247.509,0.414
2783,decode,29,32,267,71257.358,71257.742,0.384
2784,decode,23,24,268,71267.16,71267.514,0.354
2785,decode,19,24,269,71276.725,71277.083,0.358
2786,decode,15,16,270,71286.052,71286.379,0.326
2787,decode,10,16,271,71295.432,71295.753,0.321
2788,decode,8,8,272,71303.826,71304.131,0.305
2789,decode,8,8,273,71312.369,71312.68,0.311
2790,decode,8,8,274,71320.703,71320.986,0.284
2791,decode,6,8,275,71329.395,71329.69,0.295
2792,decode,5,8,276,71337.65,71337.934,0.284
2793,decode,3,4,251,71346.038,71346.315,0.277
2794,decode,3,4,252,71354.142,71354.405,0.263
2795,decode,3,4,253,71362.299,71362.567,0.268
2796,decode,3,4,254,71370.498,71370.764,0.267
2797,decode,3,4,255,71378.636,71378.908,0.272
2798,decode,3,4,256,71386.816,71387.094,0.278
2799,decode,3,4,257,71395.058,71395.337,0.279
2800,decode,1,1,194,71403.615,71404.048,0.433
2801,prefill,54,8192,267,71425.708,71437.784,12.075
2802,decode,51,56,268,71442.405,71442.914,0.509
2803,decode,43,48,269,71765.815,71766.311,0.496
2804,decode,36,40,270,71770.582,71770.996,0.415
2805,decode,28,32,271,71781.403,71781.8,0.397
2806,decode,20,24,268,71791.561,71791.917,0.356
2807,decode,17,24,269,71800.63,71800.977,0.347
2808,decode,14,16,270,71809.959,71810.298,0.339
2809,decode,11,16,271,71819.293,71819.64,0.347
2810,decode,7,8,266,71828.312,71828.622,0.309
2811,decode,5,8,267,71836.85,71837.151,0.301
2812,decode,3,4,251,71845.155,71845.431,0.276
2813,decode,2,2,252,71853.404,71853.672,0.267
2814,decode,2,2,253,71861.497,71861.764,0.267
2815,decode,1,1,254,71869.683,71870.096,0.413
2816,prefill,59,8192,277,71893.179,71906.092,12.913
2817,decode,56,56,278,71910.67,71911.185,0.515
2818,decode,49,56,279,72233.601,72234.165,0.564
2819,decode,44,48,280,72236.809,72237.267,0.458
2820,decode,31,32,281,72248.432,72248.838,0.405
2821,decode,22,24,282,72258.31,72258.666,0.356
2822,decode,18,24,283,72267.35,72267.702,0.353
2823,decode,13,16,284,72276.592,72276.918,0.325
2824,decode,9,16,285,72285.829,72286.174,0.346
2825,decode,7,8,286,72294.218,72294.511,0.293
2826,decode,6,8,287,72302.857,72303.16,0.303
2827,decode,6,8,288,72311.267,72311.551,0.284
2828,decode,5,8,289,72319.765,72320.063,0.299
2829,decode,2,2,290,72328.379,72328.714,0.335
2830,decode,1,1,245,72336.433,72336.843,0.41
2831,decode,1,1,246,72344.344,72344.71,0.366
2832,decode,1,1,247,72352.462,72352.83,0.368
2833,prefill,58,8192,272,72375.964,72388.752,12.788
2834,decode,57,64,273,72394.15,72394.694,0.545
2835,decode,52,56,274,72715.403,72715.906,0.503
2836,decode,47,48,275,72719.203,72719.646,0.443
2837,decode,33,40,276,72731.34,72731.752,0.411
2838,decode,25,32,271,72740.98,72741.391,0.411
2839,decode,19,24,271,72750.612,72750.964,0.352
2840,decode,17,24,272,72759.658,72760.018,0.359
2841,decode,15,16,273,72768.822,72769.176,0.354
2842,decode,12,16,274,72778.149,72778.467,0.318
2843,decode,11,16,268,72786.793,72787.127,0.334
2844,decode,11,16,269,72795.481,72795.797,0.316
2845,decode,9,16,270,72804.45,72804.763,0.313
2846,decode,8,8,271,72813.087,72813.394,0.307
2847,decode,8,8,272,72821.56,72821.845,0.284
2848,decode,6,8,273,72830.229,72830.515,0.285
2849,decode,5,8,274,72838.577,72838.862,0.285
2850,decode,4,4,275,72846.76,72847.055,0.295
2851,decode,3,4,276,72855.075,72855.342,0.267
2852,decode,2,2,274,72863.31,72863.585,0.274
2853,decode,2,2,275,72871.362,72871.627,0.265
2854,decode,2,2,276,72879.504,72879.771,0.267
2855,decode,1,1,277,72887.595,72888.0,0.405
2856,decode,1,1,278,72895.552,72895.949,0.396
2857,decode,1,1,279,72903.66,72904.061,0.4
2858,decode,1,1,280,72911.844,72912.248,0.404
2859,decode,1,1,281,72919.95,72920.348,0.399
2860,decode,1,1,282,72928.175,72928.555,0.38
2861,decode,1,1,283,72936.201,72936.575,0.373
2862,decode,1,1,284,72944.337,72944.704,0.367
2863,decode,1,1,285,72952.479,72952.85,0.371
2864,decode,1,1,286,72960.63,72961.015,0.384
2865,prefill,62,8192,268,72984.981,72997.173,12.192
2866,decode,60,64,269,72999.12,72999.643,0.523
2867,decode,55,56,270,73326.923,73327.483,0.56
2868,decode,46,48,271,73330.96,73331.423,0.463
2869,decode,41,48,272,73340.963,73341.425,0.462
2870,decode,38,40,273,73351.084,73351.499,0.416
2871,decode,35,40,274,73361.64,73362.062,0.423
2872,decode,27,32,273,73372.167,73372.564,0.396
2873,decode,26,32,274,73381.139,73381.536,0.397
2874,decode,21,24,275,73390.95,73391.334,0.385
2875,decode,20,24,276,73399.732,73400.097,0.365
2876,decode,19,24,239,73408.954,73409.324,0.371
2877,decode,17,24,237,73418.149,73418.493,0.344
2878,decode,15,16,238,73427.124,73427.446,0.323
2879,decode,12,16,238,73436.277,73436.591,0.314
2880,decode,9,16,239,73445.232,73445.547,0.315
2881,decode,6,8,240,73453.691,73453.999,0.307
2882,decode,5,8,240,73461.98,73462.299,0.32
2883,decode,5,8,241,73470.109,73470.394,0.286
2884,decode,5,8,242,73478.412,73478.695,0.283
2885,decode,5,8,243,73486.69,73486.975,0.285
2886,decode,3,4,242,73495.228,73495.504,0.276
2887,decode,1,1,172,73503.447,73503.855,0.408
2888,decode,1,1,173,73511.355,73511.731,0.376
2889,prefill,40,8192,260,73532.833,73545.618,12.785
2890,decode,36,40,261,73550.216,73550.667,0.451
2891,decode,33,40,262,73872.033,73872.536,0.503
2892,decode,29,32,263,73877.216,73877.602,0.386
2893,decode,27,32,264,73887.538,73887.928,0.39
2894,decode,18,24,259,73898.274,73898.628,0.354
2895,decode,15,16,260,73907.36,73907.7,0.339
2896,decode,11,16,261,73916.662,73916.979,0.317
2897,decode,10,16,262,73925.396,73925.715,0.319
2898,decode,10,16,263,73934.105,73934.423,0.318
2899,decode,10,16,264,73942.975,73943.305,0.33
2900,decode,5,8,265,73952.313,73952.606,0.294
2901,decode,2,2,266,73960.796,73961.096,0.301
2902,decode,2,2,267,73968.686,73968.957,0.271
2903,decode,2,2,268,73976.776,73977.069,0.293
2904,decode,2,2,269,73984.843,73985.137,0.295
2905,decode,2,2,270,73992.88,73993.178,0.298
2906,decode,2,2,271,74000.959,74001.246,0.288
2907,decode,2,2,272,74009.028,74009.311,0.283
2908,decode,2,2,273,74017.077,74017.337,0.26
2909,decode,1,1,270,74025.226,74025.634,0.408
2910,decode,1,1,271,74033.041,74033.415,0.375
2911,decode,1,1,272,74041.159,74041.54,0.382
2912,decode,1,1,273,74049.314,74049.681,0.368
2913,decode,1,1,274,74057.476,74057.846,0.37
2914,decode,1,1,275,74065.586,74065.955,0.369
2915,decode,1,1,276,74073.711,74074.095,0.384
2916,decode,1,1,277,74081.835,74082.212,0.377
2917,decode,1,1,278,74090.001,74090.382,0.381
2918,decode,1,1,279,74098.193,74098.572,0.379
2919,decode,1,1,280,74106.316,74106.693,0.377
2920,decode,1,1,281,74114.53,74114.907,0.377
2921,decode,1,1,282,74122.587,74122.959,0.373
2922,decode,1,1,283,74130.741,74131.126,0.385
2923,prefill,56,8192,274,74154.226,74166.504,12.278
2924,decode,50,56,275,74168.289,74168.775,0.486
2925,decode,45,48,276,74495.247,74495.761,0.515
2926,decode,37,40,277,74499.663,74500.096,0.433
2927,decode,32,32,278,74510.088,74510.474,0.386
2928,decode,28,32,279,74520.165,74520.553,0.388
2929,decode,22,24,256,74530.185,74530.555,0.37
2930,decode,14,16,257,74539.72,74540.061,0.341
2931,decode,11,16,258,74548.397,74548.715,0.318
2932,decode,8,8,259,74557.182,74557.478,0.296
2933,decode,7,8,260,74565.756,74566.056,0.301
2934,decode,4,4,261,74574.414,74574.692,0.278
2935,decode,3,4,236,74582.579,74582.848,0.27
2936,decode,1,1,219,74590.943,74591.359,0.415
2937,prefill,57,8192,278,74614.149,74627.158,13.009
2938,decode,54,56,279,74631.999,74632.528,0.529
2939,decode,45,48,280,74957.625,74958.154,0.529
2940,decode,39,40,281,74961.621,74962.071,0.45
2941,decode,36,40,282,74971.539,74971.948,0.409
2942,decode,31,32,283,74982.056,74982.443,0.387
2943,decode,19,24,284,74992.772,74993.142,0.37
2944,decode,15,16,285,75001.428,75001.767,0.339
2945,decode,12,16,286,75010.531,75010.848,0.317
2946,decode,11,16,287,75019.136,75019.454,0.317
2947,decode,11,16,288,75027.867,75028.244,0.377
2948,decode,10,16,289,75036.699,75037.045,0.346
2949,decode,9,16,290,75045.406,75045.726,0.32
2950,decode,5,8,291,75054.392,75054.697,0.305
2951,decode,3,4,286,75062.655,75062.933,0.278
2952,decode,1,1,287,75070.866,75071.279,0.412
2953,decode,1,1,288,75078.74,75079.129,0.389
2954,prefill,54,8192,266,75100.92,75112.951,12.031
2955,decode,51,56,267,75117.409,75117.904,0.495
2956,decode,42,48,268,75440.132,75440.62,0.489
2957,decode,35,40,269,75445.332,75445.748,0.416
2958,decode,28,32,270,75456.063,75456.448,0.384
2959,decode,19,24,269,75466.344,75466.698,0.354
2960,decode,16,16,270,75475.51,75475.837,0.327
2961,decode,12,16,271,75484.816,75485.148,0.332
2962,decode,7,8,266,75493.927,75494.238,0.311
2963,decode,4,4,267,75502.541,75502.822,0.281
2964,decode,4,4,268,75510.707,75510.977,0.27
2965,decode,2,2,259,75519.781,75520.21,0.429
2966,decode,2,2,260,75527.291,75527.564,0.273
2967,decode,1,1,261,75535.521,75535.936,0.415
2968,decode,1,1,262,75543.432,75543.809,0.377
2969,decode,1,1,263,75551.599,75551.977,0.378
2970,decode,1,1,264,75559.834,75560.241,0.406
2971,prefill,44,8192,252,75580.454,75594.148,13.694
2972,decode,43,48,253,75595.693,75596.202,0.509
2973,decode,40,40,254,75919.705,75920.173,0.469
2974,decode,32,32,255,75924.772,75925.175,0.403
2975,decode,30,32,256,75934.656,75935.051,0.395
2976,decode,28,32,257,75944.918,75945.307,0.39
2977,decode,21,24,258,75955.321,75955.678,0.357
2978,decode,19,24,259,75964.523,75964.869,0.347
2979,decode,15,16,260,75973.981,75974.338,0.357
2980,decode,12,16,261,75983.29,75983.626,0.336
2981,decode,10,16,262,75991.781,75992.113,0.332
2982,decode,10,16,263,76000.419,76000.735,0.316
2983,decode,8,8,233,76009.218,76009.515,0.297
2984,decode,6,8,234,76017.958,76018.256,0.298
2985,decode,6,8,235,76026.185,76026.472,0.287
2986,decode,5,8,207,76034.648,76034.94,0.291
2987,decode,5,8,208,76042.871,76043.172,0.3
2988,decode,2,2,206,76051.487,76051.769,0.282
2989,decode,1,1,206,76059.555,76059.97,0.415
2990,decode,1,1,207,76067.373,76067.744,0.371
2991,decode,1,1,208,76075.55,76075.937,0.386
2992,decode,1,1,209,76083.664,76084.07,0.406
2993,prefill,45,8192,275,76105.091,76117.135,12.043
2994,decode,40,40,276,76121.622,76122.103,0.48
2995,decode,35,40,277,76444.752,76445.225,0.473
2996,decode,34,40,278,76449.431,76449.839,0.408
2997,decode,30,32,275,76460.367,76460.753,0.386
2998,decode,28,32,276,76470.661,76471.049,0.389
2999,decode,26,32,277,76480.706,76481.123,0.417
3000,decode,25,32,278,76490.55,76490.928,0.378
3001,decode,23,24,279,76499.989,76500.36,0.37
3002,decode,19,24,280,76509.73,76510.089,0.359
3003,decode,16,16,281,76518.791,76519.132,0.341
3004,decode,14,16,282,76527.938,76528.267,0.329
3005,decode,13,16,281,76536.636,76536.95,0.314
3006,decode,12,16,282,76545.457,76545.771,0.314
3007,decode,10,16,281,76554.365,76554.68,0.315
3008,decode,9,16,282,76563.069,76563.383,0.314
3009,decode,7,8,283,76571.777,76572.087,0.311
3010,decode,5,8,284,76580.404,76580.69,0.286
3011,decode,3,4,285,76588.755,76589.051,0.296
3012,decode,3,4,286,76596.811,76597.094,0.283
3013,decode,1,1,287,76605.233,76605.662,0.429
3014,prefill,39,8192,270,76624.667,76636.631,11.964
3015,decode,38,40,271,76640.932,76641.394,0.463
3016,decode,36,40,272,76962.534,76962.997,0.463
3017,decode,27,32,268,76968.95,76969.349,0.399
3018,decode,25,32,269,76978.822,76979.213,0.391
3019,decode,18,24,270,76989.201,76989.556,0.356
3020,decode,12,16,261,76998.848,76999.187,0.339
3021,decode,11,16,258,77007.542,77007.873,0.331
3022,decode,9,16,259,77016.611,77016.927,0.316
3023,decode,6,8,260,77025.513,77025.815,0.302
3024,decode,3,4,261,77034.213,77034.503,0.289
3025,decode,1,1,190,77042.451,77042.874,0.423
3026,decode,1,1,191,77050.466,77050.855,0.39
3027,decode,1,1,192,77058.633,77059.013,0.38
3028,decode,1,1,193,77066.866,77067.245,0.379
3029,decode,1,1,194,77075.081,77075.449,0.369
3030,decode,1,1,195,77083.274,77083.645,0.371
3031,decode,1,1,196,77091.466,77091.832,0.366
3032,decode,1,1,197,77099.654,77100.051,0.397
3033,decode,1,1,198,77107.816,77108.212,0.396
3034,decode,1,1,199,77115.971,77116.359,0.388
3035,decode,1,1,200,77124.188,77124.577,0.389
3036,decode,1,1,201,77132.318,77132.691,0.373
3037,decode,1,1,202,77140.483,77140.853,0.37
3038,decode,1,1,203,77148.631,77149.0,0.369
3039,decode,1,1,204,77156.787,77157.164,0.378
3040,decode,1,1,205,77165.04,77165.408,0.368
3041,decode,1,1,206,77173.123,77173.488,0.366
3042,decode,1,1,207,77181.275,77181.639,0.365
3043,decode,1,1,208,77189.4,77189.764,0.364
3044,prefill,61,8192,265,77212.711,77224.824,12.113
3045,decode,57,64,266,77229.34,77229.874,0.534
3046,decode,46,48,267,77554.681,77555.211,0.53
3047,decode,34,40,261,77558.857,77559.296,0.439
3048,decode,28,32,261,77567.949,77568.35,0.402
3049,decode,16,16,260,77578.599,77578.927,0.328
3050,decode,11,16,261,77587.632,77587.949,0.317
3051,decode,11,16,262,77595.959,77596.288,0.329
3052,decode,9,16,263,77605.136,77605.455,0.32
3053,decode,6,8,264,77614.064,77614.358,0.295
3054,decode,4,4,260,77622.649,77622.94,0.292
3055,decode,4,4,261,77630.762,77631.047,0.284
3056,decode,3,4,262,77639.156,77639.425,0.269
3057,decode,2,2,186,77647.356,77647.62,0.265
3058,decode,2,2,187,77655.444,77655.705,0.261
3059,decode,1,1,188,77663.596,77663.997,0.401
3060,prefill,61,8192,259,77687.592,77700.513,12.92
3061,decode,60,64,260,77702.447,77702.964,0.518
3062,decode,55,56,261,78028.136,78028.656,0.52
3063,decode,48,48,262,78032.468,78032.915,0.447
3064,decode,35,40,263,78044.244,78044.662,0.418
3065,decode,30,32,257,78053.86,78054.256,0.396
3066,decode,26,32,255,78063.779,78064.166,0.388
3067,decode,18,24,237,78073.773,78074.152,0.378
3068,decode,12,16,238,78082.822,78083.163,0.341
3069,decode,11,16,239,78091.344,78091.66,0.316
3070,decode,8,8,235,78100.444,78100.751,0.306
3071,decode,5,8,236,78109.07,78109.377,0.307
3072,decode,3,4,237,78117.304,78117.594,0.29
3073,decode,2,2,210,78125.5,78125.777,0.277
3074,decode,1,1,210,78133.675,78134.11,0.434
3075,prefill,50,8192,265,78155.679,78167.831,12.152
3076,decode,47,48,266,78172.553,78173.046,0.493
3077,decode,40,40,267,78494.94,78495.407,0.467
3078,decode,28,32,262,78500.6,78500.988,0.388
3079,decode,22,24,263,78510.39,78510.747,0.357
3080,decode,16,16,264,78520.12,78520.448,0.329
3081,decode,9,16,249,78529.858,78530.221,0.363
3082,decode,7,8,245,78538.158,78538.463,0.305
3083,decode,3,4,246,78547.193,78547.471,0.278
3084,decode,2,2,247,78555.279,78555.545,0.266
3085,prefill,61,8192,267,78579.03,78591.18,12.149
3086,decode,59,64,268,78595.91,78596.46,0.55
3087,decode,54,56,267,78918.144,78918.65,0.506
3088,decode,46,48,268,78922.114,78922.561,0.447
3089,decode,42,48,269,78932.59,78933.04,0.45
3090,decode,34,40,270,78943.575,78943.989,0.414
3091,decode,30,32,271,78953.855,78954.434,0.578
3092,decode,25,32,272,78963.476,78963.893,0.417
3093,decode,19,24,273,78972.96,78973.44,0.479
3094,decode,16,16,273,78981.667,78982.135,0.468
3095,decode,13,16,274,78990.764,78991.128,0.363
3096,decode,13,16,275,78999.2,78999.531,0.33
3097,decode,10,16,276,79008.349,79008.677,0.327
3098,decode,8,8,190,79016.913,79017.329,0.416
3099,decode,8,8,191,79025.281,79025.577,0.296
3100,decode,7,8,192,79033.972,79034.281,0.31
3101,decode,7,8,193,79042.133,79042.446,0.312
3102,decode,4,4,194,79050.8,79051.221,0.421
3103,decode,3,4,195,79058.797,79059.089,0.292
3104,decode,2,2,196,79067.058,79067.448,0.39
3105,decode,2,2,197,79075.035,79075.329,0.294
3106,decode,1,1,185,79083.16,79083.858,0.697
3107,decode,1,1,186,79091.0,79091.4,0.401
3108,decode,1,1,187,79099.175,79099.559,0.384
3109,decode,1,1,188,79107.355,79107.73,0.375
3110,decode,1,1,189,79115.486,79115.872,0.385
3111,prefill,62,8192,250,79140.83,79153.213,12.383
3112,decode,58,64,251,79158.13,79158.779,0.649
3113,decode,48,48,247,79484.555,79485.187,0.632
3114,decode,32,32,246,79489.375,79489.791,0.415
3115,decode,18,24,247,79499.903,79500.299,0.395
3116,decode,12,16,248,79509.088,79509.434,0.346
3117,decode,8,8,249,79518.08,79518.381,0.302
3118,decode,6,8,182,79526.864,79527.191,0.326
3119,decode,3,4,176,79535.563,79535.845,0.282
3120,decode,3,4,177,79543.916,79544.207,0.291
3121,decode,2,2,178,79552.17,79552.46,0.29
3122,decode,2,2,179,79560.458,79560.726,0.268
3123,decode,2,2,180,79568.473,79568.745,0.272
3124,decode,1,1,181,79576.671,79577.101,0.431
3125,prefill,50,8192,262,79598.49,79611.415,12.925
3126,decode,47,48,263,79616.052,79616.536,0.485
3127,decode,41,48,264,79937.636,79938.189,0.553
3128,decode,35,40,265,79941.762,79942.28,0.519
3129,decode,32,32,266,79952.1,79952.492,0.392
3130,decode,23,24,264,79962.803,79963.181,0.378
3131,decode,19,24,265,79973.725,79974.091,0.366
3132,decode,15,16,245,79981.386,79981.725,0.339
3133,decode,13,16,246,79990.463,79990.788,0.325
3134,decode,11,16,247,79999.29,79999.611,0.321
3135,decode,9,16,248,80008.127,80008.463,0.336
3136,decode,8,8,249,80016.823,80017.155,0.332
3137,decode,7,8,250,80025.268,80025.561,0.293
3138,decode,4,4,249,80033.939,80034.262,0.323
3139,decode,4,4,250,80041.854,80042.152,0.298
3140,decode,3,4,251,80050.255,80050.525,0.27
3141,decode,2,2,193,80058.325,80058.6,0.275
3142,decode,1,1,185,80066.502,80066.916,0.414
3143,decode,1,1,186,80074.378,80074.757,0.379
3144,decode,1,1,187,80082.517,80082.894,0.377
3145,decode,1,1,188,80090.67,80091.058,0.389
3146,prefill,64,8192,256,80115.359,80127.935,12.576
3147,decode,63,64,257,80133.109,80133.675,0.566
3148,decode,58,64,258,80456.889,80457.474,0.585
3149,decode,42,48,259,80461.822,80462.294,0.472
3150,decode,32,32,260,80472.166,80472.564,0.398
3151,decode,28,32,261,80482.073,80482.457,0.383
3152,decode,23,24,262,80492.146,80492.508,0.362
3153,decode,19,24,263,80501.703,80502.064,0.362
3154,decode,17,24,264,80510.972,80511.337,0.364
3155,decode,15,16,265,80520.323,80520.652,0.329
3156,decode,12,16,266,80529.707,80530.061,0.355
3157,decode,10,16,266,80538.543,80538.865,0.322
3158,decode,10,16,267,80547.025,80547.344,0.32
3159,decode,8,8,268,80556.015,80556.34,0.325
3160,decode,8,8,269,80564.675,80564.982,0.306
3161,decode,6,8,270,80573.206,80573.515,0.309
3162,decode,4,4,271,80581.605,80581.888,0.283
3163,decode,4,4,272,80589.675,80589.952,0.277
3164,decode,3,4,273,80598.039,80598.312,0.273
3165,decode,3,4,274,80606.127,80606.401,0.274
3166,decode,2,2,275,80614.438,80614.713,0.275
3167,decode,2,2,276,80622.475,80622.743,0.268
3168,decode,2,2,277,80630.504,80630.778,0.274
3169,decode,2,2,278,80638.548,80638.812,0.264
3170,decode,2,2,279,80646.575,80646.84,0.266
3171,decode,2,2,280,80654.684,80654.963,0.279
3172,decode,2,2,281,80662.619,80662.887,0.267
3173,decode,2,2,282,80670.752,80671.025,0.272
3174,decode,1,1,283,80678.856,80679.28,0.424
3175,decode,1,1,284,80686.762,80687.147,0.385
3176,decode,1,1,285,80694.926,80695.318,0.392
3177,decode,1,1,286,80703.044,80703.42,0.376
3178,decode,1,1,287,80711.19,80711.556,0.367
3179,decode,1,1,288,80719.308,80719.68,0.372
3180,decode,1,1,289,80727.558,80727.933,0.375
3181,prefill,47,8192,243,80748.844,80760.907,12.063
3182,decode,40,40,244,80762.467,80762.908,0.441
3183,decode,33,40,245,81088.076,81088.564,0.488
3184,decode,22,24,246,81093.109,81093.491,0.381
3185,decode,19,24,247,81102.262,81102.617,0.356
3186,decode,15,16,248,81111.95,81112.294,0.344
3187,decode,12,16,249,81121.304,81121.626,0.321
3188,decode,11,16,250,81130.321,81130.635,0.314
3189,decode,10,16,251,81139.263,81139.583,0.319
3190,decode,10,16,252,81147.923,81148.254,0.332
3191,decode,7,8,253,81156.993,81157.308,0.315
3192,decode,5,8,254,81165.526,81165.81,0.284
3193,decode,5,8,255,81173.733,81174.025,0.292
3194,decode,3,4,256,81182.241,81182.524,0.283
3195,decode,2,2,257,81190.453,81190.726,0.272
3196,decode,2,2,258,81198.564,81198.838,0.275
3197,decode,2,2,259,81206.589,81206.849,0.259
3198,decode,2,2,260,81214.578,81214.842,0.264
3199,decode,1,1,214,81222.667,81223.08,0.413
3200,decode,1,1,215,81230.735,81231.12,0.385
3201,decode,1,1,216,81238.74,81239.137,0.397
3202,decode,1,1,217,81246.891,81247.268,0.377
3203,prefill,44,8192,273,81268.405,81280.444,12.039
3204,decode,43,48,274,81284.918,81285.407,0.489
3205,decode,36,40,275,81609.888,81610.371,0.483
3206,decode,27,32,276,81615.526,81615.928,0.401
3207,decode,21,24,277,81625.65,81626.036,0.386
3208,decode,15,16,278,81635.61,81635.938,0.328
3209,decode,13,16,279,81644.686,81645.018,0.331
3210,decode,11,16,280,81653.809,81654.156,0.347
3211,decode,7,8,281,81663.082,81663.377,0.295
3212,decode,4,4,282,81671.81,81672.103,0.293
3213,decode,3,4,283,81680.027,81680.297,0.269
3214,decode,1,1,284,81688.504,81688.912,0.408
3215,decode,1,1,285,81696.51,81696.887,0.377
3216,decode,1,1,286,81704.681,81705.071,0.39
3217,decode,1,1,287,81712.883,81713.273,0.39
3218,decode,1,1,288,81721.2,81721.591,0.39
3219,decode,1,1,289,81729.371,81729.769,0.398
3220,decode,1,1,290,81737.638,81738.022,0.384
3221,prefill,61,8192,267,81761.96,81774.398,12.439
3222,decode,57,64,268,81776.316,81776.839,0.522
3223,decode,53,56,269,82102.99,82103.64,0.65
3224,decode,50,56,270,82106.178,82106.649,0.471
3225,decode,36,40,271,82118.055,82118.478,0.424
3226,decode,31,32,272,82127.342,82127.727,0.385
3227,decode,25,32,273,82137.533,82137.912,0.379
3228,decode,17,24,274,82147.424,82147.793,0.37
3229,decode,8,8,260,82156.981,82157.302,0.321
3230,decode,5,8,261,82165.063,82165.369,0.306
3231,decode,5,8,262,82173.185,82173.486,0.301
3232,decode,3,4,263,82181.739,82182.029,0.29
3233,decode,3,4,264,82189.827,82190.108,0.281
3234,decode,2,2,265,82198.213,82198.482,0.269
3235,decode,2,2,266,82206.323,82206.603,0.28
3236,decode,2,2,267,82214.365,82214.627,0.262
3237,decode,2,2,268,82222.44,82222.698,0.258
3238,prefill,63,8192,276,82246.996,82260.198,13.202
3239,decode,61,64,277,82262.196,82262.752,0.556
3240,decode,59,64,278,82591.833,82592.561,0.728
3241,decode,47,48,261,82596.836,82597.352,0.515
3242,decode,42,48,262,82606.037,82606.54,0.502
3243,decode,33,40,263,82616.836,82617.303,0.468
3244,decode,27,32,264,82626.539,82626.969,0.43
3245,decode,23,24,265,82635.821,82636.225,0.404
3246,decode,20,24,266,82645.14,82645.497,0.357
3247,decode,17,24,267,82654.212,82654.573,0.362
3248,decode,14,16,268,82663.203,82663.593,0.39
3249,decode,12,16,269,82672.043,82672.366,0.323
3250,decode,11,16,270,82680.658,82680.99,0.331
3251,decode,8,8,271,82689.516,82689.836,0.321
3252,decode,6,8,272,82698.196,82698.509,0.313
3253,decode,5,8,273,82706.317,82706.62,0.303
3254,decode,3,4,211,82714.618,82714.91,0.292
3255,decode,2,2,212,82722.777,82723.078,0.302
3256,decode,2,2,213,82730.803,82731.105,0.302
3257,decode,2,2,214,82738.81,82739.101,0.291
3258,decode,2,2,215,82746.847,82747.128,0.282
3259,decode,2,2,216,82754.888,82755.174,0.286
3260,decode,1,1,187,82763.123,82763.548,0.424
3261,decode,1,1,188,82770.92,82771.316,0.396
3262,decode,1,1,189,82779.111,82779.505,0.394
3263,decode,1,1,190,82787.328,82787.724,0.396
3264,decode,1,1,191,82795.43,82795.822,0.392
3265,decode,1,1,192,82803.547,82803.942,0.395
3266,decode,1,1,193,82811.681,82812.076,0.395
3267,decode,1,1,194,82819.845,82820.24,0.395
3268,decode,1,1,195,82827.972,82828.367,0.395
3269,decode,1,1,196,82836.098,82836.5,0.402
3270,decode,1,1,197,82844.241,82844.655,0.414
3271,decode,1,1,198,82852.368,82852.751,0.384
3272,prefill,56,8192,226,82876.804,82890.238,13.435
3273,decode,52,56,227,82894.952,82895.482,0.53
3274,decode,42,48,228,83217.118,83217.6,0.482
3275,decode,29,32,219,83222.132,83222.524,0.392
3276,decode,22,24,217,83231.966,83232.344,0.377
3277,decode,18,24,218,83241.325,83241.676,0.351
3278,decode,16,16,219,83250.481,83250.804,0.323
3279,decode,11,16,214,83260.137,83260.46,0.323
3280,decode,6,8,213,83269.231,83269.53,0.299
3281,decode,5,8,214,83277.354,83277.646,0.292
3282,decode,5,8,215,83285.751,83286.076,0.325
3283,decode,4,4,216,83294.147,83294.424,0.276
3284,decode,3,4,217,83302.556,83302.831,0.275
3285,decode,1,1,156,83310.88,83311.305,0.425
3286,prefill,56,8192,234,83333.993,83346.82,12.826
3287,decode,53,56,235,83348.68,83349.187,0.508
3288,decode,48,48,236,83674.676,83675.155,0.478
3289,decode,40,40,237,83678.996,83679.435,0.439
3290,decode,32,32,238,83689.954,83690.378,0.423
3291,decode,27,32,239,83699.772,83700.167,0.395
3292,decode,17,24,222,83710.264,83710.641,0.376
3293,decode,13,16,222,83718.959,83719.335,0.376
3294,decode,8,8,213,83728.145,83728.455,0.31
3295,decode,8,8,214,83736.367,83736.669,0.301
3296,decode,8,8,215,83744.882,83745.184,0.302
3297,decode,8,8,216,83753.382,83753.674,0.292
3298,decode,5,8,217,83762.325,83762.624,0.299
3299,decode,3,4,218,83770.562,83770.845,0.283
3300,decode,1,1,219,83778.931,83779.348,0.417
3301,prefill,57,8192,269,83802.48,83814.675,12.195
3302,decode,55,56,270,83816.535,83817.049,0.513
3303,decode,46,48,271,84143.043,84143.527,0.483
3304,decode,28,32,270,84148.47,84148.877,0.407
3305,decode,19,24,264,84158.037,84158.427,0.39
3306,decode,13,16,265,84167.418,84167.751,0.333
3307,decode,10,16,264,84176.448,84176.768,0.32
3308,decode,7,8,258,84185.502,84185.8,0.299
3309,decode,3,4,218,84194.488,84194.772,0.284
3310,decode,3,4,219,84202.57,84202.869,0.3
3311,decode,1,1,151,84211.13,84211.535,0.404
3312,decode,1,1,152,84219.205,84219.583,0.377
3313,decode,1,1,153,84227.414,84227.789,0.375
3314,prefill,46,8192,286,84249.602,84261.818,12.216
3315,decode,44,48,287,84266.666,84267.164,0.499
3316,decode,36,40,288,84590.359,84590.812,0.453
3317,decode,31,32,289,84594.559,84594.949,0.39
3318,decode,20,24,290,84605.697,84606.068,0.371
3319,decode,13,16,291,84615.337,84615.668,0.331
3320,decode,10,16,292,84624.597,84624.924,0.327
3321,decode,6,8,293,84633.4,84633.703,0.303
3322,decode,4,4,291,84642.138,84642.415,0.276
3323,decode,4,4,292,84650.405,84650.676,0.27
3324,decode,4,4,293,84658.83,84659.124,0.295
3325,decode,3,4,291,84667.309,84667.586,0.277
3326,decode,3,4,292,84675.524,84675.826,0.302
3327,decode,2,2,293,84683.834,84684.123,0.29
3328,decode,2,2,294,84691.982,84692.271,0.289
3329,decode,2,2,295,84699.954,84700.248,0.294
3330,decode,2,2,296,84708.024,84708.292,0.268
3331,decode,1,1,289,84716.214,84716.617,0.403
3332,decode,1,1,290,84724.115,84724.484,0.369
3333,prefill,51,8192,285,84745.593,84757.636,12.043
3334,decode,46,48,286,84759.248,84759.716,0.468
3335,decode,45,48,287,85083.029,85083.489,0.46
3336,decode,38,40,288,85088.983,85089.427,0.444
3337,decode,34,40,289,85099.559,85099.969,0.41
3338,decode,32,32,283,85109.543,85109.931,0.388
3339,decode,25,32,284,85120.22,85120.599,0.379
3340,decode,20,24,285,85130.054,85130.444,0.39
3341,decode,15,16,267,85139.249,85139.573,0.325
3342,decode,9,16,268,85148.603,85148.937,0.334
3343,decode,5,8,269,85160.986,85161.323,0.337
3344,decode,3,4,190,85165.281,85165.561,0.28
3345,decode,3,4,191,85173.366,85173.636,0.27
3346,decode,2,2,192,85181.691,85181.956,0.265
3347,decode,2,2,193,85189.81,85190.115,0.305
3348,decode,2,2,194,85197.873,85198.16,0.287
3349,decode,2,2,195,85205.943,85206.229,0.286
3350,prefill,52,8192,284,85228.105,85240.299,12.193
3351,decode,51,56,285,85245.014,85245.516,0.502
3352,decode,39,40,286,85568.467,85568.911,0.444
3353,decode,37,40,287,85573.057,85573.467,0.411
3354,decode,32,32,288,85583.881,85584.277,0.396
3355,decode,25,32,289,85594.683,85595.074,0.391
3356,decode,21,24,290,85604.243,85604.602,0.359
3357,decode,15,16,285,85613.934,85614.302,0.368
3358,decode,12,16,286,85623.056,85623.393,0.337
3359,decode,10,16,285,85631.645,85631.97,0.324
3360,decode,7,8,280,85640.622,85640.927,0.305
3361,decode,5,8,278,85649.067,85649.353,0.286
3362,decode,5,8,279,85657.238,85657.536,0.298
3363,decode,4,4,280,85665.709,85665.989,0.28
3364,decode,4,4,281,85673.901,85674.184,0.283
3365,decode,3,4,273,85682.329,85682.598,0.269
3366,decode,2,2,273,85690.612,85690.906,0.294
3367,decode,1,1,228,85698.726,85699.161,0.435
3368,prefill,58,8192,284,85721.567,85733.765,12.198
3369,decode,57,64,285,85738.854,85739.433,0.579
3370,decode,52,56,286,86062.314,86062.91,0.596
3371,decode,43,48,287,86067.273,86067.743,0.469
3372,decode,39,40,288,86077.134,86077.551,0.417
3373,decode,34,40,289,86088.219,86088.632,0.413
3374,decode,29,32,280,86098.568,86098.969,0.401
3375,decode,26,32,281,86108.207,86108.583,0.376
3376,decode,21,24,282,86118.1,86118.453,0.354
3377,decode,16,16,283,86127.359,86127.684,0.325
3378,decode,16,16,284,86135.986,86136.317,0.331
3379,decode,15,16,285,86145.046,86145.363,0.317
3380,decode,14,16,284,86153.993,86154.325,0.332
3381,decode,12,16,285,86162.835,86163.164,0.329
3382,decode,10,16,286,86171.656,86171.985,0.329
3383,decode,9,16,287,86180.247,86180.562,0.314
3384,decode,8,8,288,86188.84,86189.147,0.306
3385,decode,7,8,289,86197.543,86197.827,0.284
3386,decode,4,4,290,86206.239,86206.539,0.3
3387,decode,3,4,291,86214.267,86214.535,0.268
3388,decode,2,2,292,86222.529,86222.802,0.273
3389,decode,2,2,293,86230.564,86230.829,0.265
3390,decode,1,1,294,86238.754,86239.173,0.419
3391,prefill,51,8192,267,86260.685,86272.836,12.151
3392,decode,49,56,268,86277.82,86278.376,0.556
3393,decode,40,40,269,86600.283,86600.732,0.448
3394,decode,29,32,270,86605.849,86606.25,0.401
3395,decode,22,24,271,86615.82,86616.191,0.372
3396,decode,19,24,269,86625.063,86625.41,0.347
3397,decode,14,16,267,86634.744,86635.083,0.339
3398,decode,13,16,268,86643.66,86643.978,0.318
3399,decode,12,16,269,86652.669,86652.986,0.317
3400,decode,10,16,270,86661.788,86662.117,0.33
3401,decode,8,8,271,86670.477,86670.77,0.294
3402,decode,8,8,272,86678.965,86679.264,0.299
3403,decode,6,8,273,86687.657,86687.943,0.287
3404,decode,4,4,271,86696.105,86696.383,0.278
3405,decode,3,4,272,86704.443,86704.728,0.285
3406,decode,2,2,273,86712.601,86712.889,0.287
3407,decode,1,1,274,86720.713,86721.141,0.428
3408,decode,1,1,275,86728.646,86729.023,0.378
3409,decode,1,1,276,86736.825,86737.21,0.385
3410,decode,1,1,277,86744.988,86745.38,0.393
3411,decode,1,1,278,86753.173,86753.541,0.368
3412,prefill,65,8192,279,86777.691,86789.837,12.145
3413,decode,58,64,280,86791.606,86792.142,0.536
3414,decode,52,56,281,87120.207,87120.724,0.517
3415,decode,39,40,265,87124.352,87124.822,0.471
3416,decode,28,32,255,87134.577,87134.975,0.398
3417,decode,22,24,256,87144.216,87144.586,0.37
3418,decode,18,24,257,87153.636,87153.99,0.354
3419,decode,17,24,258,87162.709,87163.07,0.36
3420,decode,17,24,259,87171.957,87172.322,0.364
3421,decode,15,16,260,87181.293,87181.619,0.326
3422,decode,13,16,261,87190.41,87190.729,0.319
3423,decode,12,16,262,87199.082,87199.399,0.318
3424,decode,10,16,263,87208.068,87208.403,0.335
3425,decode,8,8,264,87216.636,87216.927,0.291
3426,decode,7,8,265,87225.142,87225.425,0.283
3427,decode,6,8,266,87233.611,87233.911,0.3
3428,decode,4,4,267,87241.985,87242.286,0.301
3429,decode,3,4,268,87250.147,87250.414,0.266
3430,decode,3,4,269,87258.204,87258.471,0.267
3431,decode,3,4,270,87266.375,87266.677,0.302
3432,decode,2,2,267,87274.641,87274.906,0.265
3433,decode,1,1,268,87282.849,87283.272,0.423
3434,prefill,66,8192,273,87307.439,87319.708,12.269
3435,decode,62,64,274,87321.712,87322.265,0.553
3436,decode,52,56,275,87651.714,87652.225,0.511
3437,decode,43,48,276,87655.908,87656.375,0.466
3438,decode,37,40,277,87666.259,87666.675,0.416
3439,decode,24,24,278,87677.5,87677.858,0.358
3440,decode,18,24,279,87686.782,87687.146,0.364
3441,decode,15,16,280,87695.707,87696.046,0.339
3442,decode,10,16,281,87705.167,87705.484,0.318
3443,decode,8,8,282,87713.705,87713.999,0.294
3444,decode,8,8,283,87722.247,87722.534,0.287
3445,decode,7,8,284,87730.99,87731.291,0.301
3446,decode,4,4,259,87739.562,87739.856,0.294
3447,decode,4,4,260,87747.68,87747.949,0.269
3448,decode,2,2,261,87756.135,87756.41,0.275
3449,decode,2,2,262,87764.154,87764.427,0.272
3450,decode,1,1,258,87772.303,87772.722,0.42
3451,prefill,55,8192,282,87795.219,87807.755,12.536
3452,decode,54,56,283,87809.637,87810.155,0.518
3453,decode,46,48,284,88135.857,88136.346,0.49
3454,decode,35,40,273,88141.195,88141.613,0.418
3455,decode,29,32,274,88151.468,88151.861,0.393
3456,decode,25,32,275,88161.429,88161.833,0.404
3457,decode,19,24,276,88171.534,88171.891,0.356
3458,decode,14,16,277,88180.81,88181.148,0.338
3459,decode,10,16,278,88190.047,88190.378,0.331
3460,decode,7,8,279,88198.891,88199.212,0.321
3461,decode,4,4,280,88207.371,88207.645,0.275
3462,decode,4,4,281,88215.546,88215.815,0.268
3463,decode,3,4,282,88223.932,88224.215,0.283
3464,decode,3,4,283,88232.225,88232.495,0.27
3465,decode,1,1,284,88240.597,88240.994,0.397
3466,decode,1,1,285,88248.602,88248.975,0.373
3467,decode,1,1,286,88256.89,88257.273,0.383
3468,decode,1,1,287,88265.115,88265.487,0.372
3469,decode,1,1,288,88273.259,88273.628,0.369
3470,prefill,63,8192,281,88297.543,88309.714,12.171
3471,decode,59,64,282,88314.717,88315.273,0.555
3472,decode,47,48,283,88638.751,88639.229,0.478
3473,decode,36,40,266,88643.649,88644.119,0.47
3474,decode,26,32,267,88654.229,88654.615,0.386
3475,decode,23,24,268,88663.548,88663.908,0.361
3476,decode,19,24,234,88673.318,88673.667,0.349
3477,decode,17,24,235,88682.527,88682.877,0.349
3478,decode,12,16,236,88692.127,88692.452,0.326
3479,decode,9,16,237,88701.074,88701.393,0.319
3480,decode,5,8,217,88710.062,88710.358,0.296
3481,decode,5,8,218,88718.121,88718.408,0.286
3482,decode,5,8,219,88726.515,88726.807,0.292
3483,decode,3,4,220,88735.035,88735.315,0.28
3484,decode,3,4,221,88743.106,88743.371,0.265
3485,decode,1,1,186,88751.464,88751.891,0.427
3486,prefill,59,8192,259,88774.69,88786.958,12.268
3487,decode,58,64,260,88791.807,88792.364,0.558
3488,decode,54,56,260,89114.659,89115.172,0.512
3489,decode,47,48,261,89119.198,89119.65,0.452
3490,decode,38,40,262,89130.483,89130.902,0.419
3491,decode,33,40,263,89140.645,89141.064,0.419
3492,decode,29,32,264,89150.63,89151.069,0.439
3493,decode,24,24,265,89160.335,89160.69,0.355
3494,decode,22,24,266,89169.68,89170.04,0.36
3495,decode,19,24,267,89179.079,89179.426,0.347
3496,decode,18,24,268,89188.105,89188.447,0.342
3497,decode,13,16,269,89197.58,89197.906,0.326
3498,decode,10,16,270,89206.426,89206.76,0.334
3499,decode,9,16,271,89214.912,89215.24,0.327
3500,decode,7,8,272,89223.779,89224.086,0.307
3501,decode,6,8,273,89232.204,89232.49,0.286
3502,decode,4,4,274,89240.698,89240.982,0.285
3503,decode,2,2,275,89248.939,89249.221,0.282
3504,decode,1,1,239,89257.17,89257.593,0.423
3505,prefill,76,8192,234,89283.932,89296.155,12.223
3506,decode,72,72,235,89301.082,89301.76,0.677
3507,decode,64,64,236,89626.077,89626.624,0.548
3508,decode,56,56,237,89630.028,89630.509,0.481
3509,decode,47,48,235,89640.727,89641.19,0.463
3510,decode,45,48,233,89650.822,89651.275,0.453
3511,decode,43,48,234,89661.118,89661.572,0.454
3512,decode,30,32,235,89672.454,89672.842,0.387
3513,decode,22,24,223,89681.872,89682.242,0.369
3514,decode,18,24,224,89690.69,89691.051,0.361
3515,decode,17,24,225,89699.31,89699.656,0.346
3516,decode,16,16,226,89708.236,89708.561,0.325
3517,decode,14,16,227,89717.396,89717.715,0.319
3518,decode,11,16,228,89726.303,89726.621,0.318
3519,decode,8,8,229,89734.908,89735.219,0.311
3520,decode,7,8,230,89743.34,89743.627,0.288
3521,decode,6,8,231,89751.599,89751.883,0.284
3522,decode,4,4,207,89760.053,89760.331,0.278
3523,decode,3,4,208,89768.274,89768.556,0.282
3524,decode,3,4,209,89776.323,89776.615,0.292
3525,decode,3,4,210,89784.468,89784.759,0.29
3526,decode,3,4,211,89792.677,89792.959,0.283
3527,decode,1,1,212,89800.987,89801.413,0.425
3528,prefill,54,8192,252,89823.04,89835.156,12.116
3529,decode,52,56,253,89836.931,89837.436,0.504
3530,decode,49,56,254,90165.141,90165.623,0.482
3531,decode,40,40,255,90169.736,90170.162,0.426
3532,decode,33,40,256,90180.542,90180.946,0.405
3533,decode,27,32,257,90190.677,90191.075,0.398
3534,decode,22,24,258,90200.686,90201.061,0.374
3535,decode,21,24,259,90209.643,90209.986,0.343
3536,decode,16,16,260,90219.365,90219.692,0.327
3537,decode,13,16,245,90228.338,90228.653,0.315
3538,decode,10,16,246,90237.317,90237.633,0.316
3539,decode,9,16,247,90245.861,90246.189,0.328
3540,decode,7,8,205,90254.706,90255.169,0.463
3541,decode,6,8,206,90262.996,90263.296,0.3
3542,decode,5,8,207,90271.413,90271.697,0.284
3543,decode,3,4,208,90279.815,90280.105,0.291
3544,decode,2,2,209,90287.939,90288.221,0.282
3545,decode,2,2,210,90295.964,90296.239,0.275
3546,decode,1,1,211,90304.169,90304.58,0.412
3547,prefill,45,8192,242,90324.64,90337.377,12.737
3548,decode,41,48,243,90339.031,90339.521,0.491
3549,decode,38,40,244,90665.347,90665.778,0.431
3550,decode,31,32,245,90671.597,90671.981,0.384
3551,decode,23,24,246,90682.276,90682.637,0.361
3552,decode,17,24,247,90692.017,90692.365,0.348
3553,decode,13,16,248,90701.212,90701.537,0.325
3554,decode,9,16,249,90710.499,90710.819,0.321
3555,decode,8,8,250,90719.094,90719.387,0.294
3556,decode,4,4,251,90728.174,90728.45,0.276
3557,decode,3,4,241,90736.27,90736.553,0.284
3558,decode,2,2,160,90744.579,90744.855,0.276
3559,decode,1,1,154,90752.774,90753.202,0.428
3560,decode,1,1,155,90760.854,90761.24,0.386
3561,decode,1,1,156,90768.881,90769.27,0.389
3562,prefill,55,8192,266,90791.159,90803.275,12.117
3563,decode,52,56,267,90805.092,90805.603,0.511
3564,decode,41,48,268,91131.773,91132.252,0.478
3565,decode,32,32,269,91136.801,91137.203,0.401
3566,decode,25,32,270,91147.264,91147.651,0.387
3567,decode,17,24,271,91157.477,91157.836,0.359
3568,decode,16,16,272,91166.387,91166.726,0.338
3569,decode,13,16,252,91175.944,91176.274,0.33
3570,decode,11,16,253,91185.028,91185.346,0.319
3571,decode,9,16,254,91193.867,91194.211,0.344
3572,decode,7,8,255,91202.661,91202.952,0.292
3573,decode,7,8,256,91211.048,91211.334,0.286
3574,decode,6,8,257,91219.612,91219.896,0.284
3575,decode,5,8,258,91228.03,91228.316,0.286
3576,decode,1,1,259,91236.639,91237.054,0.415
3577,decode,1,1,260,91244.504,91244.873,0.37
3578,decode,1,1,261,91252.623,91252.993,0.371
3579,decode,1,1,262,91260.812,91261.197,0.385
3580,decode,1,1,263,91269.119,91269.493,0.373
3581,prefill,52,8192,267,91291.57,91303.731,12.161
3582,decode,49,56,268,91308.642,91309.169,0.528
3583,decode,45,48,269,91630.612,91631.093,0.481
3584,decode,35,40,270,91635.939,91636.37,0.431
3585,decode,32,32,271,91645.895,91646.293,0.398
3586,decode,28,32,272,91656.476,91656.854,0.378
3587,decode,24,24,273,91666.371,91666.728,0.357
3588,decode,22,24,274,91675.961,91676.354,0.392
3589,decode,17,24,273,91685.843,91686.204,0.362
3590,decode,12,16,274,91695.121,91695.446,0.326
3591,decode,9,16,275,91704.076,91704.409,0.333
3592,decode,4,4,263,91712.966,91713.268,0.302
3593,decode,3,4,250,91721.068,91721.34,0.272
3594,decode,2,2,239,91729.36,91729.627,0.267
3595,decode,1,1,240,91737.587,91737.991,0.404
3596,decode,1,1,241,91745.507,91745.877,0.37
3597,decode,1,1,242,91753.713,91754.097,0.384
3598,decode,1,1,243,91761.905,91762.286,0.381
3599,decode,1,1,244,91770.151,91770.52,0.369
3600,decode,1,1,245,91778.44,91778.809,0.369
3601,decode,1,1,246,91786.494,91786.863,0.369
3602,decode,1,1,247,91794.671,91795.07,0.399
3603,decode,1,1,248,91802.831,91803.228,0.398
3604,decode,1,1,249,91811.024,91811.406,0.382
3605,decode,1,1,250,91819.148,91819.515,0.367
3606,prefill,51,8192,247,91840.175,91852.992,12.817
3607,decode,48,48,248,91854.702,91855.182,0.479
3608,decode,37,40,249,92181.722,92182.168,0.447
3609,decode,29,32,250,92187.296,92187.684,0.388
3610,decode,28,32,251,92196.94,92197.334,0.394
3611,decode,24,24,252,92207.119,92207.482,0.362
3612,decode,20,24,246,92217.064,92217.417,0.353
3613,decode,19,24,247,92226.104,92226.456,0.353
3614,decode,12,16,248,92236.076,92236.416,0.34
3615,decode,7,8,249,92244.905,92245.224,0.319
3616,decode,3,4,162,92253.441,92253.73,0.289
3617,decode,3,4,163,92261.428,92261.705,0.277
3618,decode,1,1,160,92269.836,92270.269,0.434
3619,decode,1,1,161,92277.816,92278.204,0.387
3620,decode,1,1,162,92286.097,92286.465,0.368
3621,decode,1,1,163,92294.175,92294.543,0.367
3622,decode,1,1,164,92302.368,92302.742,0.375
3623,decode,1,1,165,92310.482,92310.852,0.371
3624,prefill,38,8192,283,92329.933,92341.931,11.999
3625,decode,36,40,284,92346.469,92346.923,0.455
3626,decode,32,32,283,92671.248,92671.662,0.414
3627,decode,26,32,284,92676.892,92677.296,0.404
3628,decode,18,24,285,92687.419,92687.787,0.368
3629,decode,12,16,286,92697.082,92697.41,0.328
3630,decode,8,8,239,92706.202,92706.5,0.298
3631,decode,6,8,240,92715.1,92715.389,0.289
3632,decode,5,8,241,92723.671,92723.959,0.289
3633,decode,3,4,242,92732.494,92732.786,0.292
3634,decode,2,2,243,92740.588,92740.854,0.266
3635,decode,1,1,176,92748.835,92749.253,0.417
3636,decode,1,1,177,92756.851,92757.235,0.384
3637,decode,1,1,178,92765.119,92765.489,0.37
3638,decode,1,1,179,92773.344,92773.722,0.378
3639,decode,1,1,180,92781.558,92781.927,0.369
3640,decode,1,1,181,92789.829,92790.206,0.377
3641,decode,1,1,182,92797.857,92798.241,0.384
3642,decode,1,1,183,92806.032,92806.411,0.379
3643,prefill,64,8192,274,92830.339,92842.602,12.263
3644,decode,63,64,275,92844.613,92845.146,0.533
3645,decode,57,64,276,93174.092,93174.714,0.622
3646,decode,48,48,277,93178.128,93178.599,0.471
3647,decode,36,40,278,93189.207,93189.64,0.433
3648,decode,28,32,274,93199.38,93199.793,0.413
3649,decode,25,32,275,93208.735,93209.142,0.407
3650,decode,21,24,252,93218.056,93218.433,0.377
3651,decode,14,16,253,93227.722,93228.065,0.343
3652,decode,8,8,244,93236.589,93236.883,0.294
3653,decode,8,8,245,93244.449,93244.736,0.287
3654,decode,7,8,246,93253.063,93253.352,0.289
3655,decode,6,8,247,93261.542,93261.827,0.285
3656,decode,6,8,248,93269.876,93270.176,0.3
3657,decode,5,8,239,93278.364,93278.651,0.287
3658,decode,4,4,240,93286.686,93286.962,0.277
3659,decode,3,4,241,93294.965,93295.246,0.281
3660,decode,1,1,190,93303.469,93303.883,0.413
3661,decode,1,1,191,93311.24,93311.641,0.401
3662,prefill,49,8192,276,93334.014,93346.814,12.8
3663,decode,44,48,277,93351.491,93351.979,0.488
3664,decode,38,40,278,93674.927,93675.378,0.451
3665,decode,32,32,279,93679.983,93680.385,0.402
3666,decode,30,32,280,93690.21,93690.589,0.379
3667,decode,24,24,281,93701.161,93701.519,0.358
3668,decode,20,24,282,93711.179,93711.53,0.35
3669,decode,19,24,283,93720.177,93720.525,0.348
3670,decode,16,16,284,93729.745,93730.123,0.378
3671,decode,10,16,285,93739.662,93739.994,0.332
3672,decode,7,8,286,93747.974,93748.305,0.331
3673,decode,6,8,287,93756.513,93756.811,0.298
3674,decode,3,4,288,93765.12,93765.398,0.278
3675,decode,2,2,289,93773.173,93773.441,0.268
3676,decode,2,2,290,93781.25,93781.511,0.261
3677,decode,1,1,227,93789.415,93789.814,0.399
3678,decode,1,1,228,93797.326,93797.697,0.371
3679,decode,1,1,229,93805.468,93805.887,0.419
3680,decode,1,1,230,93813.723,93814.106,0.383
3681,prefill,56,8192,274,93836.049,93848.906,12.857
3682,decode,54,56,275,93853.899,93854.455,0.556
3683,decode,50,56,276,94177.752,94178.288,0.536
3684,decode,45,48,277,94181.867,94182.33,0.462
3685,decode,42,48,278,94192.579,94193.027,0.448
3686,decode,38,40,279,94203.306,94203.726,0.42
3687,decode,33,40,280,94213.982,94214.404,0.422
3688,decode,32,32,281,94223.397,94223.783,0.386
3689,decode,28,32,282,94233.527,94233.907,0.38
3690,decode,26,32,283,94243.051,94243.432,0.381
3691,decode,21,24,284,94252.69,94253.057,0.368
3692,decode,20,24,285,94261.506,94261.856,0.35
3693,decode,15,16,286,94271.04,94271.365,0.325
3694,decode,10,16,287,94280.208,94280.525,0.317
3695,decode,8,8,288,94288.491,94288.785,0.294
3696,decode,7,8,289,94297.018,94297.318,0.3
3697,decode,5,8,290,94305.56,94305.846,0.286
3698,decode,2,2,291,94314.045,94314.315,0.271
3699,decode,2,2,292,94321.887,94322.16,0.273
3700,decode,1,1,279,94330.217,94330.625,0.409
3701,decode,1,1,280,94337.91,94338.295,0.386
3702,decode,1,1,281,94346.037,94346.405,0.369
3703,decode,1,1,282,94354.216,94354.583,0.367
3704,decode,1,1,283,94362.376,94362.74,0.365
3705,prefill,53,8192,265,94384.624,94396.78,12.155
3706,decode,45,48,266,94401.157,94401.636,0.479
3707,decode,40,40,267,94731.517,94732.067,0.55
3708,decode,27,32,268,94735.685,94736.098,0.413
3709,decode,18,24,269,94745.091,94745.448,0.357
3710,decode,14,16,269,94754.105,94754.447,0.342
3711,decode,9,16,270,94763.449,94763.772,0.322
3712,decode,8,8,271,94771.877,94772.194,0.317
3713,decode,6,8,272,94780.86,94781.164,0.304
3714,decode,5,8,273,94789.311,94789.605,0.294
3715,decode,5,8,274,94797.59,94797.882,0.293
3716,decode,3,4,275,94806.192,94806.483,0.292
3717,decode,3,4,276,94814.247,94814.518,0.27
3718,decode,2,2,277,94822.628,94822.909,0.281
3719,decode,2,2,278,94830.672,94830.943,0.271
3720,decode,1,1,279,94838.972,94839.394,0.422
3721,decode,1,1,280,94846.784,94847.171,0.387
3722,decode,1,1,281,94854.943,94855.332,0.388
3723,prefill,43,8192,263,94875.15,94887.322,12.172
3724,decode,41,48,264,94892.361,94892.865,0.504
3725,decode,37,40,265,95216.469,95216.925,0.456
3726,decode,29,32,266,95222.567,95222.984,0.417
3727,decode,23,24,253,95232.776,95233.168,0.392
3728,decode,18,24,254,95242.709,95243.09,0.382
3729,decode,8,8,255,95252.769,95253.098,0.33
3730,decode,7,8,252,95261.075,95261.375,0.3
3731,decode,6,8,253,95269.696,95269.984,0.288
3732,decode,4,4,250,95278.307,95278.583,0.276
3733,decode,3,4,251,95286.693,95286.962,0.269
3734,decode,1,1,155,95295.155,95295.559,0.404
3735,decode,1,1,156,95303.149,95303.523,0.374
3736,decode,1,1,157,95311.393,95311.781,0.388
3737,decode,1,1,158,95319.609,95319.98,0.371
3738,decode,1,1,159,95327.916,95328.348,0.432
3739,decode,1,1,160,95336.016,95336.401,0.386
3740,decode,1,1,161,95344.298,95344.667,0.368
3741,decode,1,1,162,95352.35,95352.719,0.369
3742,decode,1,1,163,95360.485,95360.853,0.369
3743,decode,1,1,164,95368.667,95369.063,0.396
3744,prefill,58,8192,266,95392.029,95404.276,12.247
3745,decode,51,56,267,95409.323,95409.854,0.531
3746,decode,48,48,268,95733.908,95734.428,0.52
3747,decode,34,40,269,95738.733,95739.171,0.438
3748,decode,27,32,270,95748.719,95749.119,0.4
3749,decode,21,24,271,95758.855,95759.24,0.386
3750,decode,19,24,272,95768.064,95768.417,0.352
3751,decode,13,16,273,95777.81,95778.152,0.342
3752,decode,7,8,274,95787.064,95787.358,0.294
3753,decode,6,8,270,95795.261,95795.558,0.297
3754,decode,5,8,271,95803.82,95804.131,0.311
3755,decode,5,8,272,95812.138,95812.423,0.285
3756,decode,4,4,273,95820.638,95820.918,0.281
3757,decode,2,2,274,95828.998,95829.298,0.3
3758,decode,2,2,275,95837.051,95837.312,0.26
3759,decode,1,1,276,95845.135,95845.545,0.41
3760,decode,1,1,277,95853.26,95853.631,0.372
3761,prefill,64,8192,277,95878.294,95890.67,12.376
3762,decode,63,64,278,95892.752,95893.315,0.563
3763,decode,59,64,279,96220.726,96221.302,0.576
3764,decode,49,56,280,96225.082,96225.569,0.487
3765,decode,38,40,281,96236.316,96236.741,0.425
3766,decode,30,32,282,96246.627,96247.025,0.399
3767,decode,23,24,283,96256.459,96256.818,0.359
3768,decode,15,16,273,96266.162,96266.489,0.326
3769,decode,14,16,274,96274.572,96274.893,0.321
3770,decode,13,16,275,96283.433,96283.753,0.321
3771,decode,12,16,276,96292.289,96292.607,0.318
3772,decode,11,16,277,96301.096,96301.444,0.348
3773,decode,9,16,278,96309.963,96310.295,0.333
3774,decode,8,8,279,96318.468,96318.772,0.304
3775,decode,5,8,280,96327.24,96327.535,0.295
3776,decode,5,8,281,96335.296,96335.582,0.287
3777,decode,2,2,209,96343.909,96344.189,0.28
3778,decode,2,2,210,96351.774,96352.062,0.288
3779,decode,2,2,211,96359.792,96360.07,0.278
3780,decode,2,2,212,96367.946,96368.221,0.275
3781,decode,1,1,213,96375.933,96376.351,0.418
3782,prefill,52,8192,274,96397.907,96410.697,12.789
3783,decode,47,48,275,96412.498,96412.982,0.484
3784,decode,40,40,276,96737.096,96737.568,0.473
3785,decode,32,32,277,96742.843,96743.25,0.407
3786,decode,23,24,278,96753.346,96753.714,0.368
3787,decode,21,24,279,96762.585,96762.931,0.346
3788,decode,15,16,260,96772.379,96772.706,0.327
3789,decode,11,16,261,96781.555,96781.875,0.32
3790,decode,8,8,262,96790.289,96790.582,0.293
3791,decode,6,8,263,96799.047,96799.334,0.287
3792,decode,5,8,225,96807.455,96807.74,0.285
3793,decode,1,1,154,96816.092,96816.497,0.406
3794,prefill,47,8192,286,96837.784,96849.811,12.028
3795,decode,46,48,287,96851.392,96851.861,0.469
3796,decode,37,40,288,97178.129,97178.601,0.472
3797,decode,32,32,289,97182.256,97182.662,0.406
3798,decode,29,32,290,97192.225,97192.61,0.385
3799,decode,25,32,291,97202.55,97202.929,0.379
3800,decode,22,24,292,97212.444,97212.806,0.362
3801,decode,21,24,293,97221.67,97222.034,0.364
3802,decode,15,16,289,97231.713,97232.062,0.349
3803,decode,13,16,290,97240.554,97240.877,0.323
3804,decode,11,16,291,97249.58,97249.913,0.334
3805,decode,10,16,292,97258.394,97258.726,0.332
3806,decode,7,8,293,97267.301,97267.604,0.304
3807,decode,7,8,294,97275.747,97276.048,0.301
3808,decode,6,8,295,97284.273,97284.557,0.285
3809,decode,6,8,296,97292.622,97292.918,0.296
3810,decode,5,8,297,97301.13,97301.427,0.297
3811,decode,3,4,298,97309.612,97309.891,0.279
3812,decode,2,2,279,97317.782,97318.065,0.283
3813,decode,2,2,280,97325.797,97326.073,0.276
3814,decode,1,1,276,97333.984,97334.4,0.416
3815,decode,1,1,277,97341.865,97342.246,0.382
3816,decode,1,1,278,97350.061,97350.434,0.372
3817,decode,1,1,279,97358.226,97358.673,0.447
3818,prefill,58,8192,259,97381.573,97394.355,12.782
3819,decode,54,56,260,97399.32,97399.846,0.526
3820,decode,45,48,261,97723.615,97724.116,0.502
3821,decode,39,40,262,97728.205,97728.626,0.421
3822,decode,31,32,263,97739.191,97739.593,0.402
3823,decode,26,32,264,97749.033,97749.414,0.381
3824,decode,22,24,261,97758.727,97759.097,0.371
3825,decode,19,24,262,97768.18,97768.528,0.348
3826,decode,18,24,263,97777.268,97777.616,0.349
3827,decode,18,24,264,97786.337,97786.686,0.348
3828,decode,14,16,265,97795.953,97796.311,0.358
3829,decode,11,16,263,97804.931,97805.28,0.349
3830,decode,9,16,264,97813.61,97813.939,0.329
3831,decode,5,8,262,97822.493,97822.8,0.307
3832,decode,5,8,263,97830.745,97831.049,0.304
3833,decode,4,4,264,97839.173,97839.466,0.293
3834,decode,2,2,255,97847.6,97847.897,0.298
3835,decode,1,1,256,97855.688,97856.107,0.419
3836,decode,1,1,257,97863.626,97863.996,0.37
3837,decode,1,1,258,97871.721,97872.105,0.384
3838,decode,1,1,259,97879.876,97880.267,0.39
3839,decode,1,1,260,97888.086,97888.465,0.379
3840,decode,1,1,261,97896.357,97896.729,0.371
3841,decode,1,1,262,97904.417,97904.787,0.371
3842,decode,1,1,263,97912.598,97912.967,0.369
3843,prefill,48,8192,257,97934.106,97946.212,12.106
3844,decode,44,48,258,97950.818,97951.309,0.492
3845,decode,37,40,259,98274.52,98274.964,0.444
3846,decode,27,32,260,98280.291,98280.674,0.384
3847,decode,19,24,255,98290.296,98290.649,0.353
3848,decode,16,16,256,98299.424,98299.75,0.326
3849,decode,12,16,257,98309.055,98309.376,0.321
3850,decode,10,16,258,98317.972,98318.306,0.334
3851,decode,7,8,259,98327.034,98327.358,0.324
3852,decode,5,8,251,98335.662,98335.95,0.288
3853,decode,3,4,247,98344.146,98344.424,0.278
3854,decode,1,1,248,98352.529,98352.94,0.41
3855,decode,1,1,249,98360.542,98360.913,0.371
3856,decode,1,1,250,98368.741,98369.131,0.39
3857,prefill,42,8192,257,98388.886,98400.89,12.004
3858,decode,39,40,255,98402.454,98402.884,0.43
3859,decode,35,40,256,98728.835,98729.274,0.438
3860,decode,30,32,257,98734.473,98734.862,0.389
3861,decode,19,24,258,98745.733,98746.101,0.368
3862,decode,17,24,259,98754.827,98755.204,0.377
3863,decode,12,16,251,98764.628,98764.969,0.341
3864,decode,8,8,252,98773.698,98773.994,0.295
3865,decode,5,8,253,98782.654,98782.958,0.304
3866,decode,4,4,227,98790.88,98791.187,0.307
3867,decode,4,4,228,98799.143,98799.415,0.272
3868,decode,3,4,229,98807.622,98807.897,0.275
3869,decode,1,1,208,98815.899,98816.313,0.414
3870,decode,1,1,209,98823.954,98824.347,0.393
3871,prefill,51,8192,271,98845.69,98857.751,12.061
3872,decode,48,48,272,98862.539,98863.051,0.513
3873,decode,36,40,273,99185.692,99186.155,0.463
3874,decode,29,32,274,99190.424,99190.822,0.398
3875,decode,22,24,275,99200.72,99201.105,0.385
3876,decode,14,16,276,99211.149,99211.49,0.34
3877,decode,13,16,277,99219.876,99220.222,0.346
3878,decode,11,16,278,99229.284,99229.606,0.322
3879,decode,10,16,279,99238.229,99238.548,0.32
3880,decode,7,8,280,99247.518,99247.816,0.299
3881,decode,5,8,281,99256.213,99256.502,0.289
3882,decode,4,4,282,99264.52,99264.798,0.278
3883,decode,3,4,283,99272.924,99273.241,0.318
3884,decode,2,2,274,99281.235,99281.503,0.268
3885,decode,2,2,275,99289.381,99289.643,0.262
3886,decode,1,1,272,99297.531,99297.933,0.402
3887,prefill,54,8192,259,99319.402,99331.626,12.223
3888,decode,51,56,260,99336.437,99336.946,0.508
3889,decode,41,48,261,99660.394,99660.89,0.497
3890,decode,36,40,262,99663.635,99664.071,0.436
3891,decode,28,32,256,99674.526,99674.912,0.386
3892,decode,24,24,257,99684.317,99684.722,0.405
3893,decode,17,24,258,99694.53,99694.881,0.351
3894,decode,14,16,259,99703.249,99703.58,0.331
3895,decode,11,16,253,99712.567,99712.902,0.334
3896,decode,9,16,254,99721.42,99721.738,0.318
3897,decode,8,8,255,99729.98,99730.305,0.325
3898,decode,5,8,256,99738.899,99739.197,0.297
3899,decode,5,8,257,99747.06,99747.366,0.306
3900,decode,3,4,258,99755.762,99756.054,0.292
3901,decode,3,4,259,99763.752,99764.035,0.283
3902,decode,2,2,260,99772.481,99772.748,0.266
3903,decode,1,1,261,99780.751,99781.169,0.418
3904,decode,1,1,262,99788.604,99788.976,0.372
3905,decode,1,1,263,99796.819,99797.203,0.384
3906,prefill,57,8192,263,99819.939,99832.589,12.65
3907,decode,55,56,264,99838.215,99838.76,0.545
3908,decode,47,48,265,100160.143,100160.676,0.534
3909,decode,37,40,266,100164.627,100165.064,0.436
3910,decode,27,32,267,100175.235,100175.623,0.387
3911,decode,21,24,268,100184.851,100185.22,0.369
3912,decode,15,16,269,100194.407,100194.738,0.331
3913,decode,9,16,270,100203.768,100204.129,0.361
3914,decode,6,8,166,100212.244,100212.541,0.297
3915,decode,5,8,167,100220.77,100221.072,0.301
3916,decode,2,2,164,100229.282,100229.554,0.272
3917,decode,1,1,126,100237.484,100237.887,0.403
3918,decode,1,1,127,100245.39,100245.767,0.378
3919,decode,1,1,128,100253.652,100254.052,0.4
3920,prefill,50,8192,261,100275.876,100288.503,12.627
3921,decode,46,48,262,100293.502,100293.994,0.492
3922,decode,36,40,263,100616.353,100616.9,0.547
3923,decode,31,32,264,100620.149,100620.547,0.398
3924,decode,25,32,265,100630.547,100630.927,0.38
3925,decode,17,24,251,100640.818,100641.192,0.374
3926,decode,13,16,252,100649.739,100650.09,0.351
3927,decode,7,8,253,100659.234,100659.534,0.3
3928,decode,5,8,253,100667.639,100667.928,0.289
3929,decode,4,4,254,100675.988,100676.293,0.305
3930,decode,2,2,225,100684.567,100684.837,0.27
3931,decode,1,1,215,100692.764,100693.192,0.429
3932,decode,1,1,216,100700.71,100701.09,0.38
3933,decode,1,1,217,100708.937,100709.318,0.38
3934,decode,1,1,218,100717.165,100717.532,0.368
3935,decode,1,1,219,100725.406,100725.776,0.37
3936,prefill,58,8192,240,100750.809,100763.06,12.251
3937,decode,55,56,237,100767.988,100768.525,0.537
3938,decode,50,56,238,101090.284,101090.831,0.548
3939,decode,42,48,239,101094.443,101094.9,0.457
3940,decode,38,40,240,101104.829,101105.258,0.429
3941,decode,33,40,241,101115.492,101115.898,0.406
3942,decode,28,32,242,101125.627,101126.024,0.398
3943,decode,24,24,243,101135.273,101135.629,0.356
3944,decode,19,24,244,101144.768,101145.13,0.362
3945,decode,16,16,245,101153.768,101154.128,0.361
3946,decode,14,16,230,101162.745,101163.077,0.331
3947,decode,12,16,231,101171.605,101171.919,0.315
3948,decode,11,16,231,101180.271,101180.586,0.315
3949,decode,9,16,232,101189.156,101189.469,0.313
3950,decode,4,4,217,101197.997,101198.296,0.299
3951,decode,4,4,218,101205.974,101206.258,0.284
3952,decode,4,4,219,101214.171,101214.451,0.279
3953,decode,2,2,172,101222.631,101222.899,0.268
3954,decode,1,1,173,101230.726,101231.15,0.424
3955,decode,1,1,174,101238.595,101238.962,0.367
3956,decode,1,1,175,101246.734,101247.115,0.381
3957,decode,1,1,176,101254.945,101255.341,0.396
3958,decode,1,1,177,101263.085,101263.469,0.384
3959,decode,1,1,178,101271.252,101271.618,0.367
3960,prefill,49,8192,275,101295.076,101307.897,12.821
3961,decode,46,48,276,101313.096,101313.585,0.489
3962,decode,39,40,277,101639.195,101639.655,0.46
3963,decode,33,40,278,101644.252,101644.662,0.41
3964,decode,24,24,273,101655.158,101655.517,0.358
3965,decode,17,24,274,101664.959,101665.321,0.362
3966,decode,14,16,275,101674.124,101674.45,0.326
3967,decode,11,16,276,101683.391,101683.709,0.319
3968,decode,6,8,277,101692.536,101692.832,0.295
3969,decode,5,8,205,101700.859,101701.157,0.298
3970,decode,3,4,206,101709.414,101709.69,0.276
3971,decode,3,4,207,101717.579,101717.849,0.27
3972,decode,3,4,208,101725.824,101726.104,0.28
3973,decode,2,2,209,101734.146,101734.414,0.268
3974,decode,2,2,210,101742.23,101742.486,0.256
3975,decode,2,2,211,101750.261,101750.518,0.257
3976,decode,2,2,212,101758.316,101758.571,0.255
3977,decode,2,2,213,101766.339,101766.596,0.257
3978,decode,2,2,214,101774.406,101774.66,0.254
3979,decode,2,2,215,101782.41,101782.665,0.255
3980,decode,2,2,216,101790.576,101790.832,0.256
3981,decode,2,2,217,101798.483,101798.739,0.256
3982,decode,1,1,218,101806.653,101807.089,0.436
3983,decode,1,1,219,101814.528,101814.897,0.368
3984,prefill,53,8192,265,101837.516,101850.141,12.626
3985,decode,43,48,266,101855.292,101855.786,0.495
3986,decode,32,32,267,102179.288,102179.778,0.49
3987,decode,29,32,268,102182.925,102183.316,0.391
3988,decode,21,24,268,102193.562,102193.921,0.359
3989,decode,19,24,269,102202.979,102203.338,0.359
3990,decode,15,16,270,102212.671,102212.999,0.327
3991,decode,11,16,271,102222.081,102222.403,0.322
3992,decode,8,8,272,102230.911,102231.218,0.307
3993,decode,7,8,273,102239.652,102239.936,0.284
3994,decode,4,4,273,102248.337,102248.616,0.279
3995,decode,4,4,274,102256.42,102256.692,0.272
3996,decode,3,4,275,102264.813,102265.094,0.281
3997,prefill,58,8192,254,102289.154,102301.361,12.206
3998,decode,55,56,255,102303.185,102303.683,0.498
3999,decode,51,56,256,102631.215,102631.748,0.533
4000,decode,46,48,257,102634.739,102635.201,0.462
4001,decode,40,40,258,102645.769,102646.23,0.461
4002,decode,34,40,259,102656.494,102656.902,0.409
4003,decode,32,32,260,102666.218,102666.603,0.386
4004,decode,24,24,261,102676.651,102677.019,0.368
4005,decode,21,24,262,102685.778,102686.139,0.361
4006,decode,16,16,257,102695.019,102695.361,0.342
4007,decode,12,16,258,102704.208,102704.539,0.331
4008,decode,6,8,226,102713.02,102713.327,0.307
4009,decode,5,8,227,102721.135,102721.417,0.282
4010,decode,4,4,228,102729.457,102729.732,0.275
4011,decode,4,4,229,102737.683,102737.95,0.267
4012,decode,2,2,215,102746.154,102746.43,0.276
4013,decode,1,1,160,102754.328,102754.746,0.418
4014,decode,1,1,161,102762.257,102762.638,0.381
4015,decode,1,1,162,102770.368,102770.736,0.368
4016,decode,1,1,163,102778.528,102778.894,0.366
4017,prefill,48,8192,238,102799.868,102811.913,12.045
4018,decode,43,48,239,102816.83,102817.328,0.497
4019,decode,37,40,240,103138.669,103139.185,0.516
4020,decode,32,32,241,103143.341,103143.726,0.385
4021,decode,27,32,242,103153.695,103154.086,0.392
4022,decode,22,24,243,103163.718,103164.094,0.375
4023,decode,18,24,218,103173.39,103173.739,0.349
4024,decode,15,16,219,103182.478,103182.803,0.325
4025,decode,15,16,220,103191.501,103191.817,0.316
4026,decode,13,16,221,103200.587,103200.903,0.316
4027,decode,11,16,222,103209.509,103209.824,0.315
4028,decode,11,16,223,103218.068,103218.385,0.317
4029,decode,9,16,224,103226.97,103227.305,0.335
4030,decode,8,8,225,103235.392,103235.686,0.293
4031,decode,7,8,226,103243.965,103244.261,0.296
4032,decode,7,8,227,103252.24,103252.524,0.283
4033,decode,7,8,228,103260.598,103260.881,0.282
4034,decode,7,8,229,103268.962,103269.259,0.298
4035,decode,6,8,230,103277.44,103277.726,0.286
4036,decode,4,4,231,103285.836,103286.124,0.288
4037,decode,3,4,184,103293.98,103294.263,0.284
4038,decode,3,4,185,103302.053,103302.326,0.273
4039,decode,3,4,186,103310.221,103310.491,0.27
4040,decode,2,2,181,103318.557,103318.823,0.267
4041,decode,2,2,182,103326.517,103326.772,0.256
4042,decode,2,2,183,103334.53,103334.787,0.257
4043,decode,2,2,184,103342.589,103342.856,0.267
4044,decode,2,2,185,103350.587,103350.853,0.266
4045,decode,2,2,186,103358.601,103358.857,0.255
4046,decode,2,2,187,103366.57,103366.826,0.256
4047,decode,2,2,188,103374.552,103374.809,0.258
4048,prefill,58,8192,263,103398.255,103410.361,12.106
4049,decode,55,56,264,103412.19,103412.688,0.499
4050,decode,50,56,265,103743.255,103743.889,0.634
4051,decode,46,48,266,103746.536,103746.992,0.456
4052,decode,41,48,267,103757.143,103757.582,0.44
4053,decode,29,32,268,103768.403,103768.815,0.413
4054,decode,22,24,264,103778.195,103778.555,0.36
4055,decode,14,16,265,103787.692,103788.033,0.34
4056,decode,13,16,266,103796.137,103796.456,0.319
4057,decode,8,8,242,103805.334,103805.628,0.295
4058,decode,6,8,243,103813.801,103814.1,0.298
4059,decode,3,4,223,103822.314,103822.597,0.284
4060,decode,3,4,224,103830.436,103830.706,0.27
4061,decode,2,2,225,103838.595,103838.865,0.27
4062,decode,1,1,215,103846.797,103847.229,0.432
4063,prefill,47,8192,272,103868.762,103880.87,12.108
4064,decode,40,40,273,103882.382,103882.811,0.429
4065,decode,32,32,274,104209.872,104210.309,0.437
4066,decode,24,24,275,104215.534,104215.894,0.361
4067,decode,20,24,276,104225.769,104226.184,0.415
4068,decode,17,24,277,104235.048,104235.455,0.408
4069,decode,11,16,278,104244.882,104245.229,0.347
4070,decode,8,8,257,104253.79,104254.106,0.316
4071,decode,5,8,241,104262.791,104263.09,0.299
4072,decode,5,8,242,104271.041,104271.329,0.289
4073,decode,3,4,240,104279.636,104279.919,0.282
4074,decode,2,2,237,104287.922,104288.208,0.286
4075,decode,1,1,238,104296.215,104296.638,0.423
4076,prefill,59,8192,299,104320.898,104332.934,12.036
4077,decode,57,64,300,104337.437,104337.962,0.525
4078,decode,52,56,301,104663.259,104663.77,0.511
4079,decode,45,48,291,104667.099,104667.571,0.472
4080,decode,33,40,289,104678.377,104678.801,0.424
4081,decode,21,24,290,104688.638,104689.001,0.363
4082,decode,14,16,291,104697.796,104698.138,0.343
4083,decode,13,16,292,104706.334,104706.653,0.319
4084,decode,8,8,293,104715.614,104715.914,0.301
4085,decode,6,8,294,104724.153,104724.436,0.283
4086,decode,4,4,295,104732.541,104732.82,0.28
4087,decode,3,4,296,104740.889,104741.179,0.289
4088,decode,3,4,297,104749.071,104749.341,0.27
4089,decode,2,2,298,104757.402,104757.668,0.266
4090,decode,1,1,299,104765.597,104766.019,0.422
4091,decode,1,1,300,104773.556,104773.927,0.371
4092,decode,1,1,301,104781.705,104782.086,0.381
4093,decode,1,1,302,104789.89,104790.267,0.378
4094,decode,1,1,303,104798.102,104798.473,0.371
4095,prefill,62,8192,273,104822.057,104834.174,12.117
4096,decode,59,64,274,104836.033,104836.575,0.541
4097,decode,54,56,275,105162.596,105163.132,0.536
4098,decode,46,48,276,105201.123,105201.57,0.447
4099,decode,39,40,277,105204.316,105204.755,0.438
4100,decode,32,32,278,105214.12,105214.507,0.387
4101,decode,29,32,279,105223.445,105223.884,0.439
4102,decode,25,32,280,105232.706,105233.095,0.389
4103,decode,19,24,281,105242.186,105242.546,0.36
4104,decode,14,16,282,105251.128,105251.458,0.33
4105,decode,11,16,283,105259.806,105260.141,0.335
4106,decode,8,8,284,105268.457,105268.757,0.3
4107,decode,6,8,274,105277.03,105277.317,0.287
4108,decode,5,8,275,105285.268,105285.553,0.285
4109,decode,4,4,276,105293.63,105293.958,0.328
4110,decode,3,4,277,105301.936,105302.273,0.337
4111,decode,2,2,278,105310.143,105310.445,0.302
4112,decode,2,2,279,105318.151,105318.451,0.299
4113,decode,2,2,280,105326.181,105326.484,0.303
4114,decode,1,1,269,105334.351,105334.814,0.463
4115,decode,1,1,270,105342.279,105342.713,0.434
4116,decode,1,1,271,105350.398,105350.819,0.421
4117,decode,1,1,272,105358.554,105358.97,0.417
4118,prefill,50,8192,272,105383.05,105397.257,14.207
4119,decode,49,56,273,105405.405,105406.212,0.807
4120,decode,44,48,274,105724.269,105724.819,0.55
4121,decode,43,48,275,105728.111,105728.554,0.444
4122,decode,38,40,276,105739.456,105739.893,0.437
4123,decode,32,32,277,105750.449,105750.855,0.406
4124,decode,26,32,269,105760.589,105760.98,0.39
4125,decode,23,24,270,105770.025,105770.399,0.374
4126,decode,17,24,270,105779.848,105780.223,0.375
4127,decode,15,16,271,105788.472,105788.804,0.333
4128,decode,14,16,272,105798.184,105798.681,0.496
4129,decode,8,8,273,105807.452,105807.857,0.405
4130,decode,7,8,274,105815.014,105815.332,0.318
4131,decode,5,8,275,105823.739,105824.06,0.321
4132,decode,2,2,271,105832.098,105832.378,0.28
4133,decode,1,1,243,105840.159,105840.593,0.433
4134,prefill,54,8192,260,105864.359,105876.577,12.218
4135,decode,49,56,261,105882.015,105882.613,0.598
4136,decode,47,48,262,106207.367,106207.964,0.597
4137,decode,37,40,263,106212.102,106212.525,0.423
4138,decode,32,32,264,106222.535,106222.991,0.456
4139,decode,23,24,259,106232.884,106233.261,0.377
4140,decode,17,24,260,106242.595,106242.945,0.35
4141,decode,13,16,261,106251.386,106251.716,0.33
4142,decode,11,16,262,106260.413,106260.733,0.321
4143,decode,10,16,263,106269.098,106269.418,0.319
4144,decode,9,16,264,106278.038,106278.358,0.32
4145,decode,6,8,253,106286.942,106287.254,0.313
4146,decode,6,8,254,106295.328,106295.611,0.283
4147,decode,6,8,255,106303.678,106303.963,0.285
4148,decode,5,8,256,106312.248,106312.533,0.285
4149,decode,4,4,257,106320.524,106320.802,0.278
4150,decode,4,4,258,106328.705,106328.974,0.269
4151,decode,4,4,259,106336.944,106337.225,0.282
4152,decode,4,4,260,106345.196,106345.463,0.266
4153,decode,3,4,261,106353.491,106353.758,0.267
4154,decode,1,1,219,106361.853,106362.284,0.431
4155,decode,1,1,220,106369.72,106370.104,0.383
4156,decode,1,1,221,106377.88,106378.267,0.387
4157,decode,1,1,222,106386.053,106386.431,0.378
4158,prefill,41,8192,252,106409.407,106421.452,12.045
4159,decode,37,40,253,106425.777,106426.248,0.472
4160,decode,30,32,253,106749.182,106749.601,0.419
4161,decode,26,32,254,106754.304,106754.688,0.384
4162,decode,20,24,255,106764.859,106765.23,0.371
4163,decode,17,24,256,106774.29,106774.646,0.356
4164,decode,12,16,257,106784.025,106784.352,0.328
4165,decode,12,16,258,106792.815,106793.145,0.33
4166,decode,8,8,259,106802.254,106802.549,0.295
4167,decode,6,8,256,106811.041,106811.326,0.285
4168,decode,4,4,249,106819.516,106819.796,0.28
4169,decode,2,2,250,106827.914,106828.195,0.281
4170,decode,1,1,251,106836.083,106836.497,0.413
4171,decode,1,1,252,106844.069,106844.442,0.372
4172,prefill,43,8192,281,106864.792,106876.736,11.944
4173,decode,40,40,276,106880.977,106881.431,0.454
4174,decode,37,40,277,107205.425,107205.874,0.449
4175,decode,33,40,278,107210.716,107211.142,0.426
4176,decode,26,32,279,107221.595,107222.065,0.471
4177,decode,23,24,280,107231.668,107232.043,0.376
4178,decode,15,16,281,107241.684,107242.027,0.343
4179,decode,11,16,278,107250.828,107251.158,0.33
4180,decode,10,16,279,107259.698,107260.037,0.339
4181,decode,8,8,280,107268.602,107268.9,0.298
4182,decode,5,8,281,107277.556,107277.843,0.286
4183,decode,4,4,282,107285.848,107286.143,0.295
4184,decode,3,4,283,107294.21,107294.478,0.268
4185,decode,1,1,284,107302.667,107303.098,0.431
4186,decode,1,1,285,107310.582,107310.954,0.373
4187,decode,1,1,286,107318.727,107319.111,0.384
4188,prefill,40,8192,250,107338.754,107350.672,11.917
4189,decode,39,40,251,107352.117,107352.539,0.422
4190,decode,33,40,252,107675.678,107676.119,0.44
4191,decode,25,32,252,107682.174,107682.562,0.389
4192,decode,24,24,253,107691.773,107692.143,0.37
4193,decode,19,24,253,107702.078,107702.468,0.389
4194,decode,16,16,254,107711.422,107711.748,0.326
4195,decode,12,16,248,107720.989,107721.318,0.33
4196,decode,10,16,249,107729.797,107730.143,0.346
4197,decode,6,8,250,107738.872,107739.181,0.309
4198,decode,4,4,251,107747.375,107747.653,0.278
4199,decode,3,4,252,107755.697,107755.965,0.267
4200,decode,2,2,253,107764.074,107764.348,0.274
4201,decode,2,2,254,107772.094,107772.352,0.258
4202,decode,2,2,255,107780.157,107780.413,0.256
4203,decode,2,2,256,107788.211,107788.468,0.257
4204,decode,2,2,257,107796.257,107796.513,0.256
4205,decode,2,2,258,107804.303,107804.56,0.258
4206,decode,2,2,259,107812.326,107812.582,0.257
4207,decode,2,2,260,107820.378,107820.634,0.256
4208,decode,1,1,261,107828.504,107828.908,0.404
4209,decode,1,1,262,107836.434,107836.803,0.369
4210,decode,1,1,263,107844.574,107844.945,0.37
4211,decode,1,1,264,107852.736,107853.117,0.381
4212,decode,1,1,265,107860.919,107861.312,0.392
4213,decode,1,1,266,107869.114,107869.481,0.367
4214,prefill,62,8192,257,107893.898,107905.89,11.991
4215,decode,60,64,258,107910.423,107910.944,0.52
4216,decode,55,56,258,108238.432,108238.983,0.551
4217,decode,46,48,259,108242.176,108242.633,0.456
4218,decode,38,40,258,108252.554,108252.976,0.422
4219,decode,30,32,257,108263.162,108263.551,0.389
4220,decode,23,24,256,108272.994,108273.368,0.374
4221,decode,19,24,257,108282.198,108282.545,0.347
4222,decode,18,24,258,108291.16,108291.531,0.371
4223,decode,15,16,255,108300.474,108300.803,0.328
4224,decode,11,16,253,108309.892,108310.224,0.333
4225,decode,10,16,254,108318.241,108318.557,0.317
4226,decode,8,8,234,108326.978,108327.285,0.307
4227,decode,6,8,230,108335.632,108335.938,0.306
4228,decode,3,4,231,108344.156,108344.436,0.28
4229,decode,2,2,232,108352.265,108352.532,0.267
4230,decode,1,1,132,108360.465,108360.878,0.413
4231,prefill,59,8192,267,108384.33,108396.436,12.106
4232,decode,55,56,268,108401.158,108401.657,0.499
4233,decode,47,48,269,108724.42,108724.896,0.476
4234,decode,37,40,270,108729.198,108729.621,0.423
4235,decode,33,40,271,108739.289,108739.702,0.413
4236,decode,27,32,270,108749.577,108749.961,0.384
4237,decode,26,32,271,108759.035,108759.413,0.378
4238,decode,22,24,272,108768.767,108769.135,0.368
4239,decode,15,16,273,108778.548,108778.876,0.328
4240,decode,12,16,274,108787.401,108787.717,0.316
4241,decode,10,16,264,108796.076,108796.394,0.319
4242,decode,7,8,265,108804.841,108805.157,0.316
4243,decode,6,8,266,108813.274,108813.559,0.285
4244,decode,5,8,267,108821.736,108822.032,0.296
4245,decode,4,4,268,108829.958,108830.266,0.308
4246,decode,3,4,260,108838.273,108838.541,0.267
4247,decode,2,2,261,108846.484,108846.751,0.267
4248,decode,1,1,262,108854.703,108855.144,0.441
4249,decode,1,1,263,108862.604,108862.973,0.37
4250,decode,1,1,264,108870.77,108871.152,0.382
4251,prefill,55,8192,267,108893.558,108905.629,12.071
4252,decode,54,56,268,108910.075,108910.566,0.49
4253,decode,46,48,269,109235.734,109236.259,0.524
4254,decode,39,40,270,109240.225,109240.648,0.423
4255,decode,34,40,271,109251.087,109251.502,0.415
4256,decode,31,32,272,109261.087,109261.474,0.387
4257,decode,23,24,273,109271.901,109272.271,0.371
4258,decode,16,16,274,109281.355,109281.682,0.328
4259,decode,10,16,275,109290.688,109291.02,0.332
4260,decode,7,8,274,109299.397,109299.694,0.297
4261,decode,6,8,273,109307.87,109308.172,0.302
4262,decode,5,8,274,109316.371,109316.661,0.29
4263,decode,2,2,275,109324.957,109325.24,0.283
4264,decode,1,1,276,109333.039,109333.457,0.417
4265,prefill,53,8192,269,109355.481,109367.532,12.051
4266,decode,46,48,255,109371.893,109372.367,0.475
4267,decode,39,40,256,109696.674,109697.25,0.575
4268,decode,32,32,257,109700.454,109700.854,0.399
4269,decode,31,32,258,109710.257,109710.651,0.394
4270,decode,26,32,259,109720.986,109721.44,0.454
4271,decode,23,24,260,109730.727,109731.102,0.375
4272,decode,15,16,254,109740.964,109741.306,0.342
4273,decode,14,16,235,109749.455,109749.785,0.33
4274,decode,12,16,236,109758.549,109758.871,0.322
4275,decode,10,16,237,109767.471,109767.79,0.319
4276,decode,8,8,238,109776.259,109776.56,0.301
4277,decode,6,8,239,109784.914,109785.242,0.328
4278,decode,6,8,240,109793.098,109793.386,0.288
4279,decode,3,4,228,109801.775,109802.072,0.297
4280,decode,3,4,229,109809.935,109810.216,0.282
4281,decode,2,2,230,109818.138,109818.45,0.312
4282,decode,1,1,152,109826.386,109826.838,0.452
4283,prefill,55,8192,261,109849.856,109862.846,12.991
4284,decode,54,56,262,109864.742,109865.266,0.524
4285,decode,45,48,263,110190.794,110191.348,0.554
4286,decode,38,40,263,110194.146,110194.605,0.459
4287,decode,33,40,248,110204.614,110205.037,0.423
4288,decode,22,24,249,110215.406,110215.786,0.38
4289,decode,20,24,250,110224.204,110224.558,0.354
4290,decode,18,24,251,110233.464,110233.833,0.369
4291,decode,16,16,252,110242.59,110242.932,0.343
4292,decode,12,16,253,110251.922,110252.296,0.374
4293,decode,8,8,254,110260.686,110260.993,0.307
4294,decode,7,8,255,110269.075,110269.364,0.289
4295,decode,5,8,256,110277.555,110277.841,0.286
4296,decode,3,4,257,110285.988,110286.303,0.315
4297,decode,2,2,258,110294.117,110294.411,0.294
4298,decode,2,2,259,110302.179,110302.444,0.264
4299,decode,1,1,256,110310.341,110310.764,0.423
4300,prefill,42,8192,256,110331.366,110343.917,12.551
4301,decode,41,48,257,110345.609,110346.089,0.48
4302,decode,36,40,258,110671.406,110671.892,0.486
4303,decode,28,32,259,110677.187,110677.586,0.398
4304,decode,22,24,260,110687.541,110687.91,0.369
4305,decode,15,16,260,110697.515,110697.853,0.339
4306,decode,11,16,261,110706.761,110707.092,0.331
4307,decode,11,16,262,110715.567,110715.893,0.326
4308,decode,9,16,263,110724.822,110725.152,0.33
4309,decode,5,8,261,110733.942,110734.282,0.34
4310,decode,3,4,262,110742.472,110742.754,0.282
4311,decode,2,2,252,110750.788,110751.071,0.283
4312,decode,1,1,253,110759.041,110759.536,0.495
4313,decode,1,1,254,110767.063,110767.447,0.384
4314,prefill,52,8192,276,110790.653,110802.85,12.197
4315,decode,45,48,277,110804.572,110805.061,0.489
4316,decode,35,40,268,111131.022,111131.51,0.488
4317,decode,23,24,269,111135.881,111136.261,0.381
4318,decode,17,24,269,111145.524,111145.884,0.36
4319,decode,15,16,270,111154.745,111155.09,0.346
4320,decode,12,16,271,111164.473,111164.793,0.32
4321,decode,11,16,272,111173.33,111173.648,0.318
4322,decode,8,8,264,111182.549,111182.861,0.312
4323,decode,5,8,265,111191.637,111191.933,0.296
4324,decode,2,2,255,111200.035,111200.328,0.293
4325,decode,2,2,256,111207.989,111208.28,0.291
4326,decode,1,1,257,111216.21,111216.632,0.422
4327,decode,1,1,258,111224.229,111224.602,0.372
4328,decode,1,1,259,111232.434,111232.807,0.373
4329,decode,1,1,260,111240.635,111241.018,0.383
4330,decode,1,1,261,111248.856,111249.25,0.393
4331,prefill,54,8192,268,111272.383,111284.741,12.358
4332,decode,46,48,269,111289.795,111290.309,0.514
4333,decode,37,40,270,111613.048,111613.621,0.573
4334,decode,27,32,260,111616.888,111617.3,0.412
4335,decode,19,24,261,111627.026,111627.394,0.368
4336,decode,13,16,260,111636.674,111637.018,0.344
4337,decode,5,8,255,111646.288,111646.588,0.3
4338,decode,3,4,256,111654.745,111655.049,0.304
4339,decode,2,2,256,111663.125,111663.399,0.274
4340,decode,2,2,257,111671.573,111671.838,0.266
4341,decode,1,1,107,111679.784,111680.216,0.432
4342,decode,1,1,108,111687.778,111688.164,0.386
4343,decode,1,1,109,111695.991,111696.409,0.418
4344,decode,1,1,110,111704.157,111704.532,0.375
4345,decode,1,1,111,111712.339,111712.716,0.377
4346,prefill,53,8192,259,111737.915,111750.554,12.639
4347,decode,50,56,260,111754.24,111755.025,0.785
4348,decode,41,48,251,112077.86,112078.35,0.49
4349,decode,31,32,252,112082.018,112082.41,0.392
4350,decode,22,24,253,112092.19,112092.554,0.364
4351,decode,18,24,254,112101.602,112102.02,0.418
4352,decode,15,16,255,112110.706,112111.053,0.347
4353,decode,10,16,256,112120.254,112120.572,0.318
4354,decode,8,8,256,112128.657,112128.959,0.302
4355,decode,7,8,257,112137.305,112137.593,0.289
4356,decode,6,8,258,112145.897,112146.211,0.314
4357,decode,6,8,259,112154.225,112154.508,0.283
4358,decode,6,8,260,112162.646,112162.932,0.285
4359,decode,3,4,261,112171.353,112171.641,0.288
4360,decode,2,2,249,112179.598,112179.87,0.272
4361,decode,1,1,250,112187.639,112188.074,0.435
4362,prefill,49,8192,253,112211.151,112223.593,12.442
4363,decode,46,48,254,112229.48,112229.968,0.487
4364,decode,40,40,255,112550.761,112551.21,0.449
4365,decode,34,40,255,112555.655,112556.08,0.425
4366,decode,26,32,251,112566.305,112566.697,0.392
4367,decode,21,24,252,112576.165,112576.524,0.359
4368,decode,17,24,251,112585.658,112586.014,0.357
4369,decode,13,16,250,112594.943,112595.283,0.34
4370,decode,11,16,251,112603.979,112604.307,0.328
4371,decode,9,16,248,112613.026,112613.344,0.318
4372,decode,6,8,249,112621.766,112622.071,0.305
4373,decode,4,4,231,112630.384,112630.701,0.317
4374,decode,4,4,232,112638.501,112638.767,0.266
4375,decode,4,4,233,112646.747,112647.05,0.303
4376,decode,4,4,234,112654.99,112655.267,0.277
4377,decode,2,2,235,112663.457,112663.727,0.269
4378,decode,1,1,176,112671.564,112672.016,0.451
4379,decode,1,1,177,112679.492,112679.86,0.368
4380,prefill,50,8192,253,112701.127,112713.099,11.972
4381,decode,48,48,254,112714.673,112715.146,0.473
4382,decode,40,40,255,113040.063,113040.494,0.432
4383,decode,36,40,256,113045.095,113045.506,0.41
4384,decode,33,40,257,113055.245,113055.654,0.409
4385,decode,29,32,258,113065.55,113065.935,0.386
4386,decode,22,24,259,113075.949,113076.318,0.37
4387,decode,18,24,260,113085.468,113085.816,0.348
4388,decode,16,16,261,113094.421,113094.749,0.328
4389,decode,14,16,262,113103.642,113103.958,0.316
4390,decode,12,16,263,113112.599,113112.914,0.315
4391,decode,10,16,253,113121.401,113121.716,0.315
4392,decode,8,8,254,113130.169,113130.464,0.294
4393,decode,7,8,255,113138.713,113138.999,0.286
4394,decode,5,8,256,113147.231,113147.516,0.285
4395,decode,4,4,257,113155.438,113155.713,0.276
4396,decode,3,4,258,113163.792,113164.071,0.279
4397,decode,1,1,233,113172.098,113172.504,0.407
4398,decode,1,1,234,113180.017,113180.388,0.371
4399,decode,1,1,235,113188.137,113188.506,0.369
4400,prefill,63,8192,251,113213.292,113226.064,12.772
4401,decode,61,64,252,113228.115,113228.656,0.542
4402,decode,47,48,253,113556.285,113556.879,0.594
4403,decode,43,48,254,113559.42,113559.863,0.443
4404,decode,34,40,255,113570.289,113570.708,0.419
4405,decode,28,32,256,113580.397,113580.788,0.392
4406,decode,22,24,257,113590.289,113590.649,0.36
4407,decode,18,24,258,113599.613,113599.962,0.35
4408,decode,16,16,254,113608.475,113608.802,0.327
4409,decode,13,16,255,113617.781,113618.112,0.331
4410,decode,13,16,256,113626.262,113626.579,0.317
4411,decode,10,16,257,113635.343,113635.659,0.317
4412,decode,9,16,248,113643.816,113644.148,0.332
4413,decode,7,8,249,113652.45,113652.76,0.311
4414,decode,5,8,250,113661.034,113661.321,0.287
4415,decode,2,2,185,113669.464,113669.73,0.266
4416,decode,1,1,186,113677.502,113677.911,0.409
4417,decode,1,1,187,113685.429,113685.797,0.368
4418,decode,1,1,188,113693.576,113693.942,0.366
4419,decode,1,1,189,113701.75,113702.131,0.381
4420,prefill,53,8192,259,113724.58,113736.757,12.177
4421,decode,50,56,260,113741.539,113742.063,0.524
4422,decode,40,40,261,114064.89,114065.342,0.452
4423,decode,33,40,262,114070.287,114070.7,0.413
4424,decode,28,32,263,114080.493,114080.882,0.389
4425,decode,24,24,264,114090.484,114090.842,0.358
4426,decode,22,24,265,114100.105,114100.454,0.349
4427,decode,20,24,266,114109.978,114110.341,0.363
4428,decode,16,16,267,114119.592,114119.917,0.326
4429,decode,14,16,268,114128.579,114128.898,0.319
4430,decode,13,16,269,114137.456,114137.774,0.319
4431,decode,12,16,270,114146.641,114147.075,0.434
4432,decode,12,16,271,114155.286,114155.679,0.393
4433,decode,8,8,258,114164.19,114164.499,0.309
4434,decode,7,8,259,114172.445,114172.734,0.289
4435,decode,6,8,236,114180.769,114181.064,0.295
4436,decode,4,4,232,114189.146,114189.423,0.277
4437,decode,2,2,233,114197.419,114197.684,0.265
4438,decode,2,2,234,114205.402,114205.661,0.259
4439,decode,2,2,235,114213.384,114213.644,0.259
4440,decode,2,2,236,114221.541,114221.799,0.259
4441,decode,1,1,237,114229.544,114229.959,0.415
4442,prefill,37,8192,261,114248.561,114260.712,12.151
4443,decode,36,40,262,114265.543,114265.994,0.451
4444,decode,36,40,263,114589.144,114589.635,0.492
4445,decode,28,32,264,114595.356,114595.75,0.395
4446,decode,21,24,265,114605.869,114606.239,0.37
4447,decode,18,24,266,114615.588,114615.935,0.347
4448,decode,14,16,261,114625.344,114625.672,0.328
4449,decode,11,16,262,114634.663,114634.983,0.319
4450,decode,10,16,262,114643.512,114643.832,0.319
4451,decode,9,16,263,114652.494,114652.817,0.323
4452,decode,7,8,264,114661.405,114661.704,0.299
4453,decode,7,8,265,114669.923,114670.221,0.298
4454,decode,6,8,266,114678.527,114678.809,0.282
4455,decode,3,4,267,114687.171,114687.445,0.274
4456,decode,3,4,268,114695.228,114695.494,0.266
4457,decode,3,4,269,114703.449,114703.716,0.267
4458,decode,1,1,270,114711.929,114712.355,0.426
4459,decode,1,1,271,114719.885,114720.265,0.38
4460,decode,1,1,272,114728.162,114728.534,0.372
4461,decode,1,1,273,114736.2,114736.569,0.369
4462,decode,1,1,274,114744.356,114744.727,0.371
4463,decode,1,1,275,114752.535,114752.905,0.37
4464,prefill,53,8192,266,114774.786,114786.843,12.057
4465,decode,50,56,267,114788.586,114789.09,0.504
4466,decode,45,48,268,115114.797,115115.271,0.475
4467,decode,34,40,269,115121.199,115121.616,0.417
4468,decode,26,32,269,115131.705,115132.102,0.397
4469,decode,18,24,262,115141.749,115142.122,0.373
4470,decode,14,16,260,115152.318,115152.79,0.472
4471,decode,12,16,261,115159.999,115160.342,0.343
4472,decode,7,8,262,115169.29,115169.596,0.307
4473,decode,5,8,263,115177.86,115178.16,0.3
4474,decode,5,8,264,115186.041,115186.328,0.287
4475,decode,4,4,265,115194.548,115194.84,0.292
4476,decode,3,4,266,115202.902,115203.185,0.283
4477,decode,3,4,267,115211.208,115211.517,0.308
4478,decode,2,2,226,115219.412,115219.707,0.294
4479,decode,2,2,227,115227.644,115227.968,0.324
4480,decode,1,1,228,115236.036,115236.494,0.458
4481,decode,1,1,229,115243.623,115244.017,0.393
4482,prefill,58,8192,262,115270.912,115283.258,12.346
4483,decode,54,56,260,115285.348,115285.851,0.503
4484,decode,49,56,261,115613.423,115614.068,0.645
4485,decode,43,48,262,115616.843,115617.319,0.476
4486,decode,36,40,263,115627.349,115627.778,0.429
4487,decode,29,32,264,115638.026,115638.436,0.411
4488,decode,24,24,265,115647.602,115647.972,0.371
4489,decode,19,24,266,115657.258,115657.623,0.365
4490,decode,13,16,267,115666.528,115666.873,0.345
4491,decode,12,16,268,115674.955,115675.288,0.334
4492,decode,11,16,269,115683.741,115684.081,0.34
4493,decode,6,8,263,115692.933,115693.253,0.319
4494,decode,5,8,264,115701.181,115701.472,0.291
4495,decode,4,4,259,115709.46,115709.748,0.288
4496,decode,3,4,260,115717.822,115718.134,0.312
4497,decode,3,4,261,115725.876,115726.16,0.283
4498,decode,3,4,262,115734.086,115734.36,0.274
4499,decode,3,4,263,115742.3,115742.572,0.272
4500,decode,2,2,264,115750.742,115751.087,0.345
4501,decode,1,1,265,115758.731,115759.213,0.482
4502,prefill,54,8192,288,115783.345,115796.339,12.994
4503,decode,50,56,289,115798.22,115798.73,0.51
4504,decode,44,48,290,116124.913,116125.498,0.585
4505,decode,33,40,291,116129.385,116129.809,0.424
4506,decode,23,24,292,116139.96,116140.333,0.373
4507,decode,18,24,293,116149.729,116150.107,0.378
4508,decode,13,16,294,116159.126,116159.464,0.338
4509,decode,10,16,295,116168.352,116168.67,0.319
4510,decode,8,8,296,116177.166,116177.469,0.303
4511,decode,4,4,297,116186.42,116186.725,0.304
4512,decode,4,4,298,116194.31,116194.585,0.275
4513,decode,3,4,299,116202.84,116203.126,0.286
4514,decode,3,4,300,116210.998,116211.283,0.285
4515,decode,3,4,301,116219.309,116219.593,0.284
4516,decode,3,4,302,116227.616,116227.958,0.342
4517,decode,3,4,303,116235.867,116236.186,0.32
4518,decode,1,1,300,116244.236,116244.681,0.445
4519,decode,1,1,301,116252.221,116252.635,0.414
4520,decode,1,1,302,116260.515,116260.903,0.388
4521,prefill,59,8192,290,116285.618,116298.769,13.151
4522,decode,56,56,291,116304.293,116304.823,0.53
4523,decode,46,48,292,116630.203,116630.8,0.596
4524,decode,37,40,293,116633.972,116634.441,0.469
4525,decode,32,32,294,116644.022,116644.415,0.394
4526,decode,26,32,295,116654.53,116654.91,0.379
4527,decode,25,32,296,116664.104,116664.495,0.392
4528,decode,23,24,297,116673.689,116674.085,0.396
4529,decode,21,24,298,116683.091,116683.441,0.35
4530,decode,19,24,299,116692.449,116692.798,0.349
4531,decode,19,24,300,116701.384,116701.735,0.351
4532,decode,18,24,301,116710.603,116710.951,0.348
4533,decode,16,16,302,116719.725,116720.107,0.382
4534,decode,10,16,303,116729.29,116729.629,0.339
4535,decode,9,16,304,116737.405,116737.726,0.321
4536,decode,8,8,305,116745.981,116746.319,0.339
4537,decode,8,8,306,116754.566,116754.899,0.333
4538,decode,7,8,307,116763.034,116763.327,0.293
4539,decode,7,8,308,116771.927,116772.395,0.468
4540,decode,7,8,309,116779.977,116780.304,0.327
4541,decode,6,8,308,116788.313,116788.618,0.304
4542,decode,5,8,309,116796.534,116796.829,0.295
4543,decode,5,8,310,116804.71,116805.013,0.303
4544,decode,5,8,311,116812.968,116813.269,0.301
4545,decode,3,4,242,116821.58,116821.877,0.297
4546,decode,3,4,243,116829.558,116829.835,0.278
4547,decode,1,1,206,116837.906,116838.363,0.457
4548,decode,1,1,207,116845.831,116846.266,0.434
4549,decode,1,1,208,116853.984,116854.391,0.407
4550,decode,1,1,209,116862.164,116862.567,0.403
4551,prefill,52,8192,235,116886.686,116900.161,13.475
4552,decode,49,56,236,116901.994,116902.536,0.542
4553,decode,42,48,237,117229.383,117230.039,0.656
4554,decode,37,40,238,117232.815,117233.255,0.44
4555,decode,33,40,239,117243.378,117243.795,0.416
4556,decode,29,32,240,117253.598,117254.017,0.419
4557,decode,27,32,241,117263.122,117263.5,0.378
4558,decode,24,24,242,117272.855,117273.254,0.399
4559,decode,21,24,243,117282.324,117282.707,0.384
4560,decode,18,24,244,117291.723,117292.091,0.368
4561,decode,17,24,245,117300.402,117300.757,0.354
4562,decode,13,16,246,117309.738,117310.118,0.38
4563,decode,10,16,247,117318.597,117318.919,0.322
4564,decode,7,8,248,117327.157,117327.455,0.299
4565,decode,6,8,249,117335.508,117335.808,0.299
4566,decode,6,8,250,117343.662,117343.948,0.286
4567,decode,5,8,251,117352.093,117352.381,0.288
4568,decode,5,8,252,117360.265,117360.552,0.287
4569,decode,4,4,253,117368.658,117368.966,0.309
4570,decode,4,4,254,117376.747,117377.064,0.318
4571,decode,3,4,246,117385.018,117385.29,0.273
4572,decode,2,2,245,117393.418,117393.724,0.306
4573,decode,1,1,197,117401.427,117401.86,0.432
4574,decode,1,1,198,117409.248,117409.627,0.379
4575,decode,1,1,199,117417.398,117417.775,0.377
4576,decode,1,1,200,117425.538,117425.915,0.377
4577,decode,1,1,201,117433.685,117434.083,0.398
4578,decode,1,1,202,117441.851,117442.244,0.393
4579,prefill,58,8192,260,117466.901,117480.861,13.959
4580,decode,54,56,261,117483.187,117483.791,0.603
4581,decode,43,48,262,117808.968,117809.572,0.604
4582,decode,36,40,263,117812.279,117812.704,0.426
4583,decode,26,32,264,117823.109,117823.499,0.391
4584,decode,18,24,265,117832.984,117833.355,0.371
4585,decode,11,16,266,117842.382,117842.713,0.331
4586,decode,8,8,234,117850.962,117851.272,0.31
4587,decode,4,4,235,117859.954,117860.256,0.302
4588,decode,3,4,236,117868.072,117868.342,0.27
4589,prefill,53,8192,268,117891.687,117903.777,12.09
4590,decode,51,56,269,117905.593,117906.098,0.505
4591,decode,46,48,270,118233.647,118234.166,0.519
4592,decode,36,40,271,118238.606,118239.041,0.435
4593,decode,33,40,272,118248.656,118249.096,0.44
4594,decode,30,32,273,118258.891,118259.295,0.405
4595,decode,28,32,274,118268.923,118269.317,0.394
4596,decode,22,24,275,118279.456,118279.924,0.468
4597,decode,16,16,263,118288.739,118289.083,0.344
4598,decode,14,16,264,118297.502,118297.818,0.316
4599,decode,13,16,265,118306.327,118306.646,0.319
4600,decode,12,16,266,118315.297,118315.616,0.318
4601,decode,10,16,266,118324.112,118324.429,0.317
4602,decode,7,8,267,118332.869,118333.181,0.312
4603,decode,6,8,268,118341.308,118341.594,0.286
4604,decode,6,8,269,118349.598,118349.884,0.285
4605,decode,5,8,270,118358.039,118358.327,0.288
4606,decode,5,8,271,118366.299,118366.583,0.284
4607,decode,5,8,272,118374.637,118374.921,0.284
4608,decode,5,8,273,118382.902,118383.198,0.296
4609,decode,4,4,274,118391.325,118391.601,0.276
4610,decode,3,4,275,118399.616,118399.894,0.277
4611,decode,2,2,274,118407.851,118408.13,0.278
4612,decode,2,2,275,118415.844,118416.126,0.282
4613,decode,1,1,274,118423.994,118424.414,0.419
4614,decode,1,1,275,118431.912,118432.295,0.383
4615,decode,1,1,276,118440.07,118440.438,0.369
4616,decode,1,1,277,118448.276,118448.643,0.367
4617,decode,1,1,278,118456.348,118456.713,0.366
4618,prefill,66,8192,301,118481.659,118493.881,12.221
4619,decode,63,64,302,118495.837,118496.395,0.558
4620,decode,55,56,303,118824.657,118825.226,0.569
4621,decode,49,56,294,118831.896,118832.406,0.51
4622,decode,43,48,295,118838.639,118839.106,0.466
4623,decode,40,40,296,118848.906,118849.338,0.431
4624,decode,35,40,297,118859.391,118859.802,0.411
4625,decode,31,32,298,118869.037,118869.424,0.388
4626,decode,30,32,299,118878.468,118878.847,0.379
4627,decode,27,32,300,118888.138,118888.519,0.381
4628,decode,22,24,301,118897.561,118897.923,0.362
4629,decode,18,24,302,118906.688,118907.05,0.362
4630,decode,16,16,303,118915.315,118915.641,0.326
4631,decode,13,16,304,118924.378,118924.694,0.316
4632,decode,10,16,305,118933.159,118933.476,0.316
4633,decode,8,8,306,118941.576,118941.871,0.294
4634,decode,4,4,194,118950.334,118950.62,0.286
4635,decode,4,4,195,118958.257,118958.524,0.267
4636,decode,3,4,196,118966.566,118966.835,0.269
4637,decode,3,4,197,118974.591,118974.862,0.271
4638,decode,2,2,195,118982.812,118983.091,0.279
4639,decode,2,2,196,118990.858,118991.131,0.273
4640,decode,1,1,185,118999.149,118999.554,0.406
4641,prefill,60,8192,235,119021.82,119034.02,12.199
4642,decode,58,64,236,119035.942,119036.471,0.529
4643,decode,52,56,237,119365.947,119366.485,0.539
4644,decode,47,48,238,119370.149,119370.599,0.45
4645,decode,40,40,238,119381.21,119381.627,0.417
4646,decode,35,40,239,119391.637,119392.059,0.422
4647,decode,29,32,240,119401.811,119402.222,0.411
4648,decode,25,32,241,119411.417,119411.791,0.374
4649,decode,23,24,242,119420.685,119421.052,0.367
4650,decode,19,24,243,119430.174,119430.52,0.346
4651,decode,15,16,244,119439.269,119439.594,0.325
4652,decode,11,16,240,119448.331,119448.647,0.316
4653,decode,10,16,241,119456.701,119457.047,0.346
4654,decode,8,8,242,119465.369,119465.662,0.293
4655,decode,7,8,243,119473.862,119474.162,0.3
4656,decode,6,8,244,119482.286,119482.572,0.285
4657,decode,4,4,245,119490.713,119490.992,0.279
4658,decode,4,4,246,119498.842,119499.137,0.295
4659,decode,3,4,247,119507.193,119507.46,0.267
4660,decode,2,2,248,119515.512,119515.778,0.266
4661,decode,1,1,208,119523.551,119523.953,0.403
4662,decode,1,1,209,119531.446,119531.816,0.371
4663,decode,1,1,210,119539.574,119539.942,0.368
4664,decode,1,1,211,119547.871,119548.286,0.415
4665,decode,1,1,212,119555.909,119556.288,0.379
4666,decode,1,1,213,119564.052,119564.422,0.37
4667,prefill,53,8192,279,119586.9,119598.942,12.042
4668,decode,52,56,280,119603.452,119603.955,0.502
4669,decode,44,48,281,119926.527,119926.986,0.459
4670,decode,38,40,282,119932.741,119933.173,0.433
4671,decode,30,32,283,119943.656,119944.055,0.4
4672,decode,27,32,284,119953.425,119953.804,0.379
4673,decode,18,24,279,119963.797,119964.168,0.371
4674,decode,16,16,280,119972.45,119972.775,0.325
4675,decode,14,16,281,119981.54,119981.864,0.323
4676,decode,12,16,282,119990.496,119990.813,0.317
4677,decode,9,16,283,120002.319,120002.637,0.318
4678,decode,7,8,284,120007.95,120008.253,0.303
4679,decode,6,8,285,120016.489,120016.777,0.287
4680,decode,4,4,286,120025.119,120025.398,0.279
4681,decode,4,4,287,120033.119,120033.39,0.271
4682,decode,4,4,288,120041.357,120041.629,0.272
4683,decode,3,4,289,120049.703,120049.976,0.274
4684,decode,3,4,290,120057.843,120058.123,0.28
4685,decode,2,2,221,120066.137,120066.402,0.265
4686,decode,2,2,222,120074.268,120074.524,0.256
4687,decode,1,1,223,120082.331,120082.738,0.406
4688,decode,1,1,224,120090.43,120090.805,0.375
4689,decode,1,1,225,120098.496,120098.862,0.366
4690,prefill,50,8192,289,120120.683,120132.813,12.13
4691,decode,49,56,290,120138.19,120138.715,0.525
4692,decode,43,48,291,120464.634,120465.185,0.55
4693,decode,32,32,286,120468.714,120469.118,0.404
4694,decode,26,32,286,120479.113,120479.496,0.383
4695,decode,22,24,287,120488.949,120489.323,0.373
4696,decode,19,24,288,120498.47,120498.818,0.348
4697,decode,16,16,289,120507.905,120508.249,0.344
4698,decode,13,16,283,120517.36,120517.679,0.318
4699,decode,9,16,283,120526.498,120526.822,0.323
4700,decode,8,8,284,120535.168,120535.462,0.294
4701,decode,5,8,285,120543.948,120544.346,0.398
4702,decode,5,8,286,120552.227,120552.537,0.31
4703,decode,5,8,287,120560.491,120560.78,0.289
4704,decode,5,8,288,120568.856,120569.159,0.303
4705,decode,5,8,289,120577.31,120577.615,0.305
4706,decode,3,4,290,120585.893,120586.265,0.372
4707,decode,3,4,291,120593.966,120594.252,0.285
4708,decode,3,4,292,120602.17,120602.44,0.27
4709,decode,3,4,293,120610.347,120610.617,0.271
4710,decode,2,2,294,120618.688,120618.969,0.281
4711,prefill,62,8192,294,120643.959,120656.943,12.983
4712,decode,60,64,295,120659.071,120659.619,0.548
4713,decode,53,56,296,120986.548,120987.087,0.539
4714,decode,36,40,295,120991.711,120992.21,0.499
4715,decode,28,32,296,121001.395,121001.786,0.391
4716,decode,20,24,294,121011.539,121011.898,0.36
4717,decode,17,24,295,121020.665,121021.029,0.364
4718,decode,15,16,296,121029.675,121030.033,0.359
4719,decode,14,16,297,121038.79,121039.165,0.376
4720,decode,13,16,293,121047.778,121048.115,0.336
4721,decode,13,16,294,121056.367,121056.686,0.318
4722,decode,12,16,295,121065.282,121065.6,0.318
4723,decode,11,16,296,121074.032,121074.418,0.387
4724,decode,11,16,297,121082.496,121082.813,0.316
4725,decode,8,8,297,121091.426,121091.72,0.294
4726,decode,7,8,298,121099.829,121100.143,0.313
4727,decode,7,8,299,121108.071,121108.365,0.294
4728,decode,2,2,300,121116.868,121117.152,0.284
4729,decode,1,1,300,121124.604,121125.044,0.441
4730,decode,1,1,301,121132.495,121132.877,0.382
4731,decode,1,1,302,121140.697,121141.092,0.395
4732,decode,1,1,303,121148.792,121149.179,0.387
4733,decode,1,1,304,121157.087,121157.458,0.371
4734,decode,1,1,305,121165.232,121165.596,0.364
4735,decode,1,1,306,121173.432,121173.805,0.373
4736,decode,1,1,307,121181.612,121181.975,0.363
4737,decode,1,1,308,121189.713,121190.091,0.378
4738,prefill,66,8192,249,121215.824,121228.705,12.881
4739,decode,58,64,250,121230.761,121231.316,0.555
4740,decode,50,56,251,121561.637,121562.483,0.846
4741,decode,47,48,252,121565.123,121565.74,0.616
4742,decode,40,40,253,121575.645,121576.215,0.571
4743,decode,27,32,254,121586.841,121587.362,0.52
4744,decode,22,24,255,121595.656,121596.153,0.497
4745,decode,18,24,253,121605.037,121605.406,0.369
4746,decode,12,16,253,121614.322,121614.767,0.445
4747,decode,9,16,254,121623.091,121623.496,0.405
4748,decode,8,8,255,121631.504,121631.928,0.424
4749,decode,7,8,256,121640.067,121640.427,0.36
4750,decode,7,8,257,121648.485,121648.793,0.308
4751,decode,5,8,258,121656.994,121657.299,0.305
4752,decode,4,4,259,121665.336,121665.73,0.395
4753,decode,2,2,260,121673.691,121674.078,0.386
4754,decode,2,2,261,121681.642,121681.928,0.286
4755,decode,2,2,262,121689.616,121689.884,0.268
4756,decode,1,1,143,121697.763,121698.463,0.699
4757,prefill,47,8192,270,121720.88,121733.148,12.269
4758,decode,44,48,271,121738.13,121738.649,0.52
4759,decode,38,40,272,122061.119,122061.651,0.532
4760,decode,30,32,262,122066.34,122066.754,0.414
4761,decode,25,32,260,122076.282,122076.668,0.386
4762,decode,21,24,261,122086.258,122086.622,0.364
4763,decode,16,16,262,122095.906,122096.255,0.349
4764,decode,13,16,263,122105.047,122105.369,0.322
4765,decode,11,16,261,122113.989,122114.326,0.337
4766,decode,8,8,262,122122.932,122123.251,0.319
4767,decode,6,8,263,122131.624,122131.916,0.292
4768,decode,6,8,264,122139.859,122140.162,0.303
4769,decode,5,8,265,122148.366,122148.662,0.296
4770,decode,4,4,266,122156.739,122157.06,0.321
4771,decode,3,4,259,122164.99,122165.293,0.303
4772,decode,3,4,260,122173.148,122173.425,0.277
4773,decode,2,2,261,122181.467,122181.742,0.275
4774,decode,2,2,262,122189.504,122189.773,0.268
4775,decode,2,2,263,122197.554,122197.822,0.269
4776,decode,2,2,264,122205.629,122205.898,0.269
4777,decode,2,2,265,122213.593,122213.854,0.26
4778,decode,2,2,266,122221.622,122221.891,0.269
4779,decode,2,2,267,122229.664,122229.951,0.287
4780,decode,2,2,268,122237.8,122238.076,0.275
4781,decode,2,2,269,122245.727,122245.991,0.264
4782,decode,2,2,270,122253.756,122254.031,0.275
4783,decode,1,1,271,122261.902,122262.335,0.434
4784,decode,1,1,272,122269.821,122270.234,0.412
4785,decode,1,1,273,122277.963,122278.353,0.39
4786,decode,1,1,274,122286.148,122286.521,0.374
4787,decode,1,1,275,122294.272,122294.652,0.379
4788,decode,1,1,276,122302.408,122302.8,0.392
4789,decode,1,1,277,122310.585,122310.96,0.375
4790,decode,1,1,278,122318.693,122319.082,0.389
4791,prefill,60,8192,273,122343.556,122355.763,12.207
4792,decode,52,56,269,122357.662,122358.195,0.533
4793,decode,40,40,270,122686.573,122687.05,0.477
4794,decode,30,32,271,122690.774,122691.194,0.42
4795,decode,22,24,272,122700.756,122701.139,0.382
4796,decode,19,24,273,122710.107,122710.465,0.358
4797,decode,15,16,273,122719.785,122720.138,0.353
4798,decode,11,16,274,122729.088,122729.406,0.318
4799,decode,9,16,244,122737.942,122738.274,0.332
4800,decode,8,8,245,122746.627,122746.929,0.302
4801,decode,7,8,246,122755.255,122755.547,0.292
4802,decode,7,8,247,122763.637,122763.928,0.291
4803,decode,4,4,215,122772.345,122772.627,0.282
4804,decode,4,4,216,122780.437,122780.712,0.276
4805,decode,2,2,217,122788.801,122789.09,0.289
4806,decode,2,2,218,122796.857,122797.157,0.3
4807,decode,2,2,219,122805.135,122805.474,0.339
4808,decode,2,2,220,122812.969,122813.263,0.294
4809,decode,2,2,221,122821.027,122821.339,0.313
4810,prefill,59,8192,278,122848.102,122861.957,13.855
4811,decode,57,64,279,122868.826,122869.538,0.713
4812,decode,54,56,280,123190.746,123191.388,0.642
4813,decode,47,48,281,123195.602,123196.322,0.72
4814,decode,43,48,282,123205.926,123206.649,0.723
4815,decode,34,40,283,123217.401,123218.101,0.701
4816,decode,28,32,253,123227.261,123227.885,0.624
4817,decode,23,24,254,123236.45,123237.053,0.602
4818,decode,18,24,255,123246.454,123246.985,0.531
4819,decode,16,16,256,123253.421,123253.753,0.332
4820,decode,15,16,257,123262.597,123262.927,0.33
4821,decode,14,16,258,123271.239,123271.559,0.321
4822,decode,11,16,259,123280.21,123280.536,0.326
4823,decode,10,16,260,123288.715,123289.044,0.33
4824,decode,8,8,261,123297.383,123297.675,0.292
4825,decode,7,8,262,123305.85,123306.159,0.309
4826,decode,7,8,263,123314.032,123314.318,0.286
4827,decode,5,8,264,123322.547,123322.834,0.288
4828,decode,4,4,265,123330.824,123331.114,0.29
4829,decode,4,4,266,123338.92,123339.207,0.286
4830,decode,3,4,267,123347.253,123347.52,0.267
4831,decode,3,4,268,123355.331,123355.594,0.263
4832,decode,2,2,269,123363.586,123363.861,0.275
4833,decode,2,2,270,123371.675,123371.94,0.266
4834,decode,2,2,271,123379.676,123379.934,0.258
4835,decode,1,1,272,123387.82,123388.243,0.423
4836,decode,1,1,273,123395.727,123396.107,0.38
4837,decode,1,1,274,123403.911,123404.294,0.383
4838,decode,1,1,275,123412.06,123412.439,0.378
4839,decode,1,1,276,123420.223,123420.587,0.364
4840,decode,1,1,277,123428.465,123428.836,0.371
4841,prefill,57,8192,270,123452.543,123464.675,12.131
4842,decode,55,56,271,123469.316,123469.826,0.51
4843,decode,49,56,272,123797.182,123797.667,0.485
4844,decode,42,48,273,123801.429,123801.878,0.449
4845,decode,39,40,274,123811.683,123812.113,0.431
4846,decode,28,32,275,123823.15,123823.536,0.385
4847,decode,24,24,276,123832.312,123832.67,0.358
4848,decode,18,24,277,123841.76,123842.12,0.36
4849,decode,17,24,278,123850.696,123851.06,0.364
4850,decode,16,16,279,123859.655,123859.981,0.325
4851,decode,15,16,280,123868.952,123869.285,0.333
4852,decode,13,16,281,123878.014,123878.361,0.347
4853,decode,11,16,270,123886.702,123887.04,0.338
4854,decode,9,16,271,123895.37,123895.689,0.319
4855,decode,9,16,272,123904.053,123904.47,0.418
4856,decode,9,16,273,123912.359,123912.683,0.324
4857,decode,8,8,274,123920.873,123921.181,0.309
4858,decode,5,8,270,123929.581,123929.868,0.287
4859,decode,3,4,262,123937.929,123938.221,0.292
4860,decode,2,2,133,123946.101,123946.37,0.269
4861,decode,2,2,134,123953.944,123954.218,0.273
4862,decode,1,1,135,123962.06,123962.475,0.415
4863,decode,1,1,136,123969.952,123970.341,0.389
4864,decode,1,1,137,123978.121,123978.496,0.375
4865,decode,1,1,138,123986.25,123986.623,0.373
4866,decode,1,1,139,123994.399,123994.772,0.374
4867,prefill,56,8192,264,124017.56,124029.676,12.116
4868,decode,54,56,265,124031.49,124031.979,0.489
4869,decode,45,48,266,124362.891,124363.464,0.572
4870,decode,34,40,267,124367.018,124367.446,0.428
4871,decode,25,32,268,124377.343,124377.731,0.388
4872,decode,23,24,269,124386.424,124386.779,0.355
4873,decode,17,24,270,124396.582,124396.93,0.348
4874,decode,14,16,271,124405.608,124405.937,0.329
4875,decode,9,16,272,124414.986,124415.574,0.588
4876,decode,7,8,273,124423.422,124423.716,0.295
4877,decode,4,4,274,124432.232,124432.508,0.276
4878,decode,2,2,116,124440.535,124440.805,0.27
4879,decode,1,1,116,124448.645,124449.07,0.425
4880,decode,1,1,117,124456.705,124457.112,0.407
4881,prefill,63,8192,261,124481.641,124493.868,12.226
4882,decode,61,64,262,124498.749,124499.299,0.55
4883,decode,57,64,263,124824.176,124824.699,0.523
4884,decode,47,48,264,124828.561,124829.034,0.473
4885,decode,39,40,265,124839.37,124839.787,0.416
4886,decode,35,40,266,124849.541,124849.95,0.409
4887,decode,27,32,267,124859.912,124860.316,0.404
4888,decode,20,24,268,124869.676,124870.044,0.368
4889,decode,15,16,269,124878.851,124879.195,0.343
4890,decode,10,16,270,124887.86,124888.191,0.332
4891,decode,6,8,271,124896.593,124896.887,0.293
4892,decode,5,8,261,124904.963,124905.271,0.308
4893,decode,2,2,256,124913.519,124913.785,0.266
4894,decode,2,2,257,124921.47,124921.741,0.271
4895,decode,1,1,204,124929.606,124930.03,0.425
4896,decode,1,1,205,124937.566,124937.936,0.37
4897,decode,1,1,206,124945.735,124946.129,0.393
4898,prefill,59,8192,255,124969.314,124981.37,12.056
4899,decode,56,56,256,124986.029,124986.529,0.5
4900,decode,48,48,257,125311.124,125311.6,0.477
4901,decode,41,48,258,125315.282,125315.723,0.442
4902,decode,35,40,259,125325.965,125326.397,0.431
4903,decode,29,32,260,125336.268,125336.651,0.383
4904,decode,26,32,261,125345.965,125346.358,0.393
4905,decode,24,24,262,125355.365,125355.721,0.355
4906,decode,18,24,263,125365.333,125365.681,0.348
4907,decode,15,16,261,125374.271,125374.599,0.328
4908,decode,13,16,261,125383.318,125383.636,0.318
4909,decode,10,16,261,125392.259,125392.575,0.316
4910,decode,10,16,262,125400.601,125400.919,0.318
4911,decode,6,8,263,125409.655,125409.949,0.294
4912,decode,5,8,264,125417.992,125418.289,0.297
4913,decode,4,4,265,125426.304,125426.578,0.274
4914,decode,4,4,266,125434.544,125434.812,0.268
4915,decode,3,4,267,125442.865,125443.144,0.279
4916,decode,3,4,268,125450.993,125451.272,0.279
4917,decode,3,4,269,125459.216,125459.481,0.265
4918,decode,2,2,270,125467.502,125467.768,0.266
4919,decode,1,1,271,125475.714,125476.126,0.412
4920,decode,1,1,272,125483.662,125484.04,0.378
4921,decode,1,1,273,125491.731,125492.116,0.385
4922,decode,1,1,274,125499.912,125500.288,0.376
4923,decode,1,1,275,125508.077,125508.447,0.37
4924,decode,1,1,276,125516.267,125516.628,0.361
4925,decode,1,1,277,125524.453,125524.81,0.358
4926,prefill,52,8192,289,125546.991,125559.059,12.068
4927,decode,47,48,290,125563.654,125564.138,0.484
4928,decode,34,40,291,125892.99,125893.617,0.627
4929,decode,23,24,292,125896.663,125897.082,0.418
4930,decode,16,16,288,125906.286,125906.648,0.361
4931,decode,9,16,286,125916.195,125916.537,0.343
4932,decode,7,8,287,125924.895,125925.238,0.344
4933,decode,4,4,288,125934.0,125934.303,0.303
4934,decode,3,4,285,125942.404,125942.701,0.297
4935,decode,3,4,286,125950.772,125951.071,0.3
4936,decode,2,2,274,125959.184,125959.468,0.284
4937,decode,2,2,275,125967.34,125967.617,0.277
4938,decode,2,2,276,125975.514,125975.789,0.275
4939,decode,2,2,277,125983.586,125983.86,0.274
4940,decode,2,2,278,125991.849,125992.138,0.289
4941,decode,1,1,268,125999.896,126000.329,0.433
4942,prefill,41,8192,260,126020.761,126033.159,12.397
4943,decode,34,40,261,126037.556,126038.04,0.484
4944,decode,30,32,262,126360.577,126361.086,0.509
4945,decode,20,24,263,126366.399,126366.785,0.386
4946,decode,15,16,264,126376.046,126376.389,0.343
4947,decode,11,16,265,126385.572,126385.905,0.334
4948,decode,8,8,262,126394.675,126394.977,0.302
4949,decode,7,8,263,126403.476,126403.768,0.292
4950,decode,6,8,264,126412.192,126412.488,0.296
4951,decode,2,2,265,126421.038,126421.314,0.276
4952,decode,2,2,266,126429.128,126429.398,0.27
4953,decode,1,1,267,126437.388,126437.804,0.416
4954,decode,1,1,268,126445.403,126445.785,0.381
4955,decode,1,1,269,126453.633,126454.026,0.393
4956,decode,1,1,270,126461.839,126462.228,0.389
4957,prefill,50,8192,277,126484.294,126496.426,12.132
4958,decode,46,48,278,126500.847,126501.341,0.494
4959,decode,41,48,279,126823.855,126824.365,0.51
4960,decode,35,40,280,126828.799,126829.242,0.443
4961,decode,26,32,281,126839.882,126840.29,0.408
4962,decode,23,24,282,126849.268,126849.631,0.363
4963,decode,18,24,282,126859.254,126859.613,0.358
4964,decode,17,24,283,126868.184,126868.54,0.356
4965,decode,15,16,284,126877.602,126877.936,0.334
4966,decode,13,16,283,126886.798,126887.135,0.337
4967,decode,9,16,275,126895.954,126896.296,0.342
4968,decode,7,8,276,126904.665,126904.964,0.299
4969,decode,6,8,277,126912.862,126913.17,0.308
4970,decode,5,8,278,126921.298,126921.588,0.29
4971,decode,3,4,249,126929.729,126930.044,0.315
4972,decode,3,4,250,126937.801,126938.09,0.29
4973,decode,3,4,251,126945.953,126946.242,0.289
4974,decode,3,4,252,126954.166,126954.443,0.277
4975,decode,3,4,253,126962.34,126962.612,0.272
4976,decode,3,4,254,126970.477,126970.746,0.269
4977,decode,2,2,255,126978.75,126979.039,0.288
4978,decode,1,1,155,126986.861,126987.28,0.419
4979,decode,1,1,156,126994.773,126995.168,0.395
4980,decode,1,1,157,127003.038,127003.418,0.38
4981,prefill,60,8192,280,127027.696,127039.941,12.245
4982,decode,58,64,281,127045.148,127045.707,0.559
4983,decode,56,56,282,127372.391,127372.922,0.53
4984,decode,50,56,283,127376.081,127376.643,0.562
4985,decode,44,48,284,127387.35,127387.809,0.459
4986,decode,37,40,285,127398.284,127398.708,0.425
4987,decode,28,32,286,127409.089,127409.485,0.396
4988,decode,22,24,287,127418.718,127419.096,0.377
4989,decode,18,24,288,127428.082,127428.44,0.358
4990,decode,12,16,285,127437.616,127437.963,0.347
4991,decode,9,16,281,127446.394,127446.723,0.329
4992,decode,8,8,282,127454.917,127455.245,0.328
4993,decode,6,8,283,127463.728,127464.058,0.33
4994,decode,5,8,284,127471.933,127472.241,0.307
4995,decode,4,4,207,127480.325,127480.617,0.292
4996,decode,3,4,208,127488.692,127488.98,0.288
4997,decode,1,1,206,127496.971,127497.396,0.425
4998,decode,1,1,207,127504.892,127505.288,0.395
4999,decode,1,1,208,127513.107,127513.491,0.384
5000,prefill,61,8192,286,127541.505,127554.676,13.171
5001,decode,59,64,287,127560.225,127560.79,0.565
5002,decode,52,56,288,127884.433,127884.998,0.566
5003,decode,41,48,288,127888.668,127889.206,0.538
5004,decode,31,32,289,127898.629,127899.06,0.431
5005,decode,26,32,290,127908.35,127908.737,0.387
5006,decode,23,24,291,127917.81,127918.189,0.379
5007,decode,21,24,292,127927.167,127927.522,0.355
5008,decode,18,24,293,127936.824,127937.233,0.41
5009,decode,15,16,294,127945.964,127946.323,0.359
5010,decode,10,16,295,127955.246,127955.574,0.328
5011,decode,7,8,291,127963.675,127963.971,0.296
5012,decode,4,4,255,127972.354,127972.634,0.28
5013,decode,4,4,256,127980.473,127980.745,0.271
5014,decode,3,4,257,127988.833,127989.115,0.282
5015,decode,3,4,258,127997.0,127997.321,0.321
5016,decode,1,1,216,128005.436,128005.862,0.426
5017,decode,1,1,217,128013.396,128013.773,0.378
5018,decode,1,1,218,128021.522,128021.903,0.381
5019,decode,1,1,219,128029.703,128030.108,0.404
5020,decode,1,1,220,128038.105,128038.501,0.396
5021,decode,1,1,221,128046.068,128046.439,0.371
5022,decode,1,1,222,128054.254,128054.624,0.37
5023,prefill,48,8192,273,128257.018,128269.11,12.092
5024,decode,46,48,274,128271.426,128271.915,0.489
5025,decode,40,40,275,128594.165,128594.604,0.44
5026,decode,30,32,276,128599.595,128599.993,0.398
5027,decode,21,24,277,128609.776,128610.155,0.379
5028,decode,11,16,266,128619.83,128620.176,0.346
5029,decode,7,8,267,128628.34,128628.636,0.296
5030,decode,5,8,268,128637.167,128637.464,0.297
5031,decode,3,4,269,128645.695,128645.973,0.278
5032,decode,3,4,270,128653.956,128654.248,0.292
5033,decode,3,4,271,128662.309,128662.579,0.27
5034,decode,3,4,272,128670.595,128670.864,0.269
5035,decode,1,1,271,128679.093,128679.514,0.421
5036,decode,1,1,272,128687.138,128687.509,0.371
5037,decode,1,1,273,128695.345,128695.723,0.378
5038,decode,1,1,274,128703.512,128703.885,0.374
5039,decode,1,1,275,128711.703,128712.086,0.383
5040,decode,1,1,276,128720.022,128720.418,0.396
5041,prefill,42,8192,265,128740.136,128752.098,11.961
5042,decode,41,48,266,128756.641,128757.133,0.491
5043,decode,34,40,267,129078.606,129079.055,0.449
5044,decode,22,24,268,129085.242,129085.601,0.359
5045,decode,16,16,267,129094.868,129095.21,0.342
5046,decode,11,16,268,129104.43,129104.749,0.318
5047,decode,10,16,266,129113.204,129113.525,0.321
5048,decode,7,8,267,129122.462,129122.755,0.293
5049,decode,5,8,262,129131.428,129131.716,0.288
5050,decode,4,4,263,129139.85,129140.145,0.295
5051,prefill,64,8192,254,129164.159,129176.308,12.149
5052,decode,60,64,255,129178.27,129178.788,0.518
5053,decode,52,56,256,129504.837,129505.369,0.533
5054,decode,45,48,257,129508.248,129508.698,0.45
5055,decode,42,48,258,129518.306,129518.745,0.438
5056,decode,37,40,259,129529.092,129529.51,0.418
5057,decode,32,32,260,129539.342,129539.736,0.394
5058,decode,27,32,261,129549.162,129549.542,0.38
5059,decode,22,24,262,129558.752,129559.128,0.376
5060,decode,18,24,263,129568.018,129568.37,0.352
5061,decode,16,16,264,129576.518,129576.85,0.332
5062,decode,13,16,265,129585.677,129585.996,0.319
5063,decode,11,16,263,129594.325,129594.646,0.32
5064,decode,10,16,263,129602.842,129603.174,0.332
5065,decode,9,16,264,129611.547,129611.867,0.32
5066,decode,8,8,265,129620.048,129620.342,0.294
5067,decode,7,8,266,129628.662,129628.954,0.292
5068,decode,7,8,267,129636.857,129637.154,0.297
5069,decode,7,8,268,129645.257,129645.543,0.286
5070,decode,5,8,269,129653.803,129654.108,0.304
5071,decode,3,4,255,129662.118,129662.397,0.279
5072,decode,3,4,256,129670.074,129670.343,0.269
5073,decode,2,2,257,129678.351,129678.619,0.268
5074,prefill,65,8192,246,129702.664,129714.776,12.112
5075,decode,61,64,241,129716.755,129717.298,0.543
5076,decode,52,56,242,130043.686,130044.197,0.512
5077,decode,35,40,243,130049.182,130049.601,0.419
5078,decode,29,32,244,130058.465,130058.851,0.386
5079,decode,18,24,245,130068.929,130069.301,0.371
5080,decode,12,16,246,130078.407,130078.735,0.328
5081,decode,8,8,247,130087.126,130087.42,0.294
5082,decode,3,4,248,130096.218,130096.498,0.279
5083,decode,2,2,249,130104.227,130104.494,0.267
5084,decode,1,1,250,130112.487,130112.891,0.404
5085,decode,1,1,251,130120.634,130121.016,0.382
5086,decode,1,1,252,130128.877,130129.26,0.382
5087,decode,1,1,253,130137.148,130137.522,0.374
5088,decode,1,1,254,130145.387,130145.759,0.372
5089,decode,1,1,255,130153.572,130153.945,0.373
5090,prefill,55,8192,248,130176.65,130188.865,12.215
5091,decode,51,56,249,130195.652,130196.261,0.61
5092,decode,44,48,250,130516.9,130517.414,0.514
5093,decode,34,40,251,130521.727,130522.156,0.429
5094,decode,30,32,252,130531.786,130532.188,0.402
5095,decode,22,24,253,130542.493,130542.853,0.36
5096,decode,18,24,254,130551.756,130552.122,0.366
5097,decode,16,16,255,130560.908,130561.25,0.343
5098,decode,15,16,256,130570.054,130570.374,0.32
5099,decode,12,16,257,130579.35,130579.668,0.318
5100,decode,9,16,258,130588.5,130588.82,0.32
5101,decode,9,16,259,130596.67,130597.035,0.365
5102,decode,7,8,260,130605.553,130605.851,0.298
5103,decode,5,8,236,130614.103,130614.395,0.293
5104,decode,4,4,225,130622.351,130622.628,0.277
5105,decode,3,4,223,130630.696,130630.967,0.271
5106,decode,1,1,224,130639.045,130639.455,0.41
5107,decode,1,1,225,130646.971,130647.351,0.38
5108,decode,1,1,226,130655.165,130655.535,0.371
5109,decode,1,1,227,130663.354,130663.721,0.367
5110,decode,1,1,228,130671.52,130671.888,0.368
5111,decode,1,1,229,130679.67,130680.056,0.386
5112,decode,1,1,230,130687.799,130688.183,0.384
5113,decode,1,1,231,130695.967,130696.348,0.381
5114,decode,1,1,232,130704.139,130704.513,0.374
5115,decode,1,1,233,130712.305,130712.677,0.372
5116,decode,1,1,234,130720.503,130720.871,0.368
5117,decode,1,1,235,130728.633,130729.033,0.401
5118,decode,1,1,236,130736.816,130737.199,0.383
5119,prefill,55,8192,250,130759.686,130771.964,12.278
5120,decode,52,56,251,130777.014,130777.532,0.517
5121,decode,49,56,252,131101.133,131101.635,0.502
5122,decode,40,40,253,131105.762,131106.194,0.432
5123,decode,31,32,254,131116.441,131116.824,0.383
5124,decode,27,32,255,131126.09,131126.478,0.388
5125,decode,23,24,256,131135.899,131136.268,0.368
5126,decode,19,24,257,131145.44,131145.795,0.355
5127,decode,19,24,258,131154.282,131154.635,0.353
5128,decode,14,16,259,131163.963,131164.305,0.341
5129,decode,13,16,226,131172.708,131173.04,0.332
5130,decode,10,16,227,131181.832,131182.181,0.35
5131,decode,8,8,228,131190.34,131190.636,0.296
5132,decode,5,8,229,131199.041,131199.33,0.289
5133,decode,4,4,230,131207.161,131207.444,0.283
5134,decode,3,4,231,131215.477,131215.753,0.276
5135,decode,3,4,232,131223.57,131223.839,0.269
5136,decode,2,2,192,131231.862,131232.148,0.287
5137,decode,1,1,186,131240.104,131240.515,0.411
5138,decode,1,1,187,131248.038,131248.409,0.37
5139,decode,1,1,188,131256.193,131256.561,0.368
5140,decode,1,1,189,131264.46,131264.832,0.372
5141,decode,1,1,190,131272.501,131272.871,0.37
5142,prefill,48,8192,282,131294.285,131306.289,12.004
5143,decode,47,48,283,131310.83,131311.321,0.491
5144,decode,42,48,283,131636.544,131637.023,0.479
5145,decode,38,40,284,131641.662,131642.094,0.432
5146,decode,30,32,285,131653.119,131653.505,0.386
5147,decode,26,32,286,131663.12,131663.501,0.38
5148,decode,25,32,287,131672.876,131673.269,0.393
5149,decode,22,24,288,131682.825,131683.197,0.372
5150,decode,17,24,289,131692.751,131693.116,0.365
5151,decode,16,16,290,131701.546,131701.878,0.332
5152,decode,10,16,281,131711.465,131711.784,0.319
5153,decode,9,16,282,131719.832,131720.165,0.332
5154,decode,5,8,283,131728.861,131729.169,0.308
5155,decode,4,4,284,131737.237,131737.514,0.277
5156,decode,3,4,285,131745.595,131745.867,0.271
5157,decode,3,4,286,131753.759,131754.048,0.289
5158,decode,3,4,287,131761.95,131762.235,0.285
5159,decode,1,1,288,131770.348,131770.747,0.399
5160,prefill,48,8192,266,131791.346,131803.386,12.04
5161,decode,45,48,267,131807.84,131808.326,0.485
5162,decode,36,40,268,132130.03,132130.465,0.435
5163,decode,26,32,269,132136.059,132136.448,0.389
5164,decode,18,24,270,132145.839,132146.213,0.374
5165,decode,12,16,261,132155.379,132155.706,0.327
5166,decode,10,16,256,132164.297,132164.617,0.32
5167,decode,6,8,255,132173.439,132173.737,0.298
5168,decode,3,4,256,132182.216,132182.495,0.279
5169,decode,3,4,257,132190.414,132190.686,0.271
5170,decode,2,2,258,132198.825,132199.104,0.279
5171,decode,2,2,259,132206.998,132207.272,0.274
5172,decode,2,2,260,132215.166,132215.427,0.261
5173,decode,2,2,261,132223.307,132223.57,0.263
5174,decode,2,2,262,132231.404,132231.667,0.263
5175,decode,1,1,260,132239.592,132239.992,0.4
5176,prefill,51,8192,285,132261.341,132273.428,12.088
5177,decode,50,56,286,132275.251,132275.747,0.495
5178,decode,45,48,287,132601.182,132601.647,0.465
5179,decode,37,40,288,132606.697,132607.129,0.432
5180,decode,32,32,289,132617.45,132617.838,0.388
5181,decode,21,24,290,132628.275,132628.637,0.362
5182,decode,16,16,291,132637.432,132637.759,0.327
5183,decode,14,16,292,132646.482,132646.807,0.325
5184,decode,12,16,293,132655.439,132655.759,0.32
5185,decode,12,16,294,132664.205,132664.523,0.319
5186,decode,9,16,295,132673.375,132673.694,0.319
5187,decode,6,8,296,132682.169,132682.464,0.295
5188,decode,5,8,297,132690.612,132690.905,0.293
5189,decode,5,8,298,132698.834,132699.13,0.296
5190,decode,3,4,165,132707.418,132707.694,0.276
5191,decode,3,4,166,132715.514,132715.783,0.269
5192,decode,3,4,167,132723.707,132723.974,0.268
5193,decode,3,4,168,132731.911,132732.193,0.282
5194,decode,3,4,169,132740.133,132740.4,0.267
5195,decode,2,2,170,132748.427,132748.692,0.265
5196,decode,1,1,171,132756.577,132756.977,0.4
5197,decode,1,1,172,132764.47,132764.84,0.37
5198,prefill,67,8192,261,132789.884,132802.075,12.192
5199,decode,65,72,262,132806.852,132807.523,0.67
5200,decode,57,64,263,133133.705,133134.245,0.54
5201,decode,51,56,264,133138.92,133139.415,0.494
5202,decode,41,48,265,133150.674,133151.139,0.465
5203,decode,36,40,266,133160.734,133161.167,0.433
5204,decode,30,32,267,133171.159,133171.551,0.392
5205,decode,23,24,267,133181.06,133181.416,0.356
5206,decode,18,24,268,133190.291,133190.64,0.35
5207,decode,13,16,269,133199.558,133199.883,0.325
5208,decode,6,8,270,133208.728,133209.038,0.309
5209,decode,6,8,271,133216.583,133216.871,0.288
5210,decode,6,8,272,133224.892,133225.192,0.3
5211,decode,3,4,273,133233.504,133233.781,0.277
5212,decode,3,4,274,133241.352,133241.621,0.269
5213,decode,2,2,264,133249.651,133249.921,0.27
5214,decode,1,1,265,133257.885,133258.329,0.444
5215,decode,1,1,266,133265.782,133266.165,0.383
5216,prefill,46,8192,282,133286.785,133298.787,12.003
5217,decode,45,48,283,133303.113,133303.582,0.47
5218,decode,39,40,281,133625.494,133625.928,0.434
5219,decode,31,32,282,133632.258,133632.644,0.386
5220,decode,24,24,279,133642.695,133643.065,0.371
5221,decode,20,24,280,133652.252,133652.6,0.348
5222,decode,17,24,281,133661.785,133662.143,0.358
5223,decode,11,16,282,133671.509,133671.835,0.326
5224,decode,11,16,283,133680.12,133680.439,0.319
5225,decode,8,8,284,133689.3,133689.617,0.316
5226,decode,7,8,285,133697.974,133698.273,0.299
5227,decode,7,8,286,133706.34,133706.626,0.286
5228,decode,7,8,287,133714.852,133715.149,0.297
5229,decode,6,8,261,133723.471,133723.791,0.32
5230,decode,4,4,255,133731.979,133732.269,0.291
5231,decode,3,4,244,133740.238,133740.504,0.266
5232,decode,3,4,245,133748.312,133748.58,0.268
5233,decode,1,1,216,133756.662,133757.075,0.412
5234,prefill,59,8192,252,133779.248,133791.502,12.253
5235,decode,58,64,253,133793.26,133793.78,0.52
5236,decode,51,56,254,134118.677,134119.172,0.494
5237,decode,40,40,253,134124.526,134124.942,0.416
5238,decode,31,32,254,134135.051,134135.435,0.384
5239,decode,21,24,255,134145.303,134145.654,0.351
5240,decode,15,16,242,134154.637,134154.965,0.327
5241,decode,12,16,243,134163.562,134163.881,0.319
5242,decode,10,16,244,134172.338,134172.656,0.318
5243,decode,7,8,245,134181.229,134181.525,0.296
5244,decode,7,8,246,134189.575,134189.862,0.287
5245,decode,6,8,247,134198.143,134198.427,0.284
5246,decode,5,8,248,134206.621,134206.906,0.285
5247,decode,4,4,249,134214.897,134215.184,0.287
5248,decode,3,4,250,134223.248,134223.515,0.267
5249,decode,3,4,251,134231.341,134231.612,0.272
5250,decode,1,1,131,134239.733,134240.143,0.41
5251,decode,1,1,132,134247.645,134248.025,0.38
5252,decode,1,1,133,134255.778,134256.158,0.38
5253,decode,1,1,134,134263.953,134264.333,0.38
5254,decode,1,1,135,134272.127,134272.496,0.369
5255,decode,1,1,136,134280.294,134280.661,0.367
5256,decode,1,1,137,134288.444,134288.811,0.367
5257,decode,1,1,138,134296.618,134296.985,0.367
5258,decode,1,1,139,134304.791,134305.169,0.378
5259,prefill,48,8192,302,134325.747,134337.773,12.026
5260,decode,47,48,303,134342.226,134342.699,0.473
5261,decode,43,48,304,134666.561,134667.03,0.47
5262,decode,37,40,304,134673.024,134673.449,0.425
5263,decode,32,32,305,134683.839,134684.235,0.396
5264,decode,27,32,306,134694.132,134694.506,0.374
5265,decode,25,32,307,134703.761,134704.149,0.388
5266,decode,24,24,308,134713.284,134713.637,0.353
5267,decode,18,24,309,134723.35,134723.7,0.35
5268,decode,16,16,310,134732.207,134732.533,0.326
5269,decode,15,16,311,134741.232,134741.55,0.317
5270,decode,13,16,312,134750.269,134750.588,0.319
5271,decode,13,16,313,134758.894,134759.227,0.334
5272,decode,11,16,264,134767.918,134768.25,0.331
5273,decode,7,8,265,134776.832,134777.137,0.305
5274,decode,6,8,266,134785.113,134785.401,0.288
5275,decode,5,8,231,134793.476,134793.768,0.292
5276,decode,4,4,232,134801.738,134802.025,0.288
5277,decode,4,4,233,134809.912,134810.194,0.282
5278,decode,2,2,234,134818.304,134818.571,0.267
5279,decode,1,1,157,134826.358,134826.758,0.399
5280,decode,1,1,158,134834.328,134834.703,0.375
5281,prefill,64,8192,285,134857.76,134869.874,12.114
5282,decode,62,64,286,134874.503,134875.052,0.549
5283,decode,54,56,287,135199.417,135199.908,0.491
5284,decode,39,40,280,135205.381,135205.8,0.419
5285,decode,31,32,281,135215.526,135215.914,0.388
5286,decode,28,32,282,135225.052,135225.43,0.378
5287,decode,21,24,283,135235.271,135235.632,0.361
5288,decode,18,24,284,135244.349,135244.696,0.347
5289,decode,16,16,242,135253.37,135253.696,0.326
5290,decode,14,16,243,135262.553,135262.872,0.319
5291,decode,13,16,244,135271.338,135271.658,0.32
5292,decode,9,16,245,135280.511,135280.831,0.32
5293,decode,8,8,246,135288.87,135289.174,0.304
5294,decode,8,8,247,135297.358,135297.65,0.292
5295,decode,6,8,226,135306.012,135306.299,0.287
5296,decode,3,4,227,135314.538,135314.818,0.28
5297,decode,2,2,201,135322.583,135322.851,0.268
5298,decode,1,1,202,135330.729,135331.146,0.417
5299,decode,1,1,203,135338.634,135339.043,0.409
5300,decode,1,1,204,135346.871,135347.252,0.382
5301,prefill,53,8192,280,135368.517,135380.514,11.996
5302,decode,52,56,281,135384.912,135385.42,0.508
5303,decode,43,48,282,135707.632,135708.105,0.473
5304,decode,42,48,283,135713.337,135713.776,0.439
5305,decode,35,40,245,135724.742,135725.173,0.431
5306,decode,29,32,246,135735.227,135735.614,0.387
5307,decode,24,24,247,135745.033,135745.393,0.359
5308,decode,20,24,248,135754.498,135754.845,0.347
5309,decode,17,24,249,135763.779,135764.139,0.36
5310,decode,16,16,250,135772.614,135772.937,0.323
5311,decode,13,16,251,135781.917,135782.251,0.333
5312,decode,12,16,252,135790.591,135790.908,0.316
5313,decode,9,16,253,135799.524,135799.842,0.318
5314,decode,7,8,254,135807.984,135808.291,0.307
5315,decode,6,8,255,135816.463,135816.747,0.284
5316,decode,5,8,256,135824.828,135825.13,0.302
5317,decode,5,8,257,135833.048,135833.336,0.287
5318,decode,5,8,258,135841.342,135841.631,0.289
5319,decode,5,8,259,135849.625,135849.911,0.286
5320,decode,4,4,260,135858.135,135858.412,0.277
5321,decode,2,2,255,135866.393,135866.66,0.267
5322,decode,1,1,256,135874.434,135874.833,0.4
5323,decode,1,1,257,135882.35,135882.719,0.368
5324,prefill,56,8192,252,135905.297,135917.317,12.019
5325,decode,54,56,253,135921.799,135922.313,0.513
5326,decode,50,56,254,136246.327,136246.81,0.483
5327,decode,38,40,255,136252.385,136252.801,0.416
5328,decode,31,32,255,136262.851,136263.25,0.399
5329,decode,26,32,256,136272.874,136273.271,0.397
5330,decode,21,24,257,136282.732,136283.103,0.371
5331,decode,19,24,258,136291.864,136292.228,0.364
5332,decode,16,16,259,136301.222,136301.548,0.326
5333,decode,15,16,260,136310.191,136310.509,0.319
5334,decode,13,16,261,136319.205,136319.524,0.319
5335,decode,13,16,262,136327.851,136328.184,0.333
5336,decode,12,16,251,136336.79,136337.119,0.329
5337,decode,11,16,252,136345.588,136345.903,0.315
5338,decode,10,16,219,136354.339,136354.654,0.315
5339,decode,9,16,220,136362.926,136363.257,0.331
5340,decode,7,8,193,136371.659,136371.951,0.292
5341,decode,7,8,194,136379.869,136380.169,0.301
5342,decode,6,8,195,136388.35,136388.634,0.284
5343,decode,4,4,196,136396.776,136397.068,0.292
5344,decode,3,4,193,136404.988,136405.273,0.285
5345,decode,2,2,194,136413.143,136413.409,0.266
5346,decode,2,2,195,136421.154,136421.412,0.257
5347,decode,2,2,196,136429.171,136429.43,0.26
5348,decode,2,2,197,136437.169,136437.427,0.258
5349,decode,2,2,198,136445.199,136445.457,0.258
5350,decode,2,2,199,136453.227,136453.486,0.259
5351,decode,2,2,200,136461.269,136461.524,0.256
5352,decode,2,2,201,136469.298,136469.555,0.257
5353,decode,1,1,162,136477.446,136477.841,0.395
5354,prefill,50,8192,256,136498.722,136510.725,12.003
5355,decode,47,48,257,136512.247,136512.703,0.456
5356,decode,41,48,258,136840.471,136840.927,0.456
5357,decode,29,32,259,136846.985,136847.387,0.402
5358,decode,22,24,260,136857.079,136857.435,0.355
5359,decode,17,24,261,136866.773,136867.14,0.367
5360,decode,13,16,259,136876.236,136876.562,0.326
5361,decode,10,16,260,136885.302,136885.618,0.317
5362,decode,8,8,261,136894.116,136894.407,0.291
5363,decode,7,8,262,136902.838,136903.139,0.301
5364,decode,5,8,230,136911.533,136911.818,0.285
5365,decode,4,4,224,136919.851,136920.141,0.29
5366,decode,4,4,225,136928.114,136928.382,0.268
5367,decode,2,2,226,136936.623,136936.888,0.265
5368,decode,1,1,227,136944.697,136945.113,0.417
5369,decode,1,1,228,136952.662,136953.045,0.383
5370,decode,1,1,229,136960.813,136961.195,0.382
5371,decode,1,1,230,136968.98,136969.363,0.383
5372,decode,1,1,231,136977.148,136977.514,0.366
5373,prefill,62,8192,257,137000.859,137012.954,12.095
5374,decode,58,64,258,137017.515,137018.062,0.547
5375,decode,55,56,259,137342.431,137342.92,0.488
5376,decode,48,48,259,137347.96,137348.418,0.458
5377,decode,41,48,260,137359.055,137359.494,0.439
5378,decode,35,40,261,137369.354,137369.77,0.416
5379,decode,31,32,262,137379.521,137379.907,0.386
5380,decode,30,32,263,137389.114,137389.498,0.383
5381,decode,28,32,264,137398.717,137399.109,0.392
5382,decode,22,24,265,137408.584,137408.939,0.354
5383,decode,14,16,266,137418.139,137418.464,0.326
5384,decode,11,16,267,137426.663,137426.981,0.318
5385,decode,11,16,268,137434.992,137435.322,0.33
5386,decode,7,8,264,137444.211,137444.503,0.293
5387,decode,4,4,265,137452.747,137453.035,0.287
5388,decode,3,4,259,137460.962,137461.256,0.294
5389,decode,1,1,201,137469.25,137469.65,0.4
5390,decode,1,1,202,137477.243,137477.608,0.366
5391,decode,1,1,203,137485.423,137485.792,0.369
5392,decode,1,1,204,137493.596,137493.962,0.367
5393,decode,1,1,205,137501.808,137502.19,0.382
5394,decode,1,1,206,137509.975,137510.358,0.383
5395,prefill,48,8192,269,137531.303,137543.249,11.946
5396,decode,47,48,270,137547.532,137548.017,0.485
5397,decode,37,40,271,137870.45,137870.884,0.433
5398,decode,27,32,272,137877.51,137877.896,0.386
5399,decode,19,24,273,137887.769,137888.14,0.371
5400,decode,11,16,274,137897.831,137898.171,0.34
5401,decode,10,16,275,137906.461,137906.78,0.319
5402,decode,9,16,276,137915.474,137915.793,0.32
5403,decode,8,8,277,137924.426,137924.717,0.291
5404,decode,7,8,278,137933.313,137933.605,0.292
5405,decode,5,8,270,137941.956,137942.257,0.301
5406,decode,2,2,231,137950.56,137950.824,0.264
5407,decode,2,2,232,137958.527,137958.786,0.259
5408,decode,1,1,233,137966.686,137967.095,0.409
5409,decode,1,1,234,137974.634,137975.014,0.38
5410,prefill,69,8192,236,137999.632,138011.789,12.157
5411,decode,66,72,237,138016.49,138017.065,0.575
5412,decode,57,64,238,138341.212,138341.737,0.525
5413,decode,44,48,239,138346.152,138346.646,0.494
5414,decode,36,40,239,138356.477,138356.892,0.415
5415,decode,31,32,240,138366.264,138366.687,0.423
5416,decode,27,32,237,138375.936,138376.327,0.391
5417,decode,24,24,238,138385.301,138385.657,0.356
5418,decode,22,24,239,138394.468,138394.816,0.349
5419,decode,19,24,240,138403.641,138403.987,0.346
5420,decode,16,16,241,138412.753,138413.091,0.338
5421,decode,16,16,242,138421.224,138421.541,0.318
5422,decode,12,16,243,138430.538,138430.868,0.329
5423,decode,11,16,244,138438.765,138439.092,0.326
5424,decode,11,16,245,138447.239,138447.558,0.318
5425,decode,8,8,246,138456.09,138456.382,0.292
5426,decode,7,8,247,138464.454,138464.737,0.283
5427,decode,6,8,248,138472.732,138473.028,0.297
5428,decode,5,8,249,138481.09,138481.372,0.282
5429,decode,3,4,214,138489.469,138489.745,0.275
5430,decode,3,4,215,138497.471,138497.738,0.267
5431,decode,2,2,216,138505.695,138505.96,0.265
5432,decode,2,2,217,138513.711,138513.973,0.262
5433,decode,1,1,218,138521.821,138522.231,0.41
5434,prefill,41,8192,258,138541.225,138553.137,11.913
5435,decode,39,40,259,138557.296,138557.733,0.436
5436,decode,25,32,259,138879.869,138880.275,0.405
5437,decode,14,16,251,138887.15,138887.485,0.335
5438,decode,12,16,249,138896.141,138896.458,0.317
5439,decode,9,16,250,138905.419,138905.735,0.316
5440,decode,6,8,247,138914.683,138914.974,0.291
5441,decode,4,4,248,138923.312,138923.588,0.276
5442,decode,4,4,249,138931.689,138931.958,0.27
5443,decode,3,4,250,138940.25,138940.518,0.268
5444,decode,2,2,251,138948.609,138948.873,0.264
5445,decode,1,1,252,138956.925,138957.334,0.408
5446,decode,1,1,253,138964.917,138965.3,0.383
5447,decode,1,1,254,138973.165,138973.531,0.366
5448,decode,1,1,255,138981.392,138981.76,0.368
5449,decode,1,1,256,138989.557,138989.927,0.37
5450,prefill,50,8192,284,139010.631,139022.767,12.135
5451,decode,48,48,285,139027.098,139027.567,0.469
5452,decode,41,48,286,139351.012,139351.635,0.623
5453,decode,26,32,278,139356.929,139357.339,0.411
5454,decode,20,24,279,139366.719,139367.093,0.374
5455,decode,15,16,280,139376.181,139376.52,0.339
5456,decode,12,16,237,139385.354,139385.674,0.32
5457,decode,8,8,236,139394.466,139394.764,0.298
5458,decode,6,8,237,139403.232,139403.532,0.299
5459,decode,4,4,228,139411.736,139412.042,0.306
5460,decode,2,2,229,139420.339,139420.607,0.268
5461,prefill,62,8192,258,139443.343,139455.879,12.536
5462,decode,60,64,259,139460.428,139460.964,0.536
5463,decode,47,48,260,139782.451,139782.919,0.468
5464,decode,33,40,261,139788.667,139789.107,0.44
5465,decode,27,32,262,139798.351,139798.737,0.386
5466,decode,24,24,263,139807.878,139808.243,0.366
5467,decode,18,24,264,139817.774,139818.135,0.361
5468,decode,16,16,265,139826.709,139827.046,0.337
5469,decode,10,16,266,139836.283,139836.602,0.319
5470,decode,7,8,267,139844.849,139845.154,0.304
5471,decode,7,8,268,139853.221,139853.507,0.286
5472,decode,2,2,232,139862.191,139862.458,0.266
5473,decode,2,2,233,139870.112,139870.37,0.259
5474,decode,1,1,234,139878.282,139878.695,0.413
5475,prefill,68,8192,261,139902.69,139914.823,12.133
5476,decode,65,72,262,139916.77,139917.336,0.567
5477,decode,55,56,263,140243.291,140243.783,0.492
5478,decode,46,48,264,140248.612,140249.076,0.464
5479,decode,36,40,265,140259.565,140259.98,0.416
5480,decode,31,32,266,140269.467,140269.858,0.39
5481,decode,29,32,267,140278.863,140279.255,0.392
5482,decode,23,24,268,140288.949,140289.319,0.37
5483,decode,19,24,269,140298.14,140298.489,0.349
5484,decode,19,24,270,140306.864,140307.227,0.362
5485,decode,15,16,271,140316.365,140316.689,0.324
5486,decode,15,16,272,140324.923,140325.252,0.33
5487,decode,13,16,273,140333.935,140334.278,0.343
5488,decode,10,16,274,140342.818,140343.164,0.346
5489,decode,8,8,275,140351.354,140351.656,0.302
5490,decode,8,8,276,140359.753,140360.053,0.3
5491,decode,7,8,277,140368.27,140368.555,0.285
5492,decode,6,8,274,140376.69,140376.975,0.285
5493,decode,6,8,275,140384.879,140385.177,0.298
5494,decode,5,8,276,140393.327,140393.614,0.288
5495,decode,3,4,277,140401.72,140401.997,0.277
5496,decode,2,2,278,140409.847,140410.126,0.28
5497,decode,2,2,279,140417.91,140418.184,0.274
5498,decode,2,2,280,140425.938,140426.208,0.27
5499,decode,2,2,281,140433.962,140434.233,0.271
5500,decode,2,2,282,140442.091,140442.351,0.259
5501,decode,2,2,283,140450.058,140450.317,0.259
5502,decode,1,1,284,140458.181,140458.581,0.4
5503,decode,1,1,285,140466.114,140466.483,0.369
5504,decode,1,1,286,140474.247,140474.615,0.368
5505,decode,1,1,287,140482.397,140482.767,0.37
5506,decode,1,1,288,140490.527,140490.898,0.371
5507,prefill,54,8192,267,140513.18,140525.192,12.011
5508,decode,50,56,268,140529.626,140530.16,0.534
5509,decode,47,48,269,140854.133,140854.591,0.458
5510,decode,43,48,270,140859.919,140860.371,0.452
5511,decode,35,40,271,140871.156,140871.572,0.416
5512,decode,30,32,272,140881.45,140881.84,0.39
5513,decode,24,24,253,140891.567,140891.921,0.354
5514,decode,22,24,246,140900.767,140901.132,0.365
5515,decode,19,24,247,140910.255,140910.602,0.347
5516,decode,16,16,248,140919.41,140919.739,0.33
5517,decode,13,16,249,140928.505,140928.826,0.321
5518,decode,9,16,250,140937.499,140937.816,0.317
5519,decode,7,8,250,140945.896,140946.206,0.31
5520,decode,5,8,230,140954.558,140954.844,0.286
5521,decode,4,4,231,140962.653,140962.929,0.276
5522,decode,4,4,232,140970.853,140971.134,0.281
5523,decode,2,2,233,140979.262,140979.529,0.266
5524,decode,2,2,234,140987.266,140987.529,0.262
5525,decode,1,1,228,140995.409,140995.806,0.397
5526,decode,1,1,229,141003.315,141003.679,0.364
5527,decode,1,1,230,141011.504,141011.871,0.367
5528,prefill,54,8192,257,141033.677,141045.663,11.987
5529,decode,52,56,258,141050.073,141050.579,0.505
5530,decode,49,56,259,141375.327,141375.806,0.479
5531,decode,45,48,260,141380.873,141381.335,0.461
5532,decode,41,48,261,141391.767,141392.224,0.457
5533,decode,35,40,262,141402.568,141402.983,0.415
5534,decode,29,32,263,141412.791,141413.196,0.404
5535,decode,21,24,264,141422.93,141423.302,0.372
5536,decode,15,16,265,141432.056,141432.387,0.331
5537,decode,14,16,266,141440.719,141441.049,0.33
5538,decode,12,16,267,141449.699,141450.03,0.33
5539,decode,11,16,268,141458.489,141458.806,0.317
5540,decode,10,16,269,141467.421,141467.739,0.318
5541,decode,6,8,270,141476.315,141476.608,0.292
5542,decode,5,8,271,141484.585,141484.871,0.286
5543,decode,5,8,272,141492.814,141493.126,0.313
5544,decode,5,8,273,141501.161,141501.445,0.284
5545,decode,4,4,274,141509.565,141509.839,0.275
5546,decode,4,4,275,141517.771,141518.053,0.282
5547,decode,3,4,255,141526.093,141526.362,0.269
5548,decode,3,4,256,141534.216,141534.484,0.268
5549,decode,2,2,213,141542.501,141542.767,0.266
5550,decode,2,2,214,141550.524,141550.783,0.259
5551,decode,2,2,215,141558.571,141558.83,0.258
5552,decode,2,2,216,141566.56,141566.819,0.26
5553,prefill,59,8192,247,141589.166,141601.184,12.018
5554,decode,57,64,248,141605.773,141606.318,0.546
5555,decode,40,40,246,141929.259,141929.685,0.426
5556,decode,30,32,247,141935.532,141935.916,0.383
5557,decode,21,24,248,141945.761,141946.13,0.369
5558,decode,14,16,248,141955.511,141955.835,0.324
5559,decode,7,8,249,141964.817,141965.128,0.312
5560,decode,4,4,250,141973.535,141973.812,0.277
5561,decode,4,4,251,141981.7,141981.969,0.269
5562,decode,2,2,252,141990.321,141990.585,0.264
5563,decode,1,1,158,141998.581,141998.979,0.398
5564,decode,1,1,159,142006.65,142007.034,0.384
5565,decode,1,1,160,142014.883,142015.268,0.386
5566,prefill,51,8192,277,142036.525,142048.463,11.938
5567,decode,49,56,278,142052.831,142053.338,0.507
5568,decode,42,48,278,142377.214,142377.671,0.458
5569,decode,40,40,279,142382.911,142383.341,0.431
5570,decode,37,40,280,142393.979,142394.404,0.424
5571,decode,32,32,276,142404.644,142405.042,0.398
5572,decode,23,24,277,142415.319,142415.676,0.356
5573,decode,17,24,278,142424.851,142425.212,0.36
5574,decode,12,16,279,142434.093,142434.429,0.336
5575,decode,8,8,280,142443.145,142443.438,0.293
5576,decode,6,8,281,142451.823,142452.122,0.299
5577,decode,4,4,282,142460.275,142460.551,0.276
5578,prefill,59,8192,280,142483.273,142495.272,11.999
5579,decode,57,64,281,142499.772,142500.309,0.536
5580,decode,53,56,282,142824.043,142824.535,0.492
5581,decode,48,48,283,142828.899,142829.359,0.46
5582,decode,36,40,284,142840.548,142840.973,0.425
5583,decode,28,32,285,142850.384,142850.77,0.386
5584,decode,24,24,286,142859.809,142860.199,0.391
5585,decode,19,24,287,142869.289,142869.636,0.347
5586,decode,18,24,288,142878.12,142878.467,0.346
5587,decode,16,16,289,142887.255,142887.587,0.331
5588,decode,14,16,290,142896.382,142896.7,0.318
5589,decode,11,16,291,142905.29,142905.607,0.317
5590,decode,5,8,292,142914.334,142914.626,0.293
5591,decode,4,4,293,142922.374,142922.65,0.275
5592,decode,4,4,294,142930.566,142930.836,0.27
5593,decode,1,1,248,142939.108,142939.508,0.4
5594,prefill,64,8192,256,142962.563,142974.795,12.232
5595,decode,59,64,250,142979.458,142979.976,0.519
5596,decode,52,56,251,143302.474,143302.961,0.487
5597,decode,45,48,252,143307.593,143308.049,0.456
5598,decode,42,48,253,143318.061,143318.5,0.439
5599,decode,37,40,250,143328.64,143329.068,0.427
5600,decode,29,32,251,143339.407,143339.796,0.389
5601,decode,24,24,252,143348.59,143348.942,0.352
5602,decode,20,24,253,143357.978,143358.338,0.359
5603,decode,18,24,254,143366.934,143367.294,0.36
5604,decode,12,16,241,143376.383,143376.708,0.326
5605,decode,9,16,242,143385.098,143385.415,0.317
5606,decode,6,8,243,143393.673,143393.97,0.297
5607,decode,3,4,243,143402.102,143402.38,0.278
5608,decode,1,1,244,143410.311,143410.71,0.399
5609,decode,1,1,245,143418.251,143418.619,0.368
5610,prefill,53,8192,248,143440.138,143452.099,11.961
5611,decode,52,56,249,143453.718,143454.265,0.548
5612,decode,49,56,250,143780.486,143780.961,0.475
5613,decode,41,48,251,143786.507,143786.952,0.445
5614,decode,38,40,252,143796.883,143797.312,0.429
5615,decode,30,32,249,143808.1,143808.483,0.383
5616,decode,25,32,250,143817.832,143818.227,0.395
5617,decode,21,24,251,143827.494,143827.847,0.352
5618,decode,17,24,252,143836.868,143837.227,0.359
5619,decode,15,16,253,143845.932,143846.27,0.338
5620,decode,14,16,254,143855.034,143855.356,0.322
5621,decode,12,16,255,143863.934,143864.264,0.33
5622,decode,9,16,256,143872.905,143873.236,0.331
5623,decode,7,8,257,143881.491,143881.782,0.291
5624,decode,7,8,258,143889.835,143890.137,0.302
5625,decode,6,8,259,143898.386,143898.672,0.286
5626,decode,6,8,260,143906.63,143906.923,0.293
5627,decode,4,4,261,143915.149,143915.433,0.284
5628,decode,3,4,262,143923.401,143923.668,0.267
5629,decode,3,4,263,143931.499,143931.768,0.27
5630,decode,2,2,243,143939.757,143940.033,0.275
5631,decode,2,2,244,143947.834,143948.103,0.269
5632,decode,1,1,245,143955.963,143956.376,0.413
5633,decode,1,1,246,143963.854,143964.226,0.372
5634,prefill,69,8192,271,143988.673,144000.717,12.043
5635,decode,63,64,272,144002.491,144003.017,0.526
5636,decode,57,64,273,144330.198,144330.709,0.51
5637,decode,41,48,274,144335.31,144335.756,0.446
5638,decode,35,40,275,144345.159,144345.577,0.418
5639,decode,26,32,276,144355.739,144356.137,0.398
5640,decode,18,24,277,144365.612,144365.968,0.356
5641,decode,15,16,278,144374.259,144374.584,0.325
5642,decode,11,16,260,144383.518,144383.837,0.319
5643,decode,10,16,261,144392.036,144392.354,0.319
5644,decode,8,8,262,144400.825,144401.134,0.309
5645,decode,5,8,263,144409.666,144409.952,0.285
5646,decode,4,4,264,144417.774,144418.062,0.287
5647,decode,2,2,255,144426.173,144426.439,0.266
5648,decode,1,1,256,144434.311,144434.708,0.397
5649,decode,1,1,257,144442.248,144442.616,0.368
5650,decode,1,1,258,144450.449,144450.819,0.369
5651,prefill,48,8192,267,144471.577,144483.51,11.933
5652,decode,45,48,268,144487.782,144488.274,0.492
5653,decode,44,48,269,144810.969,144811.438,0.47
5654,decode,37,40,270,144817.656,144818.091,0.435
5655,decode,30,32,271,144828.713,144829.112,0.398
5656,decode,21,24,272,144839.385,144839.74,0.354
5657,decode,13,16,266,144849.063,144849.387,0.325
5658,decode,11,16,267,144857.891,144858.22,0.328
5659,decode,7,8,268,144866.875,144867.179,0.304
5660,decode,3,4,183,144875.937,144876.226,0.289
5661,decode,3,4,184,144883.81,144884.093,0.283
5662,decode,2,2,185,144892.171,144892.436,0.265
5663,decode,2,2,186,144900.386,144900.648,0.262
5664,decode,1,1,173,144908.585,144908.98,0.396
5665,prefill,61,8192,248,144931.439,144943.466,12.027
5666,decode,54,56,249,144947.852,144948.36,0.508
5667,decode,46,48,250,145271.777,145272.433,0.656
5668,decode,40,40,251,145275.842,145276.386,0.544
5669,decode,33,40,252,145286.569,145287.02,0.45
5670,decode,30,32,253,145296.332,145296.842,0.51
5671,decode,27,32,254,145306.264,145306.675,0.411
5672,decode,22,24,255,145316.282,145316.753,0.471
5673,decode,18,24,256,145325.61,145325.979,0.368
5674,decode,15,16,229,145334.653,145335.107,0.454
5675,decode,10,16,202,145343.991,145344.344,0.353
5676,decode,8,8,203,145352.406,145352.813,0.407
5677,decode,6,8,204,145361.036,145361.345,0.309
5678,decode,5,8,205,145369.31,145369.608,0.298
5679,decode,3,4,205,145377.787,145378.182,0.395
5680,decode,3,4,206,145385.946,145386.235,0.289
5681,decode,3,4,207,145394.023,145394.3,0.277
5682,decode,2,2,208,145402.318,145402.691,0.372
5683,decode,2,2,209,145410.518,145410.843,0.325
5684,decode,1,1,210,145418.608,145419.277,0.669
5685,decode,1,1,211,145426.507,145426.888,0.381
5686,prefill,56,8192,256,145449.916,145462.157,12.241
5687,decode,55,56,257,145466.769,145467.412,0.643
5688,decode,44,48,258,145790.55,145791.111,0.561
5689,decode,40,40,259,145795.797,145796.263,0.466
5690,decode,37,40,260,145806.423,145806.838,0.415
5691,decode,37,40,261,145816.559,145816.97,0.412
5692,decode,27,32,262,145827.876,145828.284,0.407
5693,decode,24,24,263,145837.161,145837.528,0.367
5694,decode,21,24,262,145846.651,145847.02,0.369
5695,decode,17,24,259,145856.061,145856.418,0.357
5696,decode,14,16,255,145865.085,145865.418,0.333
5697,decode,12,16,256,145874.086,145874.412,0.326
5698,decode,9,16,257,145882.97,145883.312,0.342
5699,decode,7,8,238,145891.455,145891.811,0.356
5700,decode,5,8,212,145900.145,145900.446,0.301
5701,decode,5,8,213,145908.2,145908.495,0.295
5702,decode,2,2,209,145916.753,145917.046,0.294
5703,decode,1,1,210,145924.84,145925.267,0.427
5704,decode,1,1,211,145932.734,145933.129,0.395
5705,decode,1,1,212,145940.876,145941.268,0.391
5706,decode,1,1,213,145949.073,145949.453,0.38
5707,decode,1,1,214,145957.242,145957.618,0.376
5708,decode,1,1,215,145965.403,145965.78,0.378
5709,decode,1,1,216,145973.559,145973.937,0.378
5710,decode,1,1,217,145981.705,145982.098,0.394
5711,decode,1,1,218,145989.863,145990.254,0.391
5712,prefill,62,8192,264,146013.817,146026.062,12.245
5713,decode,57,64,265,146030.831,146031.483,0.652
5714,decode,43,48,266,146356.638,146357.219,0.581
5715,decode,38,40,267,146361.656,146362.117,0.461
5716,decode,32,32,268,146372.297,146372.692,0.395
5717,decode,25,32,269,146382.606,146382.992,0.386
5718,decode,23,24,270,146391.723,146392.1,0.377
5719,decode,20,24,271,146401.204,146401.562,0.358
5720,decode,19,24,272,146410.46,146410.819,0.359
5721,decode,18,24,273,146419.587,146419.939,0.351
5722,decode,16,16,274,146428.743,146429.084,0.341
5723,decode,13,16,275,146438.118,146438.446,0.328
5724,decode,12,16,276,146446.716,146447.055,0.339
5725,decode,12,16,277,146455.433,146455.755,0.322
5726,decode,10,16,278,146464.432,146464.757,0.325
5727,decode,7,8,258,146473.21,146473.509,0.299
5728,decode,6,8,259,146481.647,146481.935,0.289
5729,decode,6,8,260,146489.911,146490.215,0.304
5730,decode,3,4,261,146498.562,146498.841,0.279
5731,decode,2,2,262,146506.632,146506.913,0.281
5732,decode,1,1,263,146514.721,146515.151,0.43
5733,decode,1,1,264,146522.614,146522.994,0.381
5734,prefill,58,8192,261,146545.49,146557.493,12.003
5735,decode,57,64,262,146562.18,146562.72,0.539
5736,decode,53,56,263,146889.338,146889.845,0.508
5737,decode,51,56,264,146894.696,146895.185,0.489
5738,decode,44,48,263,146906.173,146906.63,0.457
5739,decode,40,40,264,146916.509,146916.929,0.421
5740,decode,33,40,265,146927.399,146927.81,0.411
5741,decode,29,32,257,146936.854,146937.257,0.403
5742,decode,25,32,258,146946.434,146946.817,0.383
5743,decode,23,24,256,146955.541,146955.899,0.358
5744,decode,19,24,257,146964.86,146965.224,0.363
5745,decode,17,24,258,146973.651,146973.999,0.349
5746,decode,16,16,259,146983.359,146983.987,0.628
5747,decode,14,16,260,146991.362,146991.699,0.337
5748,decode,13,16,261,146999.779,147000.12,0.341
5749,decode,8,8,262,147008.829,147009.141,0.312
5750,decode,7,8,263,147017.072,147017.359,0.286
5751,decode,7,8,264,147025.27,147025.556,0.286
5752,decode,6,8,265,147033.695,147033.991,0.296
5753,decode,5,8,266,147042.044,147042.329,0.285
5754,decode,5,8,267,147050.207,147050.492,0.285
5755,decode,4,4,268,147058.572,147058.853,0.281
5756,decode,2,2,267,147066.918,147067.203,0.285
5757,decode,2,2,268,147074.845,147075.116,0.271
5758,decode,1,1,269,147082.965,147083.4,0.435
5759,decode,1,1,270,147090.854,147091.238,0.384
5760,decode,1,1,271,147099.172,147099.552,0.38
5761,prefill,65,8192,248,147127.079,147139.328,12.249
5762,decode,64,64,249,147144.058,147144.601,0.543
5763,decode,59,64,250,147467.854,147468.392,0.538
5764,decode,52,56,251,147472.642,147473.154,0.512
5765,decode,44,48,243,147483.758,147484.222,0.465
5766,decode,35,40,244,147494.532,147494.952,0.42
5767,decode,30,32,245,147504.281,147504.668,0.387
5768,decode,24,24,246,147514.12,147514.478,0.358
5769,decode,23,24,247,147523.037,147523.383,0.346
5770,decode,22,24,248,147532.341,147532.684,0.343
5771,decode,16,16,243,147542.116,147542.441,0.325
5772,decode,11,16,241,147551.25,147551.571,0.32
5773,decode,9,16,242,147559.574,147559.891,0.317
5774,decode,7,8,243,147568.097,147568.39,0.294
5775,decode,5,8,244,147576.703,147577.014,0.311
5776,decode,3,4,245,147584.927,147585.221,0.294
5777,decode,2,2,246,147593.028,147593.3,0.272
5778,decode,2,2,247,147601.11,147601.369,0.258
5779,decode,1,1,248,147609.249,147609.666,0.417
5780,prefill,49,8192,264,147631.66,147643.694,12.034
5781,decode,47,48,265,147648.134,147648.603,0.469
5782,decode,40,40,266,147974.966,147975.522,0.556
5783,decode,34,40,267,147980.209,147980.775,0.566
5784,decode,25,32,268,147992.487,147993.099,0.612
5785,decode,19,24,269,148001.922,148002.427,0.504
5786,decode,16,16,268,148011.134,148011.624,0.49
5787,decode,15,16,269,148020.0,148020.46,0.46
5788,decode,13,16,270,148028.688,148029.043,0.356
5789,decode,10,16,271,148037.834,148038.184,0.35
5790,decode,7,8,272,148046.63,148046.942,0.311
5791,decode,5,8,273,148055.337,148055.633,0.297
5792,decode,5,8,274,148063.536,148063.834,0.298
5793,decode,4,4,275,148072.237,148072.532,0.295
5794,decode,3,4,276,148080.417,148080.698,0.281
5795,decode,2,2,270,148088.643,148088.93,0.287
5796,decode,1,1,271,148096.79,148097.241,0.451
5797,decode,1,1,272,148104.721,148105.129,0.407
5798,decode,1,1,273,148112.873,148113.271,0.398
5799,decode,1,1,274,148121.056,148121.435,0.379
5800,prefill,61,8192,255,148147.303,148159.469,12.167
5801,decode,58,64,256,148161.233,148161.763,0.53
5802,decode,52,56,257,148487.462,148487.964,0.502
5803,decode,46,48,258,148492.591,148493.052,0.461
5804,decode,41,48,259,148503.47,148504.161,0.691
5805,decode,35,40,260,148514.308,148514.769,0.461
5806,decode,31,32,261,148524.13,148524.559,0.429
5807,decode,25,32,262,148534.244,148534.67,0.426
5808,decode,19,24,263,148544.985,148545.547,0.562
5809,decode,16,16,264,148553.444,148553.825,0.382
5810,decode,11,16,265,148562.207,148562.551,0.344
5811,decode,8,8,266,148570.749,148571.087,0.338
5812,decode,8,8,267,148579.191,148579.49,0.3
5813,decode,7,8,268,148587.723,148588.023,0.3
5814,decode,5,8,269,148596.363,148596.657,0.293
5815,decode,3,4,270,148604.699,148604.982,0.283
5816,decode,1,1,271,148612.96,148613.404,0.443
5817,decode,1,1,272,148620.941,148621.329,0.388
5818,prefill,54,8192,265,148643.749,148655.794,12.045
5819,decode,52,56,266,148660.419,148660.928,0.509
5820,decode,49,56,267,148982.9,148983.411,0.511
5821,decode,45,48,268,148990.152,148990.873,0.72
5822,decode,37,40,269,149001.077,149001.579,0.501
5823,decode,32,32,270,149011.537,149011.985,0.447
5824,decode,27,32,271,149021.393,149021.823,0.43
5825,decode,25,32,272,149030.924,149031.355,0.432
5826,decode,22,24,273,149040.548,149040.934,0.386
5827,decode,18,24,274,149050.279,149050.654,0.375
5828,decode,15,16,275,149059.429,149059.782,0.353
5829,decode,13,16,276,149068.467,149068.808,0.341
5830,decode,11,16,277,149077.364,149077.73,0.365
5831,decode,8,8,278,149086.362,149086.692,0.33
5832,decode,8,8,279,149094.717,149095.062,0.344
5833,decode,6,8,277,149103.446,149103.792,0.346
5834,decode,4,4,278,149111.81,149112.157,0.346
5835,decode,4,4,279,149119.905,149120.262,0.357
5836,decode,3,4,280,149128.238,149128.59,0.352
5837,decode,2,2,281,149136.46,149136.825,0.365
5838,prefill,59,8192,268,149162.046,149174.206,12.16
5839,decode,53,56,269,149178.928,149179.457,0.529
5840,decode,46,48,270,149502.048,149502.526,0.478
5841,decode,42,48,267,149507.836,149508.557,0.72
5842,decode,34,40,268,149519.726,149520.453,0.727
5843,decode,27,32,269,149530.278,149530.948,0.671
5844,decode,20,24,270,149539.047,149539.477,0.43
5845,decode,16,16,243,149547.502,149547.884,0.382
5846,decode,12,16,244,149556.772,149557.142,0.371
5847,decode,8,8,245,149565.612,149565.935,0.323
5848,decode,5,8,246,149574.418,149574.738,0.319
5849,decode,3,4,243,149582.594,149582.923,0.329
5850,decode,2,2,244,149590.849,149591.222,0.373
5851,decode,1,1,244,149599.043,149599.558,0.515
5852,decode,1,1,245,149607.68,149608.234,0.554
5853,decode,1,1,246,149615.221,149615.591,0.371
5854,prefill,57,8192,285,149639.7,149651.912,12.212
5855,decode,52,56,286,149653.547,149654.058,0.51
5856,decode,42,48,287,149978.651,149979.124,0.472
5857,decode,34,40,288,149984.551,149984.97,0.419
5858,decode,27,32,289,149995.193,149995.583,0.389
5859,decode,23,24,290,150004.755,150005.13,0.375
5860,decode,17,24,291,150014.739,150015.102,0.363
5861,decode,14,16,292,150023.559,150023.888,0.328
5862,decode,11,16,293,150032.753,150033.086,0.334
5863,decode,7,8,294,150041.665,150041.959,0.295
5864,decode,6,8,295,150050.151,150050.438,0.287
5865,decode,5,8,296,150058.645,150058.937,0.292
5866,decode,4,4,297,150067.082,150067.361,0.279
5867,decode,3,4,298,150075.454,150075.724,0.269
5868,decode,1,1,139,150083.78,150084.202,0.422
5869,decode,1,1,140,150091.766,150092.15,0.384
5870,decode,1,1,141,150099.95,150100.332,0.382
5871,decode,1,1,142,150108.16,150108.527,0.367
5872,decode,1,1,143,150116.324,150116.696,0.372
5873,decode,1,1,144,150124.479,150124.856,0.376
5874,prefill,65,8192,279,150148.89,150161.051,12.161
5875,decode,59,64,280,150162.816,150163.345,0.529
5876,decode,50,56,281,150490.689,150491.185,0.496
5877,decode,33,40,269,150496.975,150497.412,0.437
5878,decode,24,24,270,150507.108,150507.465,0.357
5879,decode,21,24,271,150516.578,150516.924,0.346
5880,decode,19,24,272,150526.39,150526.737,0.347
5881,decode,16,16,273,150535.704,150536.045,0.341
5882,decode,14,16,274,150545.03,150545.348,0.318
5883,decode,10,16,275,150554.242,150554.557,0.316
5884,decode,7,8,254,150562.925,150563.235,0.31
5885,decode,7,8,255,150571.376,150571.662,0.285
5886,decode,7,8,256,150579.8,150580.097,0.297
5887,decode,5,8,257,150588.477,150588.767,0.29
5888,decode,4,4,258,150596.75,150597.055,0.305
5889,decode,4,4,259,150604.939,150605.222,0.283
5890,decode,3,4,260,150613.302,150613.576,0.275
5891,decode,3,4,261,150621.382,150621.65,0.267
5892,decode,1,1,134,150629.745,150630.193,0.448
5893,decode,1,1,135,150637.673,150638.055,0.382
5894,prefill,56,8192,250,150660.922,150672.949,12.028
5895,decode,49,56,247,150677.483,150677.984,0.5
5896,decode,39,40,247,151003.652,151004.274,0.622
5897,decode,29,32,248,151007.326,151007.771,0.445
5898,decode,24,24,249,151016.409,151016.798,0.389
5899,decode,21,24,250,151025.929,151026.354,0.425
5900,decode,11,16,247,151036.318,151036.668,0.35
5901,decode,8,8,236,151044.536,151044.857,0.321
5902,decode,4,4,232,151053.342,151053.646,0.305
5903,decode,2,2,233,151061.577,151061.866,0.29
5904,decode,2,2,234,151069.667,151069.948,0.281
5905,decode,2,2,235,151077.873,151078.162,0.289
5906,decode,2,2,236,151086.017,151086.29,0.273
5907,decode,2,2,237,151094.138,151094.409,0.271
5908,decode,1,1,180,151102.329,151102.751,0.422
5909,decode,1,1,181,151110.293,151110.679,0.386
5910,decode,1,1,182,151118.462,151118.844,0.382
5911,prefill,61,8192,254,151143.435,151155.988,12.553
5912,decode,59,64,255,151160.541,151161.097,0.556
5913,decode,44,48,256,151481.73,151482.239,0.508
5914,decode,33,40,257,151487.814,151488.265,0.451
5915,decode,27,32,258,151497.628,151498.05,0.423
5916,decode,21,24,228,151507.557,151507.914,0.357
5917,decode,16,16,221,151517.02,151517.362,0.342
5918,decode,13,16,222,151526.056,151526.381,0.325
5919,decode,11,16,223,151534.921,151535.257,0.336
5920,decode,7,8,224,151543.987,151544.318,0.331
5921,decode,6,8,224,151552.267,151552.56,0.293
5922,decode,6,8,225,151560.637,151560.924,0.288
5923,decode,6,8,226,151569.0,151569.302,0.302
5924,decode,5,8,227,151577.555,151577.841,0.286
5925,decode,4,4,228,151585.887,151586.183,0.296
5926,decode,4,4,229,151594.112,151594.386,0.274
5927,decode,3,4,221,151602.455,151602.733,0.278
5928,decode,2,2,222,151610.62,151610.898,0.279
5929,decode,2,2,223,151618.654,151618.923,0.27
5930,decode,1,1,224,151626.748,151627.17,0.422
5931,decode,1,1,225,151634.643,151635.035,0.392
5932,prefill,52,8192,278,151656.821,151668.862,12.041
5933,decode,51,56,279,151670.519,151671.031,0.512
5934,decode,47,48,280,151997.961,151998.429,0.468
5935,decode,44,48,281,152004.144,152004.581,0.437
5936,decode,32,32,273,152015.947,152016.353,0.406
5937,decode,27,32,273,152026.109,152026.49,0.381
5938,decode,22,24,263,152035.929,152036.302,0.372
5939,decode,18,24,264,152045.555,152045.912,0.357
5940,decode,16,16,265,152054.638,152054.969,0.331
5941,decode,12,16,266,152063.988,152064.328,0.34
5942,decode,10,16,267,152072.724,152073.059,0.335
5943,decode,8,8,268,152081.313,152081.612,0.299
5944,decode,7,8,269,152090.036,152090.328,0.292
5945,decode,5,8,270,152098.609,152098.901,0.293
5946,decode,4,4,271,152106.837,152107.129,0.292
5947,decode,3,4,272,152115.192,152115.472,0.279
5948,decode,3,4,273,152123.285,152123.559,0.274
5949,decode,3,4,274,152131.493,152131.765,0.272
5950,decode,2,2,275,152139.747,152140.034,0.288
5951,decode,2,2,276,152147.801,152148.078,0.277
5952,decode,2,2,277,152155.849,152156.119,0.271
5953,decode,1,1,213,152163.997,152164.423,0.426
5954,decode,1,1,214,152171.913,152172.301,0.388
5955,decode,1,1,215,152180.065,152180.451,0.385
5956,decode,1,1,216,152188.228,152188.604,0.376
5957,decode,1,1,217,152196.39,152196.76,0.37
5958,prefill,55,8192,272,152219.571,152231.596,12.025
5959,decode,52,56,273,152236.039,152236.544,0.505
5960,decode,46,48,274,152561.54,152562.017,0.476
5961,decode,40,40,275,152566.984,152567.419,0.436
5962,decode,28,32,276,152578.379,152578.772,0.393
5963,decode,19,24,277,152588.226,152588.582,0.356
5964,decode,16,16,271,152597.472,152597.799,0.327
5965,decode,12,16,272,152606.88,152607.213,0.333
5966,decode,9,16,273,152615.763,152616.096,0.333
5967,decode,7,8,274,152624.428,152624.722,0.293
5968,decode,4,4,275,152633.232,152633.509,0.277
5969,decode,4,4,276,152641.346,152641.619,0.273
5970,decode,3,4,267,152649.845,152650.132,0.287
5971,decode,2,2,268,152658.076,152658.342,0.266
5972,decode,1,1,262,152666.337,152666.741,0.404
5973,decode,1,1,263,152674.313,152674.687,0.374
5974,prefill,61,8192,266,152697.488,152709.565,12.076
5975,decode,55,56,267,152711.225,152711.713,0.488
5976,decode,45,48,268,153036.293,153036.748,0.454
5977,decode,38,40,269,153041.447,153041.861,0.414
5978,decode,29,32,270,153052.344,153052.728,0.384
5979,decode,23,24,271,153062.166,153062.518,0.353
5980,decode,16,16,272,153072.053,153072.382,0.329
5981,decode,9,16,273,153081.21,153081.529,0.318
5982,decode,7,8,274,153089.522,153089.817,0.296
5983,decode,7,8,275,153098.082,153098.367,0.285
5984,decode,4,4,274,153106.928,153107.215,0.287
5985,decode,3,4,222,153115.206,153115.474,0.268
5986,decode,3,4,223,153123.355,153123.623,0.267
5987,decode,2,2,223,153131.68,153131.945,0.265
5988,decode,2,2,224,153139.817,153140.091,0.274
5989,decode,2,2,225,153147.856,153148.134,0.278
5990,prefill,69,8192,259,153173.607,153185.702,12.095
5991,decode,68,72,260,153190.542,153191.219,0.677
5992,decode,62,64,261,153514.472,153514.999,0.528
5993,decode,52,56,262,153519.905,153520.405,0.5
5994,decode,45,48,263,153530.855,153531.312,0.457
5995,decode,32,32,264,153542.138,153542.524,0.385
5996,decode,28,32,265,153551.55,153551.929,0.379
5997,decode,25,32,261,153561.185,153561.565,0.379
5998,decode,22,24,262,153570.629,153570.982,0.353
5999,decode,19,24,263,153580.06,153580.408,0.348
6000,decode,16,16,263,153589.316,153589.642,0.326
6001,decode,13,16,264,153598.238,153598.556,0.319
6002,decode,12,16,265,153606.844,153607.196,0.352
6003,decode,10,16,266,153615.742,153616.074,0.331
6004,decode,8,8,266,153624.402,153624.695,0.293
6005,decode,6,8,267,153633.087,153633.379,0.292
6006,decode,3,4,256,153641.542,153641.817,0.275
6007,decode,3,4,257,153649.541,153649.81,0.269
6008,decode,3,4,258,153657.692,153657.961,0.269
6009,decode,2,2,259,153665.991,153666.272,0.281
6010,decode,2,2,260,153674.062,153674.321,0.258
6011,decode,1,1,261,153682.202,153682.609,0.407
6012,decode,1,1,262,153690.09,153690.467,0.377
6013,decode,1,1,263,153698.256,153698.627,0.371
6014,prefill,58,8192,257,153722.031,153734.121,12.089
6015,decode,57,64,258,153738.658,153739.198,0.54
6016,decode,49,56,259,154062.47,154062.956,0.487
6017,decode,40,40,260,154067.932,154068.358,0.426
6018,decode,31,32,261,154078.682,154079.083,0.4
6019,decode,25,32,262,154088.389,154088.766,0.377
6020,decode,18,24,263,154098.36,154098.719,0.359
6021,decode,16,16,264,154106.97,154107.314,0.345
6022,decode,12,16,265,154116.606,154116.925,0.318
6023,decode,10,16,264,154125.295,154125.612,0.317
6024,decode,5,8,262,154134.332,154134.624,0.292
6025,decode,5,8,263,154142.464,154142.749,0.285
6026,decode,5,8,264,154150.849,154151.154,0.306
6027,decode,5,8,265,154159.235,154159.519,0.284
6028,decode,4,4,240,154167.728,154168.016,0.288
6029,decode,3,4,241,154176.076,154176.35,0.274
6030,decode,3,4,242,154184.167,154184.434,0.267
6031,decode,3,4,243,154192.369,154192.636,0.267
6032,decode,3,4,244,154200.536,154200.805,0.268
6033,decode,3,4,245,154208.712,154208.979,0.266
6034,decode,2,2,246,154216.982,154217.263,0.281
6035,decode,1,1,247,154225.148,154225.545,0.397
6036,decode,1,1,248,154233.077,154233.451,0.375
6037,decode,1,1,249,154241.228,154241.6,0.372
6038,decode,1,1,250,154249.38,154249.751,0.371
6039,decode,1,1,251,154257.568,154257.936,0.367
6040,decode,1,1,252,154265.824,154266.212,0.388
6041,prefill,47,8192,246,154286.741,154298.649,11.908
6042,decode,45,48,247,154300.155,154300.615,0.46
6043,decode,43,48,248,154626.285,154626.731,0.446
6044,decode,40,40,249,154632.069,154632.484,0.415
6045,decode,38,40,250,154642.832,154643.252,0.42
6046,decode,31,32,251,154653.705,154654.1,0.395
6047,decode,27,32,252,154663.545,154663.921,0.375
6048,decode,22,24,253,154673.346,154673.696,0.35
6049,decode,20,24,253,154682.584,154682.93,0.346
6050,decode,18,24,254,154691.952,154692.311,0.359
6051,decode,15,16,249,154701.255,154701.58,0.326
6052,decode,11,16,248,154710.536,154710.853,0.317
6053,decode,10,16,249,154719.081,154719.404,0.323
6054,decode,6,8,250,154728.052,154728.345,0.293
6055,decode,1,1,251,154736.792,154737.208,0.416
6056,decode,1,1,252,154744.455,154744.824,0.369
6057,decode,1,1,253,154752.543,154752.919,0.375
6058,prefill,56,8192,269,154775.719,154787.71,11.991
6059,decode,51,56,270,154792.108,154792.616,0.508
6060,decode,38,40,271,155114.895,155115.337,0.442
6061,decode,24,24,272,155120.819,155121.194,0.375
6062,decode,17,24,273,155130.431,155130.778,0.348
6063,decode,8,8,274,155139.966,155140.277,0.311
6064,decode,7,8,275,155148.449,155148.736,0.287
6065,decode,3,4,276,155157.438,155157.719,0.28
6066,decode,3,4,277,155165.66,155165.929,0.27
6067,decode,3,4,278,155174.029,155174.3,0.271
6068,decode,2,2,279,155182.486,155182.753,0.267
6069,decode,2,2,280,155190.663,155190.922,0.259
6070,decode,2,2,281,155198.764,155199.038,0.274
6071,decode,2,2,282,155206.86,155207.137,0.276
6072,decode,2,2,283,155214.912,155215.188,0.276
6073,decode,2,2,284,155222.966,155223.237,0.271
6074,decode,2,2,285,155231.036,155231.295,0.259
6075,decode,1,1,184,155239.21,155239.609,0.399
6076,decode,1,1,185,155247.091,155247.463,0.372
6077,decode,1,1,186,155255.237,155255.612,0.375
6078,decode,1,1,187,155263.402,155263.774,0.372
6079,decode,1,1,188,155271.567,155271.933,0.366
6080,decode,1,1,189,155279.813,155280.197,0.383
6081,decode,1,1,190,155287.898,155288.28,0.382
6082,decode,1,1,191,155296.058,155296.427,0.369
6083,decode,1,1,192,155304.211,155304.582,0.371
6084,decode,1,1,193,155312.349,155312.717,0.368
6085,decode,1,1,194,155320.483,155320.849,0.366
6086,decode,1,1,195,155328.6,155328.965,0.366
6087,decode,1,1,196,155336.744,155337.131,0.387
6088,prefill,59,8192,265,155359.905,155371.964,12.059
6089,decode,58,64,266,155373.758,155374.291,0.533
6090,decode,51,56,263,155700.97,155701.47,0.5
6091,decode,43,48,264,155706.768,155707.231,0.463
6092,decode,34,40,265,155717.638,155718.071,0.434
6093,decode,27,32,266,155727.812,155728.206,0.394
6094,decode,23,24,267,155737.427,155737.782,0.355
6095,decode,23,24,268,155746.538,155746.884,0.346
6096,decode,21,24,269,155756.131,155756.482,0.35
6097,decode,17,24,270,155765.707,155766.082,0.375
6098,decode,15,16,271,155774.604,155774.931,0.327
6099,decode,10,16,272,155783.986,155784.323,0.337
6100,decode,8,8,273,155792.545,155792.839,0.294
6101,decode,8,8,274,155800.819,155801.118,0.299
6102,decode,6,8,275,155809.504,155809.79,0.285
6103,decode,5,8,276,155817.818,155818.118,0.3
6104,decode,5,8,277,155826.076,155826.363,0.287
6105,decode,4,4,278,155834.518,155834.791,0.274
6106,decode,4,4,279,155842.734,155843.012,0.278
6107,decode,2,2,199,155851.184,155851.451,0.266
6108,decode,2,2,200,155859.157,155859.421,0.264
6109,decode,2,2,201,155867.153,155867.411,0.258
6110,decode,2,2,202,155875.17,155875.427,0.257
6111,decode,2,2,203,155883.187,155883.445,0.258
6112,decode,1,1,196,155891.35,155891.75,0.4
6113,decode,1,1,197,155899.26,155899.637,0.376
6114,decode,1,1,198,155907.422,155907.795,0.373
6115,decode,1,1,199,155915.572,155915.946,0.374
6116,decode,1,1,200,155923.737,155924.118,0.381
6117,decode,1,1,201,155931.887,155932.266,0.379
6118,decode,1,1,202,155940.083,155940.451,0.368
6119,decode,1,1,203,155948.208,155948.581,0.373
6120,decode,1,1,204,155956.422,155956.79,0.368
6121,prefill,52,8192,259,155978.658,155990.761,12.103
6122,decode,51,56,260,155992.402,155992.893,0.491
6123,decode,37,40,250,156320.246,156320.676,0.43
6124,decode,30,32,251,156326.118,156326.506,0.388
6125,decode,21,24,252,156336.609,156336.965,0.356
6126,decode,18,24,245,156346.085,156346.438,0.353
6127,decode,15,16,246,156355.472,156355.796,0.324
6128,decode,12,16,247,156364.754,156365.083,0.329
6129,decode,11,16,248,156373.495,156373.811,0.316
6130,decode,8,8,229,156382.421,156382.714,0.293
6131,decode,6,8,230,156390.987,156391.289,0.302
6132,decode,6,8,231,156399.241,156399.526,0.285
6133,decode,5,8,232,156407.708,156407.991,0.284
6134,decode,4,4,233,156416.03,156416.307,0.277
6135,decode,3,4,234,156424.36,156424.632,0.271
6136,decode,3,4,235,156432.461,156432.729,0.268
6137,decode,3,4,236,156440.638,156440.904,0.266
6138,decode,2,2,186,156448.928,156449.207,0.279
6139,decode,2,2,187,156456.987,156457.259,0.272
6140,decode,1,1,188,156465.314,156465.718,0.404
6141,decode,1,1,189,156473.099,156473.483,0.384
6142,decode,1,1,190,156481.214,156481.589,0.375
6143,decode,1,1,191,156489.37,156489.735,0.365
6144,prefill,66,8192,261,156514.071,156526.156,12.085
6145,decode,64,64,262,156527.937,156528.468,0.532
6146,decode,60,64,263,156856.983,156857.538,0.555
6147,decode,48,48,264,156861.775,156862.24,0.465
6148,decode,35,40,265,156873.195,156873.623,0.428
6149,decode,25,32,266,156883.079,156883.471,0.392
6150,decode,22,24,267,156891.994,156892.365,0.37
6151,decode,18,24,268,156901.509,156901.856,0.348
6152,decode,14,16,264,156910.664,156910.99,0.326
6153,decode,12,16,265,156919.618,156919.936,0.319
6154,decode,9,16,266,156928.583,156928.902,0.319
6155,decode,6,8,258,156937.246,156937.539,0.294
6156,decode,6,8,259,156945.477,156945.761,0.285
6157,decode,6,8,260,156953.859,156954.157,0.298
6158,decode,3,4,261,156962.556,156962.829,0.273
6159,decode,2,2,258,156970.701,156970.973,0.272
6160,decode,2,2,259,156978.892,156979.17,0.278
6161,decode,2,2,260,156986.807,156987.085,0.278
6162,decode,2,2,261,156994.828,156995.099,0.27
6163,decode,1,1,262,157002.978,157003.398,0.42
6164,decode,1,1,263,157010.903,157011.287,0.383
6165,decode,1,1,264,157019.138,157019.516,0.378
6166,decode,1,1,265,157027.293,157027.67,0.377
6167,decode,1,1,266,157035.438,157035.815,0.377
6168,decode,1,1,267,157043.584,157043.961,0.377
6169,decode,1,1,268,157051.761,157052.161,0.401
6170,prefill,47,8192,258,157073.048,157085.117,12.07
6171,decode,42,48,259,157089.651,157090.152,0.501
6172,decode,33,40,258,157413.162,157413.594,0.432
6173,decode,29,32,259,157419.272,157419.659,0.387
6174,decode,23,24,260,157429.869,157430.251,0.382
6175,decode,19,24,235,157439.653,157439.998,0.346
6176,decode,17,24,236,157448.929,157449.29,0.362
6177,decode,14,16,237,157458.381,157458.704,0.324
6178,decode,10,16,238,157467.769,157468.098,0.329
6179,decode,9,16,239,157476.285,157476.598,0.313
6180,decode,6,8,224,157485.322,157485.619,0.298
6181,decode,4,4,225,157493.753,157494.1,0.347
6182,decode,3,4,226,157501.935,157502.215,0.281
6183,decode,3,4,227,157510.11,157510.377,0.267
6184,decode,1,1,226,157518.542,157518.949,0.407
6185,decode,1,1,227,157526.454,157526.822,0.368
6186,decode,1,1,228,157534.587,157534.954,0.367
6187,prefill,57,8192,262,157556.922,157568.963,12.041
6188,decode,52,56,263,157570.583,157571.104,0.521
6189,decode,43,48,261,157898.56,157899.049,0.489
6190,decode,32,32,262,157904.673,157905.078,0.404
6191,decode,26,32,263,157915.076,157915.456,0.379
6192,decode,21,24,264,157924.806,157925.179,0.373
6193,decode,17,24,261,157934.387,157934.735,0.347
6194,decode,14,16,262,157943.563,157943.887,0.325
6195,decode,8,8,237,157953.071,157953.363,0.292
6196,decode,4,4,238,157961.824,157962.113,0.289
6197,decode,4,4,239,157969.901,157970.184,0.284
6198,decode,4,4,240,157978.23,157978.499,0.268
6199,decode,4,4,241,157986.547,157986.816,0.269
6200,decode,4,4,242,157995.04,157995.314,0.273
6201,decode,3,4,243,158003.233,158003.503,0.27
6202,decode,1,1,194,158011.506,158011.902,0.396
6203,decode,1,1,195,158019.468,158019.853,0.385
6204,decode,1,1,196,158027.571,158027.939,0.369
6205,decode,1,1,197,158035.756,158036.141,0.385
6206,decode,1,1,198,158043.921,158044.299,0.379
6207,decode,1,1,199,158052.052,158052.421,0.369
6208,decode,1,1,200,158060.206,158060.577,0.371
6209,decode,1,1,201,158068.373,158068.74,0.367
6210,decode,1,1,202,158076.532,158076.9,0.369
6211,decode,1,1,203,158084.712,158085.094,0.382
6212,prefill,50,8192,243,158106.327,158118.416,12.089
6213,decode,48,48,244,158122.8,158123.287,0.487
6214,decode,36,40,245,158445.682,158446.127,0.445
6215,decode,26,32,246,158451.867,158452.265,0.398
6216,decode,25,32,247,158461.011,158461.39,0.378
6217,decode,22,24,248,158470.855,158471.222,0.367
6218,decode,19,24,249,158480.433,158480.781,0.348
6219,decode,15,16,250,158489.877,158490.218,0.341
6220,decode,13,16,251,158498.989,158499.335,0.345
6221,decode,11,16,252,158507.707,158508.037,0.33
6222,decode,9,16,253,158516.479,158516.799,0.32
6223,decode,8,8,225,158524.916,158525.225,0.308
6224,decode,8,8,226,158533.426,158533.709,0.284
6225,decode,7,8,220,158541.964,158542.26,0.296
6226,decode,7,8,221,158550.23,158550.515,0.285
6227,decode,6,8,222,158558.699,158558.983,0.284
6228,decode,6,8,223,158566.925,158567.224,0.299
6229,decode,4,4,224,158575.412,158575.693,0.281
6230,decode,3,4,199,158583.656,158583.927,0.271
6231,decode,3,4,200,158591.656,158591.936,0.28
6232,decode,2,2,201,158599.886,158600.169,0.283
6233,prefill,55,8192,297,158622.165,158634.201,12.036
6234,decode,53,56,298,158638.719,158639.233,0.514
6235,decode,47,48,299,158963.698,158964.174,0.477
6236,decode,36,40,300,158969.958,158970.394,0.436
6237,decode,30,32,301,158980.123,158980.513,0.39
6238,decode,26,32,302,158990.184,158990.566,0.381
6239,decode,22,24,303,158999.798,159000.166,0.368
6240,decode,18,24,304,159009.568,159009.917,0.349
6241,decode,14,16,305,159018.651,159018.98,0.329
6242,decode,11,16,305,159027.918,159028.343,0.425
6243,decode,9,16,295,159036.613,159036.933,0.32
6244,decode,6,8,247,159045.388,159045.761,0.372
6245,decode,4,4,248,159054.543,159054.843,0.3
6246,decode,3,4,249,159061.93,159062.239,0.309
6247,decode,2,2,250,159070.139,159070.427,0.288
6248,decode,2,2,251,159078.195,159078.487,0.292
6249,decode,2,2,252,159086.233,159086.532,0.299
6250,prefill,54,8192,292,159109.144,159121.355,12.211
6251,decode,50,56,293,159127.665,159128.315,0.649
6252,decode,40,40,293,159449.204,159449.724,0.52
6253,decode,31,32,294,159456.043,159456.68,0.637
6254,decode,26,32,295,159465.759,159466.455,0.696
6255,decode,22,24,296,159476.95,159477.699,0.749
6256,decode,17,24,297,159484.051,159484.453,0.402
6257,decode,15,16,292,159492.925,159493.296,0.371
6258,decode,11,16,293,159502.275,159502.628,0.353
6259,decode,9,16,244,159511.06,159511.418,0.358
6260,decode,8,8,235,159519.755,159520.09,0.334
6261,decode,6,8,236,159528.421,159528.726,0.305
6262,decode,6,8,237,159536.616,159536.925,0.309
6263,decode,4,4,238,159545.134,159545.425,0.291
6264,decode,3,4,239,159553.388,159553.675,0.287
6265,decode,1,1,240,159561.662,159562.1,0.438
6266,decode,1,1,241,159569.578,159569.991,0.413
6267,decode,1,1,242,159577.692,159578.092,0.4
6268,prefill,56,8192,260,159602.276,159614.359,12.083
6269,decode,54,56,261,159618.794,159619.32,0.526
6270,decode,42,48,260,159942.584,159943.1,0.515
6271,decode,31,32,261,159948.343,159948.862,0.518
6272,decode,27,32,262,159958.408,159958.814,0.406
6273,decode,21,24,263,159968.864,159969.339,0.475
6274,decode,15,16,257,159979.025,159979.418,0.393
6275,decode,12,16,258,159987.588,159988.08,0.491
6276,decode,8,8,259,159997.494,159997.918,0.424
6277,decode,6,8,254,160005.263,160005.597,0.334
6278,decode,4,4,255,160013.651,160013.952,0.302
6279,decode,3,4,256,160029.479,160029.777,0.297
6280,decode,3,4,257,160030.813,160031.183,0.37
6281,decode,2,2,258,160038.609,160038.888,0.279
6282,decode,1,1,259,160046.884,160047.319,0.435
6283,decode,1,1,260,160054.805,160055.211,0.406
6284,decode,1,1,261,160062.977,160063.462,0.484
6285,decode,1,1,262,160071.174,160071.548,0.375
6286,prefill,59,8192,256,160095.662,160107.904,12.242
6287,decode,57,64,257,160112.532,160113.075,0.543
6288,decode,48,48,258,160434.836,160435.319,0.483
6289,decode,37,40,259,160440.641,160441.081,0.44
6290,decode,30,32,260,160450.955,160451.407,0.452
6291,decode,23,24,261,160461.326,160461.776,0.45
6292,decode,17,24,249,160471.409,160471.866,0.457
6293,decode,12,16,250,160479.941,160480.418,0.477
6294,decode,11,16,251,160488.278,160488.651,0.373
6295,decode,10,16,252,160497.717,160498.309,0.592
6296,decode,9,16,253,160505.815,160506.21,0.395
6297,decode,7,8,254,160514.451,160514.764,0.313
6298,decode,5,8,255,160523.08,160523.395,0.316
6299,decode,2,2,252,160531.497,160531.784,0.287
6300,decode,1,1,246,160539.684,160540.134,0.45
6301,decode,1,1,247,160547.433,160547.821,0.388
6302,prefill,56,8192,260,160571.013,160583.212,12.199
6303,decode,47,48,261,160584.724,160585.211,0.487
6304,decode,40,40,262,160911.126,160911.559,0.433
6305,decode,28,32,263,160918.868,160919.518,0.651
6306,decode,19,24,264,160929.129,160929.756,0.627
6307,decode,17,24,265,160937.392,160938.02,0.628
6308,decode,13,16,266,160946.677,160947.095,0.418
6309,decode,11,16,267,160955.166,160955.529,0.363
6310,decode,10,16,268,160964.09,160964.512,0.422
6311,decode,7,8,234,160973.118,160973.455,0.337
6312,decode,4,4,235,160981.893,160982.221,0.327
6313,decode,4,4,236,160989.979,160990.356,0.377
6314,decode,4,4,237,160998.261,160998.654,0.393
6315,decode,2,2,215,161006.825,161007.196,0.371
6316,decode,2,2,216,161014.778,161015.143,0.365
6317,decode,2,2,217,161022.822,161023.241,0.419
6318,decode,2,2,218,161030.893,161031.318,0.425
6319,decode,2,2,219,161038.917,161039.322,0.405
6320,decode,2,2,220,161047.158,161047.535,0.377
6321,decode,2,2,221,161055.018,161055.386,0.368
6322,decode,1,1,222,161063.244,161063.769,0.525
6323,decode,1,1,223,161071.102,161071.57,0.468
6324,decode,1,1,224,161079.227,161079.696,0.469
6325,decode,1,1,225,161087.385,161087.851,0.466
6326,decode,1,1,226,161095.529,161096.024,0.495
6327,decode,1,1,227,161103.692,161104.181,0.489
6328,decode,1,1,228,161111.872,161112.365,0.493
6329,prefill,54,8192,279,161135.392,161147.453,12.062
6330,decode,51,56,280,161149.192,161149.685,0.493
6331,decode,48,48,281,161478.099,161478.557,0.458
6332,decode,41,48,282,161486.079,161486.785,0.706
6333,decode,36,40,283,161496.391,161496.832,0.442
6334,decode,29,32,264,161505.708,161506.118,0.409
6335,decode,26,32,265,161515.447,161515.836,0.389
6336,decode,22,24,266,161525.247,161525.612,0.366
6337,decode,13,16,267,161535.244,161535.576,0.332
6338,decode,9,16,268,161543.811,161544.15,0.34
6339,decode,5,8,269,161552.478,161552.773,0.295
6340,decode,4,4,270,161560.885,161561.181,0.296
6341,decode,3,4,271,161569.148,161569.419,0.272
6342,decode,3,4,272,161577.321,161577.591,0.27
6343,decode,3,4,273,161585.549,161585.818,0.269
6344,decode,2,2,274,161593.928,161594.226,0.298
6345,decode,2,2,275,161602.02,161602.287,0.267
6346,decode,1,1,270,161610.193,161610.596,0.403
6347,decode,1,1,271,161618.134,161618.504,0.369
6348,decode,1,1,272,161626.297,161626.666,0.368
6349,prefill,61,8192,276,161649.808,161661.88,12.072
6350,decode,57,64,277,161666.386,161666.926,0.54
6351,decode,47,48,278,161990.255,161990.735,0.48
6352,decode,35,40,279,161995.885,161996.339,0.454
6353,decode,21,24,277,162006.474,162006.843,0.369
6354,decode,11,16,278,162016.115,162016.447,0.332
6355,decode,9,16,279,162024.537,162024.866,0.33
6356,decode,7,8,280,162033.353,162033.654,0.301
6357,decode,6,8,281,162042.228,162042.522,0.294
6358,decode,5,8,282,162050.782,162051.091,0.31
6359,decode,4,4,283,162059.261,162059.545,0.284
6360,decode,4,4,284,162067.667,162067.939,0.272
6361,decode,4,4,285,162075.851,162076.133,0.283
6362,decode,2,2,286,162084.341,162084.61,0.269
6363,decode,2,2,287,162092.394,162092.654,0.261
6364,decode,2,2,288,162100.478,162100.738,0.26
6365,decode,1,1,147,162108.603,162109.017,0.414
6366,decode,1,1,148,162116.544,162116.914,0.37
6367,decode,1,1,149,162124.702,162125.084,0.381
6368,decode,1,1,150,162132.875,162133.258,0.383
6369,decode,1,1,151,162141.051,162141.419,0.368
6370,decode,1,1,152,162149.245,162149.623,0.378
6371,prefill,49,8192,274,162174.602,162186.731,12.129
6372,decode,46,48,275,162188.387,162188.875,0.488
6373,decode,41,48,276,162513.629,162514.097,0.468
6374,decode,34,40,277,162519.924,162520.36,0.436
6375,decode,24,24,278,162530.809,162531.189,0.38
6376,decode,18,24,279,162540.626,162540.975,0.35
6377,decode,13,16,280,162549.966,162550.315,0.349
6378,decode,11,16,281,162559.075,162559.393,0.318
6379,decode,11,16,282,162567.733,162568.071,0.338
6380,decode,10,16,283,162576.863,162577.194,0.331
6381,decode,10,16,284,162585.512,162585.829,0.317
6382,decode,7,8,285,162594.627,162594.924,0.297
6383,decode,7,8,286,162603.039,162603.324,0.285
6384,decode,5,8,283,162611.723,162612.017,0.295
6385,decode,5,8,284,162619.853,162620.151,0.298
6386,decode,2,2,279,162628.458,162628.727,0.269
6387,decode,1,1,280,162636.53,162636.952,0.422
6388,prefill,40,8192,266,162656.068,162668.018,11.95
6389,decode,39,40,267,162672.085,162672.525,0.441
6390,decode,34,40,268,162993.433,162993.865,0.431
6391,decode,28,32,269,163000.291,163000.679,0.388
6392,decode,26,32,270,163010.455,163010.835,0.38
6393,decode,16,16,271,163021.198,163021.522,0.324
6394,decode,16,16,272,163029.814,163030.161,0.347
6395,decode,12,16,273,163039.354,163039.67,0.316
6396,decode,10,16,274,163048.283,163048.598,0.315
6397,decode,8,8,275,163057.096,163057.387,0.291
6398,decode,4,4,269,163066.138,163066.415,0.277
6399,decode,3,4,270,163074.311,163074.578,0.267
6400,prefill,59,8192,278,163097.764,163109.792,12.028
6401,decode,58,64,279,163111.577,163112.106,0.529
6402,decode,53,56,280,163438.034,163438.527,0.492
6403,decode,41,48,281,163443.834,163444.293,0.458
6404,decode,35,40,282,163453.981,163454.406,0.425
6405,decode,31,32,283,163464.105,163464.491,0.385
6406,decode,27,32,284,163474.299,163474.684,0.385
6407,decode,23,24,285,163483.873,163484.241,0.368
6408,decode,22,24,277,163493.106,163493.453,0.347
6409,decode,18,24,275,163502.642,163502.988,0.345
6410,decode,16,16,275,163511.571,163511.894,0.323
6411,decode,12,16,276,163520.858,163521.187,0.329
6412,decode,11,16,277,163529.243,163529.559,0.316
6413,decode,9,16,278,163538.06,163538.375,0.316
6414,decode,8,8,279,163546.509,163546.8,0.291
6415,decode,5,8,280,163555.392,163555.677,0.284
6416,decode,5,8,281,163563.338,163563.623,0.285
6417,decode,4,4,282,163571.697,163571.972,0.275
6418,decode,3,4,278,163579.994,163580.274,0.279
6419,decode,3,4,279,163588.12,163588.388,0.268
6420,decode,3,4,280,163596.374,163596.641,0.267
6421,decode,1,1,281,163604.648,163605.078,0.43
6422,prefill,60,8192,254,163627.523,163639.609,12.086
6423,decode,56,56,255,163641.263,163641.748,0.485
6424,decode,53,56,256,163967.294,163967.78,0.486
6425,decode,46,48,257,163972.697,163973.161,0.464
6426,decode,38,40,253,163983.631,163984.063,0.433
6427,decode,34,40,254,163993.716,163994.135,0.419
6428,decode,27,32,250,164003.962,164004.358,0.396
6429,decode,23,24,251,164013.389,164013.743,0.353
6430,decode,15,16,252,164023.426,164023.756,0.329
6431,decode,12,16,253,164031.809,164032.14,0.332
6432,decode,9,16,254,164040.59,164040.912,0.322
6433,decode,6,8,255,164049.165,164049.457,0.292
6434,decode,5,8,256,164057.566,164057.848,0.283
6435,decode,4,4,257,164065.918,164066.206,0.288
6436,decode,3,4,258,164074.275,164074.541,0.266
6437,decode,2,2,249,164082.491,164082.756,0.265
6438,decode,2,2,250,164090.55,164090.805,0.254
6439,decode,1,1,162,164098.691,164099.107,0.416
6440,decode,1,1,163,164106.726,164107.113,0.387
6441,decode,1,1,164,164114.773,164115.15,0.378
6442,prefill,53,8192,299,164137.699,164149.724,12.025
6443,decode,51,56,300,164154.114,164154.612,0.498
6444,decode,50,56,301,164477.755,164478.269,0.514
6445,decode,40,40,302,164484.121,164484.542,0.421
6446,decode,35,40,303,164494.476,164494.884,0.408
6447,decode,32,32,304,164504.607,164504.993,0.386
6448,decode,26,32,305,164515.037,164515.419,0.381
6449,decode,24,24,304,164524.367,164524.722,0.356
6450,decode,21,24,305,164533.931,164534.333,0.401
6451,decode,20,24,306,164543.063,164543.41,0.346
6452,decode,17,24,307,164552.532,164552.878,0.346
6453,decode,17,24,308,164561.408,164561.75,0.342
6454,decode,14,16,309,164570.777,164571.117,0.341
6455,decode,11,16,310,164579.91,164580.242,0.332
6456,decode,9,16,311,164588.582,164588.919,0.337
6457,decode,6,8,312,164597.339,164597.631,0.292
6458,decode,5,8,313,164605.758,164606.055,0.297
6459,decode,4,4,314,164614.109,164614.384,0.275
6460,decode,3,4,299,164622.576,164622.843,0.267
6461,decode,2,2,300,164630.651,164630.919,0.268
6462,decode,1,1,301,164638.813,164639.234,0.421
6463,decode,1,1,302,164646.729,164647.11,0.381
6464,decode,1,1,303,164654.88,164655.263,0.382
6465,decode,1,1,304,164663.08,164663.448,0.368
6466,decode,1,1,305,164671.263,164671.628,0.366
6467,decode,1,1,306,164679.443,164679.807,0.363
6468,decode,1,1,307,164687.594,164687.957,0.363
6469,decode,1,1,308,164695.768,164696.145,0.377
6470,decode,1,1,309,164703.931,164704.309,0.378
6471,decode,1,1,310,164712.08,164712.447,0.366
6472,decode,1,1,311,164720.227,164720.59,0.363
6473,prefill,45,8192,302,164740.779,164753.446,12.667
6474,decode,40,40,303,164757.743,164758.201,0.458
6475,decode,29,32,304,165080.218,165080.624,0.406
6476,decode,26,32,305,165086.281,165086.657,0.376
6477,decode,21,24,306,165096.423,165096.778,0.355
6478,decode,18,24,307,165106.076,165106.42,0.344
6479,decode,17,24,308,165115.394,165115.74,0.346
6480,decode,14,16,309,165125.084,165125.41,0.326
6481,decode,11,16,310,165134.26,165134.577,0.317
6482,decode,10,16,311,165142.985,165143.315,0.33
6483,decode,9,16,312,165151.816,165152.147,0.331
6484,decode,4,4,313,165160.875,165161.165,0.29
6485,decode,4,4,314,165169.054,165169.321,0.268
6486,decode,4,4,315,165177.293,165177.56,0.267
6487,decode,4,4,316,165185.589,165185.855,0.266
6488,decode,3,4,317,165193.963,165194.249,0.286
6489,decode,3,4,318,165202.094,165202.358,0.265
6490,decode,3,4,319,165210.283,165210.548,0.265
6491,decode,2,2,320,165218.547,165218.812,0.265
6492,decode,2,2,321,165226.621,165226.876,0.255
6493,decode,2,2,322,165234.658,165234.914,0.256
6494,decode,2,2,323,165242.714,165242.971,0.257
6495,decode,2,2,324,165250.771,165251.043,0.273
6496,decode,1,1,325,165258.929,165259.343,0.413
6497,decode,1,1,326,165266.866,165267.244,0.378
6498,decode,1,1,327,165275.056,165275.418,0.362
6499,decode,1,1,328,165283.237,165283.597,0.359
6500,decode,1,1,329,165291.496,165291.859,0.362
6501,decode,1,1,330,165299.563,165299.923,0.36
6502,decode,1,1,331,165307.72,165308.097,0.377
6503,decode,1,1,332,165315.866,165316.24,0.373
6504,decode,1,1,333,165324.023,165324.384,0.361
6505,decode,1,1,334,165332.183,165332.545,0.362
6506,decode,1,1,335,165340.332,165340.692,0.361
6507,prefill,61,8192,243,165363.424,165375.641,12.217
6508,decode,56,56,244,165379.965,165380.474,0.508
6509,decode,50,56,245,165704.266,165704.754,0.488
6510,decode,41,48,246,165709.915,165710.373,0.458
6511,decode,28,32,240,165720.895,165721.295,0.4
6512,decode,23,24,241,165730.385,165730.741,0.356
6513,decode,17,24,242,165739.979,165740.338,0.359
6514,decode,11,16,243,165749.174,165749.501,0.327
6515,decode,9,16,244,165757.882,165758.212,0.33
6516,decode,5,8,239,165766.798,165767.11,0.311
6517,decode,4,4,240,165775.165,165775.443,0.278
6518,decode,4,4,241,165783.427,165783.699,0.272
6519,decode,3,4,242,165791.872,165792.156,0.283
6520,decode,3,4,243,165800.146,165800.415,0.269
6521,decode,2,2,223,165808.334,165808.598,0.264
6522,decode,1,1,224,165816.551,165816.955,0.404
6523,decode,1,1,225,165824.477,165824.844,0.367
6524,decode,1,1,226,165832.642,165833.019,0.377
6525,decode,1,1,227,165840.815,165841.196,0.381
6526,decode,1,1,228,165848.986,165849.364,0.378
6527,decode,1,1,229,165857.16,165857.529,0.369
6528,decode,1,1,230,165865.329,165865.695,0.365
6529,decode,1,1,231,165873.485,165873.852,0.367
6530,decode,1,1,232,165881.649,165882.029,0.38
6531,decode,1,1,233,165889.819,165890.217,0.397
6532,decode,1,1,234,165897.97,165898.35,0.38
6533,prefill,61,8192,242,165921.713,165933.772,12.06
6534,decode,57,64,243,165935.489,165936.011,0.522
6535,decode,56,56,244,166262.685,166263.185,0.5
6536,decode,45,48,245,166268.597,166269.061,0.464
6537,decode,35,40,246,166279.568,166279.988,0.419
6538,decode,30,32,247,166289.327,166289.71,0.383
6539,decode,26,32,248,166299.24,166299.618,0.378
6540,decode,24,24,249,166308.7,166309.069,0.369
6541,decode,21,24,250,166318.167,166318.513,0.346
6542,decode,20,24,251,166327.222,166327.569,0.347
6543,decode,17,24,252,166336.659,166337.02,0.361
6544,decode,15,16,253,166345.625,166345.946,0.321
6545,decode,12,16,254,166354.778,166355.108,0.33
6546,decode,10,16,255,166363.504,166363.821,0.316
6547,decode,9,16,256,166372.091,166372.406,0.315
6548,decode,7,8,240,166380.718,166381.023,0.305
6549,decode,7,8,241,166389.091,166389.38,0.288
6550,decode,6,8,234,166397.576,166397.86,0.284
6551,decode,3,4,235,166406.096,166406.37,0.274
6552,decode,3,4,236,166414.048,166414.318,0.27
6553,decode,2,2,237,166422.287,166422.551,0.264
6554,decode,2,2,238,166430.376,166430.631,0.255
6555,prefill,51,8192,267,166452.062,166464.062,12.0
6556,decode,50,56,268,166468.375,166468.867,0.492
6557,decode,49,56,269,166791.716,166792.221,0.504
6558,decode,41,48,262,166798.162,166798.61,0.448
6559,decode,36,40,263,166808.788,166809.218,0.431
6560,decode,29,32,262,166819.678,166820.08,0.402
6561,decode,26,32,261,166829.242,166829.617,0.375
6562,decode,21,24,262,166839.104,166839.46,0.355
6563,decode,20,24,263,166848.127,166848.475,0.347
6564,decode,18,24,264,166857.415,166857.761,0.346
6565,decode,18,24,265,166866.389,166866.733,0.344
6566,decode,16,16,266,166875.624,166875.945,0.321
6567,decode,14,16,267,166884.721,166885.051,0.33
6568,decode,13,16,268,166893.4,166893.715,0.315
6569,decode,12,16,269,166902.164,166902.481,0.317
6570,decode,9,16,270,166911.16,166911.476,0.316
6571,decode,7,8,255,166919.623,166919.915,0.292
6572,decode,6,8,256,166928.073,166928.357,0.283
6573,decode,6,8,257,166936.325,166936.61,0.285
6574,decode,5,8,258,166944.791,166945.087,0.296
6575,decode,4,4,229,166953.09,166953.364,0.274
6576,decode,3,4,230,166961.398,166961.665,0.266
6577,decode,2,2,231,166969.568,166969.833,0.265
6578,decode,1,1,232,166977.673,166978.084,0.412
6579,decode,1,1,233,166985.588,166985.955,0.367
6580,decode,1,1,234,166993.839,166994.22,0.381
6581,prefill,53,8192,269,167016.203,167028.22,12.017
6582,decode,49,56,270,167029.809,167030.332,0.523
6583,decode,41,48,271,167357.221,167357.681,0.459
6584,decode,35,40,262,167363.082,167363.495,0.413
6585,decode,30,32,263,167373.611,167373.998,0.387
6586,decode,26,32,264,167383.52,167383.895,0.375
6587,decode,21,24,265,167393.38,167393.733,0.353
6588,decode,17,24,266,167402.649,167402.992,0.343
6589,decode,15,16,267,167411.593,167411.917,0.324
6590,decode,14,16,268,167420.552,167420.869,0.317
6591,decode,13,16,269,167429.508,167429.823,0.315
6592,decode,13,16,270,167438.265,167438.582,0.317
6593,decode,11,16,260,167447.304,167447.619,0.315
6594,decode,8,8,261,167456.232,167456.524,0.292
6595,decode,7,8,259,167464.748,167465.043,0.295
6596,decode,6,8,260,167473.164,167473.454,0.289
6597,decode,4,4,261,167481.621,167481.894,0.273
6598,decode,3,4,242,167489.849,167490.126,0.277
6599,decode,2,2,243,167498.049,167498.312,0.263
6600,decode,2,2,244,167506.221,167506.477,0.256
6601,decode,1,1,245,167514.239,167514.636,0.397
6602,decode,1,1,246,167522.136,167522.503,0.367
6603,decode,1,1,247,167530.307,167530.675,0.367
6604,decode,1,1,248,167538.457,167538.823,0.366
6605,prefill,54,8192,294,167561.204,167573.169,11.965
6606,decode,51,56,295,167574.774,167575.27,0.497
6607,decode,45,48,296,167903.168,167903.633,0.465
6608,decode,38,40,297,167909.018,167909.438,0.42
6609,decode,31,32,297,167919.894,167920.293,0.399
6610,decode,22,24,298,167930.433,167930.789,0.356
6611,decode,16,16,299,167939.8,167940.145,0.344
6612,decode,16,16,300,167948.467,167948.785,0.318
6613,decode,15,16,301,167957.677,167957.994,0.317
6614,decode,12,16,299,167966.9,167967.237,0.337
6615,decode,11,16,300,167975.621,167975.938,0.317
6616,decode,7,8,301,167984.645,167984.933,0.289
6617,decode,6,8,302,167993.117,167993.401,0.284
6618,decode,4,4,303,168001.576,168001.853,0.277
6619,decode,3,4,304,168009.882,168010.162,0.28
6620,decode,3,4,305,168018.153,168018.42,0.267
6621,decode,1,1,306,168026.458,168026.861,0.403
6622,decode,1,1,307,168034.433,168034.799,0.366
6623,decode,1,1,308,168042.581,168042.947,0.366
6624,decode,1,1,309,168050.746,168051.125,0.379
6625,decode,1,1,310,168058.912,168059.292,0.379
6626,decode,1,1,311,168067.072,168067.439,0.368
6627,prefill,59,8192,282,168090.289,168102.288,11.999
6628,decode,56,56,283,168106.519,168107.023,0.504
6629,decode,50,56,284,168431.091,168431.687,0.596
6630,decode,46,48,285,168435.131,168435.6,0.469
6631,decode,38,40,286,168446.232,168446.651,0.42
6632,decode,29,32,247,168456.776,168457.177,0.401
6633,decode,24,24,248,168466.311,168466.672,0.361
6634,decode,20,24,249,168475.818,168476.177,0.36
6635,decode,17,24,250,168485.065,168485.442,0.377
6636,decode,10,16,251,168494.628,168494.957,0.329
6637,decode,9,16,252,168503.118,168503.461,0.343
6638,decode,9,16,253,168511.593,168511.907,0.314
6639,decode,8,8,254,168520.343,168520.635,0.292
6640,decode,3,4,255,168529.427,168529.707,0.28
6641,decode,3,4,256,168537.208,168537.479,0.271
6642,decode,1,1,234,168545.554,168545.98,0.427
6643,decode,1,1,235,168553.505,168553.879,0.373
6644,decode,1,1,236,168561.658,168562.043,0.385
6645,decode,1,1,237,168569.835,168570.214,0.379
6646,decode,1,1,238,168578.015,168578.385,0.37
6647,decode,1,1,239,168586.196,168586.564,0.368
6648,decode,1,1,240,168594.389,168594.757,0.368
6649,decode,1,1,241,168602.54,168602.909,0.369
6650,decode,1,1,242,168610.717,168611.098,0.38
6651,decode,1,1,243,168618.889,168619.267,0.378
6652,decode,1,1,244,168627.062,168627.434,0.371
6653,prefill,63,8192,287,168652.992,168665.244,12.252
6654,decode,62,64,288,168667.035,168667.56,0.524
6655,decode,56,56,289,168995.307,168995.807,0.5
6656,decode,45,48,290,169000.642,169001.107,0.465
6657,decode,37,40,285,169011.301,169011.718,0.417
6658,decode,34,40,286,169021.109,169021.514,0.405
6659,decode,28,32,287,169031.544,169031.928,0.384
6660,decode,23,24,274,169041.248,169041.604,0.356
6661,decode,21,24,275,169050.281,169050.631,0.349
6662,decode,21,24,276,169059.226,169059.572,0.346
6663,decode,17,24,277,169068.902,169069.262,0.36
6664,decode,13,16,278,169077.936,169078.272,0.336
6665,decode,11,16,279,169086.756,169087.083,0.327
6666,decode,9,16,275,169095.548,169095.863,0.315
6667,decode,5,8,276,169104.41,169104.7,0.29
6668,decode,4,4,277,169112.645,169112.919,0.274
6669,decode,4,4,278,169120.877,169121.159,0.282
6670,decode,3,4,227,169129.223,169129.523,0.3
6671,decode,2,2,228,169137.446,169137.721,0.275
6672,decode,2,2,229,169145.529,169145.783,0.255
6673,decode,2,2,230,169153.537,169153.791,0.254
6674,decode,1,1,231,169161.69,169162.104,0.414
6675,decode,1,1,232,169169.585,169169.946,0.361
6676,prefill,55,8192,256,169192.825,169205.037,12.213
6677,decode,49,56,257,169209.544,169210.053,0.509
6678,decode,41,48,258,169534.481,169534.944,0.463
6679,decode,33,40,259,169540.297,169540.713,0.416
6680,decode,24,24,248,169551.191,169551.55,0.36
6681,decode,18,24,249,169560.812,169561.175,0.363
6682,decode,13,16,250,169570.129,169570.453,0.324
6683,decode,10,16,251,169579.22,169579.536,0.316
6684,decode,8,8,252,169587.981,169588.285,0.304
6685,decode,7,8,253,169596.736,169597.039,0.303
6686,decode,6,8,254,169605.329,169605.616,0.287
6687,decode,5,8,255,169613.936,169614.256,0.319
6688,decode,5,8,256,169622.104,169622.389,0.285
6689,decode,2,2,225,169630.769,169631.047,0.278
6690,decode,1,1,168,169638.852,169639.271,0.419
6691,decode,1,1,169,169646.737,169647.116,0.379
6692,prefill,64,8192,263,169670.639,169682.729,12.091
6693,decode,62,64,264,169684.57,169685.101,0.531
6694,decode,52,56,255,170010.174,170010.671,0.496
6695,decode,42,48,256,170015.238,170015.681,0.443
6696,decode,39,40,257,170031.234,170031.651,0.417
6697,decode,37,40,258,170035.436,170035.847,0.411
6698,decode,36,40,259,170045.305,170045.715,0.41
6699,decode,32,32,260,170055.435,170055.817,0.382
6700,decode,27,32,261,170065.386,170065.763,0.377
6701,decode,22,24,262,170074.622,170074.977,0.355
6702,decode,22,24,263,170083.291,170083.64,0.349
6703,decode,18,24,264,170092.712,170093.071,0.359
6704,decode,17,24,265,170101.375,170101.72,0.345
6705,decode,12,16,266,170110.644,170110.967,0.323
6706,decode,10,16,267,170119.222,170119.539,0.317
6707,decode,8,8,268,170127.712,170128.011,0.299
6708,decode,6,8,269,170136.236,170136.521,0.285
6709,decode,6,8,270,170144.353,170144.637,0.284
6710,decode,5,8,271,170152.76,170153.055,0.295
6711,decode,5,8,272,170160.928,170161.223,0.296
6712,decode,5,8,273,170169.217,170169.5,0.283
6713,decode,5,8,274,170177.501,170177.785,0.284
6714,decode,5,8,275,170185.79,170186.086,0.296
6715,decode,4,4,185,170194.157,170194.432,0.275
6716,decode,2,2,147,170202.53,170202.796,0.267
6717,decode,2,2,148,170210.456,170210.715,0.259
6718,decode,2,2,149,170218.473,170218.733,0.259
6719,decode,1,1,150,170226.601,170227.0,0.4
6720,decode,1,1,151,170234.612,170234.979,0.368
6721,decode,1,1,152,170242.657,170243.041,0.384
6722,decode,1,1,153,170250.81,170251.196,0.386
6723,decode,1,1,154,170258.945,170259.329,0.384
6724,prefill,49,8192,266,170281.524,170293.591,12.067
6725,decode,48,48,267,170297.934,170298.42,0.486
6726,decode,42,48,268,170622.871,170623.35,0.479
6727,decode,35,40,269,170628.538,170628.954,0.416
6728,decode,32,32,270,170638.835,170639.242,0.407
6729,decode,30,32,271,170648.991,170649.385,0.394
6730,decode,28,32,272,170659.031,170659.411,0.38
6731,decode,24,24,273,170669.079,170669.436,0.357
6732,decode,23,24,274,170678.239,170678.586,0.347
6733,decode,19,24,275,170688.063,170688.412,0.35
6734,decode,14,16,276,170697.299,170697.625,0.327
6735,decode,11,16,277,170706.168,170706.484,0.316
6736,decode,6,8,273,170715.264,170715.568,0.305
6737,decode,4,4,274,170723.411,170723.687,0.276
6738,decode,4,4,275,170731.445,170731.715,0.27
6739,decode,3,4,276,170739.767,170740.047,0.28
6740,decode,3,4,277,170748.039,170748.308,0.269
6741,decode,2,2,278,170756.285,170756.551,0.266
6742,decode,1,1,167,170764.475,170764.872,0.397
6743,prefill,52,8192,264,170785.963,170798.038,12.075
6744,decode,51,56,265,170802.555,170803.071,0.516
6745,decode,48,48,266,171127.456,171127.94,0.485
6746,decode,39,40,267,171133.436,171133.855,0.419
6747,decode,35,40,268,171143.719,171144.149,0.43
6748,decode,27,32,262,171154.495,171154.879,0.384
6749,decode,24,24,263,171163.845,171164.234,0.389
6750,decode,22,24,264,171173.301,171173.65,0.349
6751,decode,19,24,265,171182.696,171183.058,0.362
6752,decode,14,16,266,171192.058,171192.389,0.331
6753,decode,13,16,256,171200.615,171200.934,0.319
6754,decode,13,16,257,171209.287,171209.615,0.328
6755,decode,10,16,258,171218.374,171218.693,0.319
6756,decode,9,16,259,171226.851,171227.181,0.33
6757,decode,9,16,260,171235.365,171235.681,0.316
6758,decode,7,8,261,171244.084,171244.379,0.295
6759,decode,5,8,262,171252.675,171252.961,0.286
6760,decode,3,4,263,171261.08,171261.357,0.277
6761,decode,2,2,264,171269.13,171269.398,0.269
6762,decode,2,2,265,171277.156,171277.419,0.263
6763,decode,2,2,266,171285.187,171285.446,0.259
6764,decode,2,2,267,171293.196,171293.455,0.26
6765,decode,1,1,204,171301.346,171301.747,0.401
6766,decode,1,1,205,171309.243,171309.618,0.375
6767,decode,1,1,206,171317.396,171317.764,0.368
6768,decode,1,1,207,171325.565,171325.933,0.368
6769,decode,1,1,208,171333.735,171334.117,0.383
6770,decode,1,1,209,171341.889,171342.277,0.388
6771,decode,1,1,210,171350.081,171350.449,0.368
6772,decode,1,1,211,171358.24,171358.611,0.372
6773,decode,1,1,212,171366.514,171366.973,0.459
6774,prefill,63,8192,266,171390.769,171402.926,12.157
6775,decode,59,64,267,171407.348,171407.882,0.534
6776,decode,47,48,268,171731.516,171731.988,0.472
6777,decode,34,40,266,171737.595,171738.022,0.427
6778,decode,25,32,267,171747.742,171748.139,0.397
6779,decode,18,24,268,171757.49,171757.847,0.357
6780,decode,14,16,269,171766.761,171767.099,0.338
6781,decode,12,16,270,171775.772,171776.104,0.332
6782,decode,10,16,271,171784.717,171785.05,0.333
6783,decode,6,8,272,171793.8,171794.103,0.303
6784,decode,4,4,271,171802.394,171802.671,0.277
6785,decode,2,2,272,171810.841,171811.117,0.276
6786,decode,2,2,273,171818.847,171819.117,0.27
6787,prefill,58,8192,255,171841.15,171853.17,12.02
6788,decode,54,56,256,171854.833,171855.335,0.501
6789,decode,49,56,257,172183.617,172184.129,0.511
6790,decode,37,40,258,172189.23,172189.646,0.416
6791,decode,32,32,259,172199.333,172199.717,0.384
6792,decode,25,32,260,172209.642,172210.034,0.392
6793,decode,17,24,261,172219.692,172220.06,0.368
6794,decode,15,16,262,172228.225,172228.549,0.324
6795,decode,10,16,263,172237.781,172238.115,0.334
6796,decode,5,8,257,172246.546,172246.841,0.295
6797,decode,4,4,258,172254.801,172255.091,0.291
6798,decode,2,2,259,172263.28,172263.546,0.266
6799,decode,1,1,260,172271.458,172271.858,0.4
6800,decode,1,1,261,172279.584,172279.953,0.37
6801,decode,1,1,262,172287.676,172288.059,0.383
6802,decode,1,1,263,172295.888,172296.269,0.381
6803,decode,1,1,264,172304.096,172304.467,0.371
6804,decode,1,1,265,172312.312,172312.686,0.374
6805,decode,1,1,266,172320.482,172320.852,0.37
6806,prefill,53,8192,247,172342.451,172354.512,12.061
6807,decode,49,56,248,172358.805,172359.314,0.509
6808,decode,35,40,249,172680.656,172681.104,0.448
6809,decode,26,32,250,172686.942,172687.342,0.4
6810,decode,24,24,251,172696.286,172696.641,0.355
6811,decode,20,24,252,172706.397,172706.744,0.348
6812,decode,14,16,251,172716.06,172716.387,0.327
6813,decode,13,16,252,172724.931,172725.26,0.33
6814,decode,12,16,253,172733.922,172734.254,0.332
6815,decode,10,16,254,172742.918,172743.248,0.33
6816,decode,7,8,255,172751.831,172752.152,0.321
6817,decode,4,4,256,172760.393,172760.669,0.276
6818,decode,3,4,257,172768.637,172768.904,0.268
6819,decode,2,2,258,172776.832,172777.109,0.277
6820,prefill,41,8192,279,172796.151,172807.998,11.847
6821,decode,37,40,278,172809.401,172809.836,0.434
6822,decode,29,32,279,173133.576,173133.99,0.413
6823,decode,25,32,280,173140.338,173140.718,0.38
6824,decode,20,24,281,173150.589,173150.943,0.354
6825,decode,16,16,277,173160.316,173160.643,0.327
6826,decode,13,16,278,173169.851,173170.181,0.33
6827,decode,12,16,279,173178.852,173179.181,0.329
6828,decode,11,16,280,173187.982,173188.312,0.33
6829,decode,11,16,281,173196.855,173197.189,0.333
6830,decode,10,16,282,173205.927,173206.254,0.326
6831,decode,9,16,283,173214.799,173215.127,0.328
6832,decode,9,16,284,173223.499,173223.817,0.317
6833,decode,9,16,285,173232.271,173232.586,0.315
6834,decode,7,8,286,173241.138,173241.431,0.293
6835,decode,7,8,287,173249.626,173249.91,0.284
6836,decode,7,8,288,173258.026,173258.312,0.286
6837,decode,5,8,275,173266.657,173266.944,0.286
6838,decode,3,4,276,173274.965,173275.255,0.29
6839,decode,3,4,277,173283.035,173283.303,0.268
6840,decode,3,4,278,173291.317,173291.587,0.27
6841,prefill,55,8192,277,173313.679,173325.715,12.036
6842,decode,52,56,278,173329.986,173330.515,0.529
6843,decode,44,48,279,173651.979,173652.458,0.479
6844,decode,38,40,280,173658.159,173658.575,0.416
6845,decode,31,32,274,173669.049,173669.434,0.385
6846,decode,25,32,275,173679.317,173679.694,0.377
6847,decode,20,24,276,173688.87,173689.241,0.371
6848,decode,16,16,277,173698.288,173698.614,0.325
6849,decode,12,16,278,173707.564,173707.882,0.318
6850,decode,8,8,279,173716.419,173716.711,0.292
6851,decode,5,8,280,173725.084,173725.37,0.286
6852,decode,3,4,281,173733.429,173733.703,0.274
6853,decode,2,2,282,173741.624,173741.89,0.266
6854,decode,2,2,283,173749.767,173750.039,0.272
6855,decode,1,1,249,173757.966,173758.382,0.416
6856,decode,1,1,250,173765.915,173766.295,0.38
6857,decode,1,1,251,173774.138,173774.509,0.371
6858,decode,1,1,252,173782.265,173782.632,0.367
6859,decode,1,1,253,173790.425,173790.793,0.368
6860,decode,1,1,254,173798.707,173799.088,0.381
6861,prefill,60,8192,249,173822.229,173834.37,12.141
6862,decode,58,64,250,173836.116,173836.634,0.518
6863,decode,53,56,251,174163.257,174163.767,0.509
6864,decode,42,48,252,174169.359,174169.808,0.449
6865,decode,35,40,253,174179.829,174180.258,0.429
6866,decode,26,32,254,174190.586,174190.969,0.383
6867,decode,18,24,255,174200.348,174200.7,0.352
6868,decode,16,16,256,174208.969,174209.303,0.335
6869,decode,16,16,257,174217.941,174218.274,0.332
6870,decode,13,16,258,174227.238,174227.555,0.317
6871,decode,11,16,259,174235.984,174236.317,0.333
6872,decode,11,16,260,174244.504,174244.821,0.318
6873,decode,10,16,261,174253.31,174253.628,0.318
6874,decode,8,8,262,174262.032,174262.325,0.293
6875,decode,8,8,263,174270.458,174270.743,0.285
6876,decode,7,8,264,174278.93,174279.228,0.297
6877,decode,5,8,263,174287.351,174287.637,0.285
6878,decode,4,4,264,174295.543,174295.816,0.272
6879,decode,4,4,265,174303.65,174303.917,0.268
6880,decode,3,4,266,174312.118,174312.386,0.268
6881,decode,2,2,267,174320.181,174320.449,0.269
6882,decode,2,2,268,174328.187,174328.446,0.259
6883,decode,2,2,269,174336.211,174336.471,0.259
6884,decode,2,2,270,174344.237,174344.496,0.258
6885,prefill,54,8192,276,174366.609,174378.672,12.063
6886,decode,51,56,277,174380.297,174380.782,0.485
6887,decode,48,48,278,174706.969,174707.437,0.468
6888,decode,38,40,279,174712.967,174713.405,0.438
6889,decode,27,32,280,174723.982,174724.379,0.397
6890,decode,24,24,281,174733.204,174733.557,0.353
6891,decode,19,24,244,174743.081,174743.431,0.349
6892,decode,15,16,245,174752.392,174752.716,0.325
6893,decode,11,16,246,174761.615,174761.933,0.318
6894,decode,2,2,224,174770.931,174771.212,0.281
6895,decode,1,1,187,174778.718,174779.135,0.417
6896,decode,1,1,188,174786.692,174787.075,0.383
6897,decode,1,1,189,174794.924,174795.309,0.385
6898,prefill,44,8192,253,174814.712,174826.6,11.889
6899,decode,43,48,254,174830.619,174831.094,0.474
6900,decode,40,40,253,175153.229,175153.678,0.449
6901,decode,39,40,254,175159.183,175159.63,0.448
6902,decode,34,40,255,175170.342,175170.75,0.408
6903,decode,29,32,256,175180.712,175181.129,0.417
6904,decode,26,32,257,175190.65,175191.039,0.389
6905,decode,23,24,258,175200.346,175200.7,0.354
6906,decode,19,24,259,175209.946,175210.308,0.361
6907,decode,18,24,260,175218.84,175219.198,0.358
6908,decode,15,16,261,175228.182,175228.508,0.326
6909,decode,12,16,262,175237.31,175237.627,0.317
6910,decode,12,16,263,175245.766,175246.099,0.333
6911,decode,11,16,264,175254.692,175255.042,0.35
6912,decode,7,8,252,175263.659,175263.95,0.291
6913,decode,4,4,199,175272.234,175272.509,0.275
6914,decode,4,4,200,175280.176,175280.444,0.268
6915,decode,3,4,192,175288.488,175288.755,0.267
6916,decode,3,4,193,175296.559,175296.827,0.268
6917,decode,3,4,194,175304.69,175304.959,0.269
6918,decode,2,2,195,175312.948,175313.226,0.278
6919,decode,2,2,196,175321.046,175321.306,0.26
6920,decode,1,1,195,175329.26,175329.659,0.399
6921,decode,1,1,196,175337.083,175337.454,0.371
6922,decode,1,1,197,175345.217,175345.586,0.37
6923,prefill,54,8192,290,175367.309,175379.341,12.032
6924,decode,53,56,291,175383.584,175384.097,0.513
6925,decode,44,48,292,175707.357,175707.862,0.505
6926,decode,35,40,291,175712.995,175713.427,0.432
6927,decode,25,32,292,175723.785,175724.184,0.399
6928,decode,18,24,282,175733.454,175733.808,0.353
6929,decode,15,16,283,175742.356,175742.684,0.328
6930,decode,11,16,249,175751.755,175752.091,0.336
6931,decode,9,16,250,175760.53,175760.848,0.318
6932,decode,8,8,251,175769.138,175769.43,0.292
6933,decode,8,8,252,175777.716,175778.0,0.285
6934,decode,5,8,253,175786.517,175786.801,0.284
6935,decode,4,4,254,175794.734,175795.022,0.288
6936,decode,3,4,218,175803.06,175803.328,0.269
6937,decode,3,4,219,175811.179,175811.447,0.268
6938,decode,3,4,220,175819.392,175819.66,0.267
6939,decode,2,2,221,175827.668,175827.933,0.265
6940,decode,1,1,222,175835.987,175836.398,0.411
6941,decode,1,1,223,175843.745,175844.127,0.382
6942,decode,1,1,224,175851.89,175852.278,0.389
6943,decode,1,1,225,175860.079,175860.469,0.389
6944,prefill,66,8192,291,175884.337,175896.442,12.104
6945,decode,63,64,292,175900.999,175901.545,0.546
6946,decode,59,64,293,176227.083,176227.617,0.534
6947,decode,55,56,294,176231.603,176232.096,0.493
6948,decode,45,48,295,176243.659,176244.116,0.457
6949,decode,39,40,296,176253.831,176254.262,0.431
6950,decode,31,32,296,176264.552,176264.943,0.391
6951,decode,24,24,297,176274.25,176274.603,0.353
6952,decode,18,24,298,176283.799,176284.158,0.359
6953,decode,15,16,299,176292.515,176292.841,0.325
6954,decode,11,16,300,176301.642,176301.964,0.322
6955,decode,9,16,301,176310.26,176310.577,0.317
6956,decode,6,8,302,176319.096,176319.389,0.293
6957,decode,4,4,303,176327.604,176327.879,0.276
6958,decode,2,2,304,176335.867,176336.148,0.281
6959,decode,1,1,262,176343.983,176344.395,0.412
6960,decode,1,1,263,176351.999,176352.385,0.387
6961,decode,1,1,264,176360.115,176360.486,0.371
6962,decode,1,1,265,176368.282,176368.653,0.371
6963,decode,1,1,266,176376.465,176376.833,0.368
6964,prefill,44,8192,257,176396.711,176408.625,11.913
6965,decode,41,48,258,176410.123,176410.578,0.455
6966,decode,35,40,259,176734.627,176735.067,0.441
6967,decode,27,32,260,176741.665,176742.06,0.395
6968,decode,20,24,261,176751.922,176752.288,0.366
6969,decode,14,16,258,176761.548,176761.869,0.322
6970,decode,12,16,259,176770.651,176770.968,0.317
6971,decode,11,16,260,176779.639,176779.955,0.316
6972,decode,9,16,261,176788.847,176789.176,0.328
6973,decode,9,16,262,176797.483,176797.797,0.315
6974,decode,8,8,263,176806.288,176806.578,0.29
6975,decode,6,8,264,176815.111,176815.396,0.285
6976,decode,5,8,265,176823.513,176823.797,0.284
6977,decode,3,4,266,176831.946,176832.233,0.287
6978,decode,3,4,267,176840.111,176840.379,0.268
6979,decode,2,2,256,176848.429,176848.695,0.266
6980,decode,1,1,221,176856.726,176857.15,0.424
6981,prefill,51,8192,260,176877.66,176889.67,12.01
6982,decode,49,56,261,176893.908,176894.423,0.516
6983,decode,43,48,262,177216.392,177216.864,0.472
6984,decode,35,40,258,177222.484,177222.897,0.414
6985,decode,30,32,259,177232.85,177233.248,0.398
6986,decode,28,32,260,177242.591,177242.969,0.378
6987,decode,26,32,261,177252.457,177252.843,0.386
6988,decode,23,24,262,177262.031,177262.388,0.357
6989,decode,19,24,263,177271.58,177271.928,0.347
6990,decode,16,16,264,177280.604,177280.934,0.329
6991,decode,13,16,264,177289.746,177290.075,0.329
6992,decode,10,16,265,177298.59,177298.906,0.316
6993,decode,8,8,264,177307.128,177307.421,0.293
6994,decode,7,8,265,177315.589,177315.875,0.287
6995,decode,4,4,231,177324.156,177324.431,0.275
6996,decode,4,4,232,177332.151,177332.418,0.267
6997,decode,3,4,223,177340.427,177340.693,0.267
6998,decode,1,1,224,177348.713,177349.129,0.417
6999,prefill,59,8192,268,177371.28,177383.356,12.075
7000,decode,55,56,269,177387.731,177388.247,0.516
7001,decode,46,48,270,177710.858,177711.349,0.492
7002,decode,39,40,261,177716.415,177716.833,0.418
7003,decode,28,32,262,177727.548,177727.932,0.384
7004,decode,20,24,258,177737.46,177737.813,0.354
7005,decode,18,24,255,177746.511,177746.859,0.348
7006,decode,14,16,256,177756.018,177756.346,0.328
7007,decode,11,16,236,177765.201,177765.519,0.318
7008,decode,10,16,237,177773.952,177774.284,0.333
7009,decode,8,8,238,177782.712,177783.019,0.307
7010,decode,6,8,231,177791.443,177791.73,0.287
7011,decode,5,8,232,177799.837,177800.132,0.295
7012,decode,1,1,233,177808.471,177808.871,0.401
7013,prefill,48,8192,282,177829.599,177841.618,12.02
7014,decode,43,48,283,177843.128,177843.588,0.46
7015,decode,32,32,284,178167.898,178168.32,0.422
7016,decode,26,32,285,178174.37,178174.746,0.376
7017,decode,25,32,286,178184.123,178184.502,0.378
7018,decode,20,24,283,178194.241,178194.598,0.356
7019,decode,18,24,284,178203.723,178204.084,0.361
7020,decode,15,16,285,178213.218,178213.545,0.327
7021,decode,14,16,286,178222.175,178222.491,0.317
7022,decode,9,16,286,178231.605,178231.922,0.317
7023,decode,8,8,287,178239.889,178240.194,0.305
7024,decode,6,8,288,178248.772,178249.07,0.298
7025,decode,4,4,289,178257.193,178257.471,0.278
7026,decode,3,4,275,178265.532,178265.805,0.273
7027,decode,2,2,276,178273.683,178273.949,0.265
7028,prefill,67,8192,261,178298.112,178310.197,12.085
7029,decode,63,64,262,178314.624,178315.161,0.537
7030,decode,56,56,263,178638.229,178638.724,0.495
7031,decode,43,48,264,178643.624,178644.083,0.459
7032,decode,34,40,265,178653.791,178654.226,0.435
7033,decode,33,40,266,178663.194,178663.601,0.407
7034,decode,30,32,260,178673.166,178673.553,0.386
7035,decode,23,24,261,178683.354,178683.706,0.351
7036,decode,20,24,262,178692.319,178692.671,0.352
7037,decode,16,16,263,178701.409,178701.732,0.323
7038,decode,12,16,264,178710.429,178710.746,0.317
7039,decode,10,16,265,178718.925,178719.255,0.33
7040,decode,8,8,266,178727.769,178728.073,0.304
7041,decode,7,8,267,178736.227,178736.518,0.291
7042,decode,5,8,238,178744.645,178744.93,0.285
7043,decode,3,4,239,178753.013,178753.291,0.278
7044,decode,3,4,240,178761.1,178761.367,0.268
7045,decode,2,2,241,178769.392,178769.657,0.265
7046,decode,1,1,237,178777.579,178777.982,0.403
7047,decode,1,1,238,178785.499,178785.866,0.367
7048,prefill,59,8192,277,178807.954,178819.998,12.044
7049,decode,58,64,278,178821.763,178822.29,0.527
7050,decode,52,56,279,179148.052,179148.551,0.499
7051,decode,43,48,280,179153.556,179154.016,0.459
7052,decode,30,32,281,179164.621,179165.016,0.395
7053,decode,21,24,282,179174.631,179174.989,0.358
7054,decode,14,16,283,179184.085,179184.412,0.327
7055,decode,12,16,284,179192.81,179193.144,0.334
7056,decode,9,16,285,179201.811,179202.143,0.332
7057,decode,7,8,286,179210.519,179210.812,0.293
7058,decode,7,8,287,179218.955,179219.253,0.299
7059,decode,6,8,288,179227.563,179227.849,0.286
7060,decode,5,8,289,179236.175,179236.463,0.288
7061,decode,5,8,290,179244.291,179244.577,0.286
7062,decode,5,8,291,179252.659,179252.946,0.287
7063,decode,5,8,292,179260.981,179261.282,0.3
7064,decode,2,2,293,179269.671,179269.939,0.268
7065,decode,1,1,199,179277.653,179278.067,0.414
7066,decode,1,1,200,179285.53,179285.9,0.37
7067,decode,1,1,201,179293.669,179294.052,0.383
7068,decode,1,1,202,179301.837,179302.22,0.382
7069,prefill,52,8192,273,179323.421,179335.393,11.972
7070,decode,49,56,274,179339.569,179340.075,0.506
7071,decode,47,48,275,179662.661,179663.146,0.484
7072,decode,37,40,276,179669.232,179669.651,0.419
7073,decode,31,32,277,179679.721,179680.119,0.398
7074,decode,31,32,278,179689.19,179689.567,0.377
7075,decode,28,32,269,179699.495,179699.874,0.379
7076,decode,27,32,270,179709.03,179709.411,0.381
7077,decode,19,24,266,179719.336,179719.689,0.353
7078,decode,19,24,267,179727.829,179728.187,0.358
7079,decode,13,16,268,179737.549,179737.874,0.325
7080,decode,13,16,269,179746.092,179746.411,0.319
7081,decode,11,16,270,179754.94,179755.275,0.335
7082,decode,9,16,269,179763.789,179764.119,0.33
7083,decode,5,8,248,179772.58,179772.87,0.291
7084,decode,4,4,237,179780.778,179781.067,0.288
7085,decode,3,4,227,179789.031,179789.302,0.27
7086,decode,3,4,228,179797.158,179797.427,0.269
7087,prefill,62,8192,261,179821.148,179833.179,12.031
7088,decode,58,64,262,179837.523,179838.058,0.535
7089,decode,55,56,263,180162.685,180163.201,0.516
7090,decode,39,40,263,180168.569,180168.985,0.416
7091,decode,31,32,264,180178.639,180179.037,0.399
7092,decode,26,32,265,180188.58,180188.958,0.379
7093,decode,19,24,266,180198.634,180198.987,0.353
7094,decode,15,16,267,180207.636,180207.963,0.327
7095,decode,13,16,254,180216.666,180216.983,0.317
7096,decode,9,16,255,180225.912,180226.242,0.33
7097,decode,5,8,256,180234.653,180234.945,0.292
7098,decode,5,8,257,180242.858,180243.173,0.315
7099,decode,4,4,258,180251.295,180251.571,0.276
7100,decode,4,4,259,180259.677,180259.947,0.27
7101,decode,3,4,260,180267.944,180268.226,0.282
7102,decode,2,2,261,180276.154,180276.419,0.265
7103,decode,1,1,262,180284.336,180284.734,0.398
7104,decode,1,1,263,180292.226,180292.593,0.368
7105,prefill,51,8192,252,180313.914,180325.866,11.952
7106,decode,48,48,253,180329.991,180330.479,0.488
7107,decode,44,48,254,180653.151,180653.602,0.451
7108,decode,40,40,255,180658.821,180659.244,0.423
7109,decode,34,40,256,180669.958,180670.385,0.427
7110,decode,27,32,257,180680.219,180680.601,0.382
7111,decode,23,24,258,180689.941,180690.309,0.367
7112,decode,21,24,259,180699.196,180699.541,0.345
7113,decode,19,24,260,180708.636,180708.982,0.346
7114,decode,14,16,256,180718.161,180718.484,0.323
7115,decode,13,16,250,180726.881,180727.21,0.329
7116,decode,10,16,251,180735.872,180736.203,0.331
7117,decode,5,8,246,180744.864,180745.166,0.303
7118,decode,3,4,239,180753.08,180753.356,0.275
7119,decode,2,2,223,180761.223,180761.491,0.269
7120,decode,1,1,86,180769.529,180769.924,0.396
7121,decode,1,1,87,180777.313,180777.68,0.367
7122,prefill,61,8192,252,180799.908,180811.888,11.979
7123,decode,57,64,253,180816.203,180816.721,0.519
7124,decode,50,56,254,181140.261,181140.775,0.513
7125,decode,45,48,255,181145.264,181145.709,0.445
7126,decode,38,40,256,181156.42,181156.837,0.417
7127,decode,28,32,257,181167.392,181167.778,0.386
7128,decode,22,24,258,181177.052,181177.41,0.358
7129,decode,20,24,259,181186.169,181186.518,0.349
7130,decode,18,24,260,181195.52,181195.866,0.346
7131,decode,15,16,261,181204.759,181205.097,0.337
7132,decode,14,16,262,181213.752,181214.081,0.328
7133,decode,13,16,263,181222.578,181222.901,0.323
7134,decode,9,16,264,181231.777,181232.112,0.335
7135,decode,9,16,265,181240.022,181240.34,0.318
7136,decode,6,8,266,181248.819,181249.123,0.304
7137,decode,5,8,267,181257.232,181257.518,0.285
7138,decode,4,4,250,181265.479,181265.753,0.274
7139,decode,3,4,251,181273.819,181274.101,0.282
7140,decode,3,4,252,181282.024,181282.298,0.274
7141,decode,3,4,253,181290.078,181290.347,0.269
7142,decode,2,2,254,181298.356,181298.634,0.278
7143,decode,2,2,255,181306.419,181306.677,0.259
7144,decode,2,2,256,181314.437,181314.694,0.257
7145,decode,2,2,257,181322.472,181322.729,0.257
7146,decode,2,2,258,181330.538,181330.796,0.258
7147,decode,2,2,259,181338.55,181338.806,0.256
7148,decode,1,1,260,181346.663,181347.076,0.413
7149,decode,1,1,261,181354.584,181354.955,0.371
7150,decode,1,1,262,181362.738,181363.125,0.387
7151,decode,1,1,263,181370.904,181371.287,0.383
7152,prefill,54,8192,248,181393.028,181404.997,11.969
7153,decode,51,56,249,181409.181,181409.675,0.493
7154,decode,37,40,250,181732.077,181732.507,0.43
7155,decode,31,32,251,181737.708,181738.103,0.396
7156,decode,27,32,252,181747.782,181748.187,0.405
7157,decode,24,24,253,181757.598,181757.951,0.353
7158,decode,18,24,254,181767.593,181767.94,0.347
7159,decode,16,16,255,181776.436,181776.76,0.324
7160,decode,15,16,256,181785.699,181786.03,0.332
7161,decode,8,8,252,181795.224,181795.516,0.292
7162,decode,8,8,253,181803.245,181803.532,0.287
7163,decode,5,8,250,181811.98,181812.278,0.298
7164,decode,5,8,251,181820.118,181820.405,0.287
7165,decode,5,8,252,181828.455,181828.739,0.284
7166,decode,3,4,253,181836.979,181837.269,0.29
7167,decode,2,2,254,181845.254,181845.518,0.265
7168,decode,1,1,255,181853.404,181853.805,0.401
7169,decode,1,1,256,181861.29,181861.656,0.367
7170,decode,1,1,257,181869.428,181869.799,0.371
7171,decode,1,1,258,181877.614,181877.982,0.368
7172,prefill,52,8192,274,181899.246,181911.281,12.034
7173,decode,50,56,275,181912.915,181913.421,0.506
7174,decode,47,48,276,182239.777,182240.264,0.487
7175,decode,41,48,277,182245.801,182246.255,0.454
7176,decode,32,32,278,182256.786,182257.183,0.397
7177,decode,27,32,279,182266.882,182267.273,0.391
7178,decode,22,24,280,182276.539,182276.891,0.352
7179,decode,20,24,281,182285.81,182286.17,0.36
7180,decode,18,24,282,182295.104,182295.449,0.345
7181,decode,15,16,283,182304.195,182304.517,0.322
7182,decode,14,16,284,182313.056,182313.374,0.318
7183,decode,14,16,285,182321.736,182322.067,0.331
7184,decode,12,16,286,182330.783,182331.111,0.329
7185,decode,10,16,287,182339.487,182339.805,0.318
7186,decode,10,16,288,182347.963,182348.29,0.328
7187,decode,10,16,289,182356.608,182356.924,0.316
7188,decode,8,8,290,182365.452,182365.745,0.294
7189,decode,7,8,291,182373.904,182374.203,0.299
7190,decode,6,8,292,182382.289,182382.574,0.285
7191,decode,4,4,293,182390.717,182390.992,0.275
7192,decode,4,4,294,182398.789,182399.07,0.281
7193,decode,3,4,295,182407.123,182407.392,0.269
7194,decode,2,2,296,182415.356,182415.623,0.267
7195,decode,2,2,297,182423.387,182423.657,0.27
7196,decode,2,2,298,182431.397,182431.658,0.26
7197,decode,2,2,299,182439.417,182439.676,0.259
7198,decode,2,2,300,182447.463,182447.72,0.257
7199,decode,1,1,301,182455.599,182455.999,0.4
7200,prefill,49,8192,257,182476.829,182488.866,12.036
7201,decode,45,48,258,182493.042,182493.506,0.465
7202,decode,41,48,259,182816.401,182816.86,0.459
7203,decode,37,40,260,182822.249,182822.676,0.427
7204,decode,34,40,261,182833.031,182833.443,0.411
7205,decode,27,32,262,182843.611,182843.994,0.384
7206,decode,21,24,263,182853.661,182854.049,0.388
7207,decode,19,24,264,182862.591,182862.938,0.347
7208,decode,17,24,258,182871.874,182872.234,0.36
7209,decode,14,16,259,182881.159,182881.484,0.324
7210,decode,13,16,260,182890.022,182890.341,0.319
7211,decode,12,16,261,182898.908,182899.243,0.335
7212,decode,11,16,262,182907.743,182908.074,0.331
7213,decode,10,16,263,182916.563,182916.893,0.33
7214,decode,8,8,264,182925.342,182925.646,0.303
7215,decode,7,8,263,182933.916,182934.216,0.3
7216,decode,6,8,264,182942.327,182942.613,0.286
7217,decode,4,4,264,182950.78,182951.067,0.287
7218,decode,3,4,265,182959.175,182959.527,0.352
7219,decode,3,4,266,182967.053,182967.324,0.271
7220,decode,3,4,267,182975.348,182975.617,0.269
7221,decode,3,4,268,182983.398,182983.664,0.266
7222,decode,3,4,269,182991.572,182991.837,0.265
7223,decode,3,4,270,182999.738,183000.014,0.276
7224,decode,2,2,271,183008.02,183008.284,0.264
7225,decode,2,2,272,183016.101,183016.358,0.257
7226,decode,2,2,273,183024.121,183024.378,0.257
7227,decode,1,1,230,183032.286,183032.7,0.414
7228,decode,1,1,231,183040.164,183040.54,0.376
7229,decode,1,1,232,183048.274,183048.64,0.366
7230,decode,1,1,233,183056.388,183056.751,0.364
7231,decode,1,1,234,183064.531,183064.896,0.365
7232,prefill,50,8192,254,183086.477,183098.724,12.247
7233,decode,42,48,255,183100.197,183100.658,0.461
7234,decode,40,40,256,183427.654,183428.098,0.444
7235,decode,31,32,257,183434.415,183434.928,0.512
7236,decode,25,32,258,183444.455,183444.838,0.383
7237,decode,19,24,259,183454.176,183454.537,0.361
7238,decode,16,16,260,183463.354,183463.686,0.332
7239,decode,15,16,261,183472.344,183472.664,0.32
7240,decode,15,16,262,183481.276,183481.598,0.322
7241,decode,11,16,263,183490.527,183490.847,0.32
7242,decode,10,16,264,183499.031,183499.368,0.336
7243,decode,9,16,265,183507.635,183507.955,0.32
7244,decode,8,8,266,183516.196,183516.49,0.294
7245,decode,7,8,259,183524.778,183525.089,0.312
7246,decode,7,8,260,183533.027,183533.317,0.289
7247,decode,7,8,261,183541.368,183541.654,0.286
7248,decode,6,8,262,183549.794,183550.092,0.298
7249,decode,6,8,263,183558.035,183558.323,0.288
7250,decode,6,8,264,183566.304,183566.59,0.286
7251,decode,6,8,265,183574.595,183574.898,0.303
7252,decode,5,8,265,183583.012,183583.301,0.288
7253,decode,5,8,266,183591.171,183591.457,0.286
7254,decode,3,4,267,183599.597,183599.873,0.277
7255,decode,3,4,268,183607.646,183607.918,0.273
7256,decode,3,4,269,183615.752,183616.034,0.282
7257,decode,1,1,269,183624.171,183624.584,0.413
7258,decode,1,1,270,183632.095,183632.468,0.372
7259,decode,1,1,271,183640.195,183640.563,0.368
7260,prefill,47,8192,273,183661.427,183673.363,11.936
7261,decode,43,48,274,183677.574,183678.056,0.482
7262,decode,34,40,275,184002.807,184003.291,0.483
7263,decode,28,32,276,184008.78,184009.189,0.409
7264,decode,27,32,277,184018.547,184018.93,0.383
7265,decode,19,24,278,184029.805,184030.205,0.4
7266,decode,17,24,279,184038.603,184038.956,0.352
7267,decode,14,16,280,184048.153,184048.484,0.331
7268,decode,11,16,281,184057.518,184057.839,0.32
7269,decode,7,8,279,184066.596,184066.892,0.295
7270,decode,5,8,280,184075.193,184075.481,0.288
7271,decode,4,4,281,184083.456,184083.733,0.277
7272,decode,2,2,280,184091.897,184092.178,0.281
7273,prefill,40,8192,262,184111.156,184123.055,11.9
7274,decode,37,40,263,184127.187,184127.625,0.438
7275,decode,33,40,264,184451.182,184451.613,0.431
7276,decode,25,32,261,184458.236,184458.627,0.392
7277,decode,15,16,257,184468.715,184469.125,0.41
7278,decode,12,16,231,184477.729,184478.07,0.341
7279,decode,8,8,232,184486.97,184487.279,0.31
7280,decode,5,8,233,184495.848,184496.158,0.311
7281,decode,5,8,234,184504.05,184504.349,0.299
7282,decode,4,4,233,184512.665,184512.951,0.286
7283,decode,2,2,224,184521.272,184521.548,0.276
7284,decode,2,2,225,184529.378,184529.638,0.26
7285,decode,1,1,226,184537.57,184537.983,0.413
7286,decode,1,1,227,184545.546,184545.923,0.378
7287,prefill,56,8192,257,184567.309,184579.396,12.087
7288,decode,53,56,258,184583.724,184584.236,0.512
7289,decode,39,40,259,184906.68,184907.158,0.478
7290,decode,29,32,259,184912.168,184912.673,0.505
7291,decode,24,24,260,184921.516,184921.915,0.4
7292,decode,20,24,261,184931.073,184931.427,0.355
7293,decode,16,16,262,184940.342,184940.675,0.332
7294,decode,13,16,263,184949.438,184949.759,0.321
7295,decode,12,16,264,184958.141,184958.465,0.324
7296,decode,9,16,265,184967.206,184967.524,0.319
7297,decode,4,4,258,184976.038,184976.32,0.282
7298,decode,1,1,104,184984.339,184984.74,0.401
7299,prefill,42,8192,245,185003.264,185015.161,11.897
7300,decode,39,40,246,185031.918,185032.369,0.451
7301,decode,33,40,247,185340.616,185341.062,0.447
7302,decode,29,32,248,185346.542,185346.929,0.387
7303,decode,25,32,249,185356.976,185357.373,0.397
7304,decode,21,24,247,185366.911,185367.284,0.372
7305,decode,20,24,248,185376.19,185376.541,0.351
7306,decode,18,24,249,185385.561,185385.92,0.358
7307,decode,15,16,250,185394.771,185395.107,0.336
7308,decode,12,16,251,185403.955,185404.283,0.328
7309,decode,9,16,252,185412.908,185413.241,0.333
7310,decode,8,8,253,185421.458,185421.751,0.293
7311,decode,7,8,254,185430.14,185430.434,0.294
7312,decode,7,8,255,185438.515,185438.811,0.296
7313,decode,6,8,256,185447.089,185447.384,0.295
7314,decode,3,4,257,185455.705,185455.99,0.285
7315,decode,3,4,258,185463.675,185463.957,0.281
7316,decode,3,4,259,185471.857,185472.147,0.291
7317,decode,3,4,260,185480.085,185480.363,0.278
7318,decode,3,4,261,185488.272,185488.55,0.278
7319,decode,3,4,262,185496.47,185496.746,0.277
7320,decode,2,2,231,185504.934,185505.211,0.277
7321,decode,2,2,232,185512.916,185513.189,0.273
7322,decode,2,2,233,185520.909,185521.184,0.275
7323,decode,2,2,234,185528.942,185529.225,0.282
7324,decode,2,2,235,185536.957,185537.225,0.268
7325,decode,2,2,236,185544.985,185545.255,0.27
7326,decode,1,1,235,185553.163,185553.567,0.404
7327,decode,1,1,236,185561.071,185561.444,0.373
7328,prefill,55,8192,253,185583.543,185595.901,12.358
7329,decode,48,48,254,185597.524,185597.987,0.463
7330,decode,43,48,250,185925.416,185925.917,0.501
7331,decode,34,40,250,185931.163,185931.595,0.432
7332,decode,33,40,251,185940.902,185941.327,0.425
7333,decode,29,32,252,185951.302,185951.689,0.387
7334,decode,22,24,253,185961.58,185961.944,0.363
7335,decode,16,16,254,185971.123,185971.478,0.355
7336,decode,13,16,252,185980.017,185980.341,0.324
7337,decode,11,16,241,185988.816,185989.151,0.335
7338,decode,9,16,242,185997.714,185998.049,0.334
7339,decode,5,8,243,186006.572,186006.866,0.294
7340,decode,4,4,241,186014.877,186015.169,0.292
7341,decode,4,4,242,186022.969,186023.258,0.29
7342,decode,3,4,243,186031.444,186031.716,0.271
7343,decode,1,1,244,186039.634,186040.054,0.42
7344,decode,1,1,245,186047.554,186047.924,0.37
7345,prefill,59,8192,272,186070.419,186082.469,12.05
7346,decode,54,56,273,186084.185,186084.674,0.489
7347,decode,50,56,274,186412.781,186413.41,0.629
7348,decode,44,48,275,186416.949,186417.417,0.468
7349,decode,34,40,276,186428.231,186428.654,0.423
7350,decode,30,32,277,186438.067,186438.456,0.389
7351,decode,28,32,278,186447.809,186448.201,0.393
7352,decode,27,32,279,186457.355,186457.737,0.382
7353,decode,24,24,280,186467.064,186467.425,0.362
7354,decode,22,24,281,186476.398,186476.745,0.347
7355,decode,21,24,282,186485.455,186485.802,0.347
7356,decode,15,16,263,186495.148,186495.476,0.327
7357,decode,15,16,264,186503.529,186503.848,0.319
7358,decode,11,16,265,186512.782,186513.111,0.329
7359,decode,8,8,205,186521.231,186521.524,0.293
7360,decode,7,8,206,186529.803,186530.1,0.297
7361,decode,5,8,207,186538.136,186538.42,0.284
7362,decode,3,4,208,186546.403,186546.68,0.277
7363,decode,3,4,209,186554.393,186554.661,0.269
7364,decode,2,2,149,186562.624,186562.891,0.268
7365,decode,1,1,148,186570.783,186571.216,0.433
7366,decode,1,1,149,186578.662,186579.044,0.383
7367,decode,1,1,150,186586.824,186587.21,0.386
7368,decode,1,1,151,186594.987,186595.374,0.387
7369,prefill,49,8192,273,186617.951,186630.074,12.123
7370,decode,45,48,274,186634.264,186634.726,0.462
7371,decode,41,48,275,186957.991,186958.46,0.468
7372,decode,36,40,276,186964.105,186964.524,0.419
7373,decode,30,32,277,186975.154,186975.539,0.385
7374,decode,21,24,263,186985.668,186986.033,0.366
7375,decode,15,16,250,186995.221,186995.544,0.323
7376,decode,10,16,248,187004.434,187004.747,0.313
7377,decode,8,8,249,187013.062,187013.373,0.311
7378,decode,7,8,250,187021.733,187022.034,0.3
7379,decode,5,8,251,187030.385,187030.671,0.285
7380,decode,4,4,252,187038.831,187039.142,0.311
7381,decode,3,4,253,187047.068,187047.338,0.27
7382,decode,2,2,252,187055.356,187055.62,0.264
7383,decode,2,2,253,187063.5,187063.761,0.261
7384,decode,2,2,254,187071.536,187071.795,0.259
7385,prefill,70,8192,273,187095.907,187108.041,12.134
7386,decode,68,72,274,187112.48,187113.046,0.566
7387,decode,62,64,275,187436.753,187437.287,0.534
7388,decode,52,56,276,187442.361,187442.845,0.484
7389,decode,45,48,277,187453.012,187453.464,0.452
7390,decode,38,40,278,187463.614,187464.051,0.437
7391,decode,32,32,279,187473.628,187474.028,0.399
7392,decode,25,32,280,187483.654,187484.048,0.394
7393,decode,23,24,281,187492.439,187492.795,0.356
7394,decode,18,24,282,187502.02,187502.368,0.348
7395,decode,12,16,283,187511.12,187511.444,0.324
7396,decode,11,16,284,187519.542,187519.857,0.315
7397,decode,8,8,285,187528.308,187528.598,0.29
7398,decode,6,8,286,187536.807,187537.107,0.3
7399,decode,5,8,287,187545.087,187545.374,0.287
7400,decode,3,4,288,187553.612,187553.89,0.277
7401,decode,3,4,289,187561.538,187561.807,0.269
7402,decode,3,4,290,187569.692,187569.96,0.268
7403,decode,2,2,122,187577.987,187578.269,0.282
7404,decode,1,1,120,187586.146,187586.553,0.407
7405,decode,1,1,121,187593.955,187594.336,0.382
7406,prefill,54,8192,261,187616.24,187628.282,12.043
7407,decode,51,56,262,187632.517,187633.022,0.506
7408,decode,46,48,263,187954.716,187955.211,0.495
7409,decode,39,40,264,187960.496,187960.919,0.423
7410,decode,35,40,265,187970.987,187971.415,0.428
7411,decode,34,40,266,187980.9,187981.319,0.419
7412,decode,30,32,267,187991.332,187991.715,0.383
7413,decode,27,32,268,188001.154,188001.533,0.378
7414,decode,25,32,258,188010.715,188011.114,0.398
7415,decode,24,24,259,188019.938,188020.307,0.369
7416,decode,20,24,260,188029.543,188029.893,0.349
7417,decode,16,16,261,188038.592,188038.922,0.329
7418,decode,12,16,262,188047.573,188047.893,0.319
7419,decode,10,16,263,188056.168,188056.486,0.318
7420,decode,7,8,264,188064.987,188065.293,0.306
7421,decode,4,4,265,188073.488,188073.764,0.276
7422,decode,2,2,261,188081.712,188081.978,0.267
7423,decode,1,1,168,188089.816,188090.231,0.416
7424,decode,1,1,169,188097.717,188098.097,0.381
7425,decode,1,1,170,188105.891,188106.269,0.378
7426,decode,1,1,171,188114.094,188114.461,0.367
7427,decode,1,1,172,188122.259,188122.627,0.368
7428,decode,1,1,173,188130.442,188130.809,0.367
7429,decode,1,1,174,188138.607,188138.973,0.366
7430,decode,1,1,175,188146.767,188147.146,0.379
7431,prefill,52,8192,264,188168.64,188180.648,12.008
7432,decode,50,56,265,188184.822,188185.33,0.508
7433,decode,47,48,266,188508.88,188509.382,0.501
7434,decode,36,40,267,188515.431,188515.85,0.419
7435,decode,28,32,268,188525.927,188526.329,0.402
7436,decode,22,24,269,188535.932,188536.321,0.389
7437,decode,16,16,270,188545.613,188545.936,0.323
7438,decode,14,16,271,188554.506,188554.823,0.317
7439,decode,10,16,272,188563.697,188564.027,0.33
7440,decode,7,8,273,188572.535,188572.83,0.294
7441,decode,4,4,230,188581.068,188581.35,0.281
7442,decode,3,4,231,188589.298,188589.564,0.267
7443,decode,2,2,232,188597.596,188597.861,0.264
7444,decode,2,2,233,188605.757,188606.054,0.297
7445,decode,1,1,234,188613.983,188614.46,0.477
7446,prefill,58,8192,266,188639.189,188653.235,14.046
7447,decode,54,56,267,188658.484,188659.027,0.543
7448,decode,46,48,268,188979.956,188980.532,0.575
7449,decode,36,40,269,188984.849,188985.286,0.437
7450,decode,32,32,270,188994.963,188995.37,0.407
7451,decode,22,24,271,189005.75,189006.12,0.37
7452,decode,15,16,272,189015.241,189015.572,0.331
7453,decode,9,16,273,189024.551,189024.872,0.321
7454,decode,6,8,230,189033.104,189033.402,0.298
7455,decode,5,8,219,189041.628,189041.912,0.284
7456,decode,5,8,220,189049.967,189050.273,0.306
7457,decode,5,8,221,189058.416,189058.7,0.284
7458,decode,1,1,186,189067.152,189067.57,0.418
7459,decode,1,1,187,189075.101,189075.473,0.372
7460,decode,1,1,188,189083.439,189083.811,0.372
7461,prefill,53,8192,258,189105.967,189118.03,12.062
7462,decode,50,56,259,189122.217,189122.718,0.502
7463,decode,45,48,260,189445.062,189445.541,0.479
7464,decode,37,40,261,189450.591,189451.023,0.432
7465,decode,30,32,262,189461.207,189461.592,0.385
7466,decode,26,32,263,189471.088,189471.465,0.377
7467,decode,24,24,264,189480.812,189481.211,0.399
7468,decode,20,24,265,189490.579,189490.931,0.352
7469,decode,16,16,266,189499.838,189500.181,0.343
7470,decode,14,16,257,189508.671,189508.988,0.317
7471,decode,8,8,258,189518.075,189518.373,0.298
7472,decode,6,8,259,189526.456,189526.74,0.284
7473,decode,4,4,260,189534.803,189535.091,0.288
7474,decode,3,4,261,189543.092,189543.36,0.268
7475,decode,3,4,262,189551.189,189551.457,0.268
7476,decode,1,1,263,189559.627,189560.056,0.429
7477,decode,1,1,264,189567.534,189567.906,0.372
7478,decode,1,1,265,189575.669,189576.077,0.408
7479,decode,1,1,266,189583.872,189584.256,0.384
7480,decode,1,1,267,189592.192,189592.563,0.37
7481,decode,1,1,268,189600.199,189600.571,0.372
7482,prefill,54,8192,255,189623.291,189635.476,12.184
7483,decode,51,56,256,189639.833,189640.345,0.513
7484,decode,45,48,257,189962.214,189962.689,0.474
7485,decode,40,40,258,189967.551,189967.971,0.42
7486,decode,33,40,259,189978.659,189979.082,0.423
7487,decode,27,32,260,189988.893,189989.296,0.403
7488,decode,22,24,261,189998.823,189999.192,0.369
7489,decode,22,24,262,190007.784,190008.145,0.361
7490,decode,18,24,259,190017.598,190017.944,0.346
7491,decode,12,16,260,190026.962,190027.301,0.339
7492,decode,10,16,259,190035.602,190035.918,0.317
7493,decode,8,8,251,190044.301,190044.59,0.29
7494,decode,7,8,247,190052.947,190053.245,0.298
7495,decode,4,4,248,190061.607,190061.882,0.275
7496,decode,2,2,249,190069.879,190070.162,0.283
7497,decode,1,1,245,190077.967,190078.384,0.417
7498,decode,1,1,246,190085.879,190086.282,0.402
7499,prefill,7,1012,251,190095.562,190107.443,11.881
7500,decode,7,8,252,190108.274,190108.567,0.293
7501,decode,7,8,253,190144.437,190144.724,0.287
7502,decode,6,8,254,190152.574,190152.859,0.285
7503,decode,5,8,235,190161.411,190161.697,0.286
7504,decode,5,8,236,190170.169,190170.452,0.283
7505,decode,4,4,237,190178.962,190179.248,0.286
7506,decode,4,4,238,190187.46,190187.728,0.267
7507,decode,3,4,239,190196.141,190196.409,0.268
7508,decode,1,1,224,190204.651,190205.059,0.408
7509,decode,1,1,225,190212.694,190213.08,0.386
7510,decode,1,1,226,190220.916,190221.3,0.384
