iter,type,batch_size,num_tokens,max_seq_len,t_start_ms,t_end_ms,duration_ms
0,prefill,1,223,224,0.0,43.247,43.247
1,prefill,30,6630,253,48.801,341.025,292.225
2,decode,30,32,254,417.191,418.164,0.973
3,decode,26,32,53,614.014,614.546,0.532
4,decode,26,32,54,616.103,616.509,0.406
5,decode,21,24,54,624.974,625.627,0.653
6,decode,18,24,55,633.525,633.896,0.371
7,decode,13,16,56,642.252,642.89,0.638
8,decode,10,16,57,650.402,650.742,0.339
9,decode,8,8,58,658.49,659.093,0.603
10,decode,6,8,58,666.663,666.958,0.296
11,decode,5,8,59,674.705,675.003,0.298
12,decode,4,4,57,682.72,683.301,0.581
13,decode,3,4,58,690.795,691.079,0.283
14,decode,3,4,59,698.663,698.943,0.28
15,decode,3,4,60,706.622,706.89,0.267
16,decode,2,2,61,714.739,715.299,0.56
17,decode,2,2,62,722.598,722.871,0.273
18,decode,2,2,63,730.418,730.696,0.279
19,decode,2,2,64,738.296,738.555,0.259
20,decode,1,1,65,746.511,747.27,0.759
21,prefill,62,8192,238,765.395,778.342,12.947
22,prefill,44,8192,248,785.707,797.256,11.548
23,decode,102,104,249,1095.464,1096.51,1.047
24,decode,78,80,250,1416.694,1417.607,0.913
25,decode,64,64,251,1427.951,1428.797,0.846
26,decode,53,56,242,1437.817,1438.628,0.811
27,decode,44,48,243,1448.53,1449.3,0.77
28,decode,38,40,244,1458.422,1459.144,0.722
29,decode,26,32,245,1469.276,1469.685,0.409
30,decode,18,24,246,1478.293,1478.67,0.377
31,decode,13,16,247,1486.937,1487.264,0.327
32,decode,12,16,248,1495.365,1495.695,0.33
33,decode,11,16,249,1504.003,1504.316,0.313
34,decode,8,8,250,1512.879,1513.187,0.308
35,decode,7,8,251,1521.229,1521.513,0.284
36,decode,5,8,252,1529.63,1529.913,0.284
37,decode,5,8,253,1537.65,1537.934,0.284
38,decode,4,4,254,1545.963,1546.247,0.284
39,decode,3,4,255,1554.265,1554.53,0.266
40,decode,1,1,256,1562.633,1563.059,0.426
41,decode,1,1,257,1570.302,1570.697,0.395
42,decode,1,1,258,1578.396,1578.795,0.399
43,decode,1,1,259,1586.505,1586.891,0.386
44,prefill,55,8192,257,1603.96,1616.102,12.142
45,prefill,43,8192,224,1623.247,1634.871,11.624
46,decode,94,96,258,1935.949,1936.925,0.976
47,decode,77,80,259,2260.018,2260.622,0.604
48,decode,70,72,260,2270.403,2271.296,0.892
49,decode,60,64,261,2281.346,2281.871,0.525
50,decode,44,48,262,2293.704,2294.161,0.457
51,decode,36,40,263,2303.524,2303.957,0.433
52,decode,27,32,264,2313.9,2314.283,0.382
53,decode,21,24,265,2323.199,2323.553,0.354
54,decode,17,24,266,2332.218,2332.575,0.357
55,decode,15,16,267,2340.953,2341.279,0.327
56,decode,13,16,256,2349.935,2350.256,0.32
57,decode,10,16,231,2358.7,2359.017,0.317
58,decode,7,8,232,2367.182,2367.474,0.291
59,decode,5,8,212,2375.68,2375.964,0.284
60,decode,5,8,213,2383.79,2384.073,0.283
61,decode,5,8,214,2391.844,2392.123,0.28
62,decode,4,4,215,2400.132,2400.405,0.273
63,decode,3,4,205,2408.377,2408.659,0.282
64,decode,3,4,206,2416.404,2416.679,0.275
65,decode,1,1,207,2424.725,2425.118,0.393
66,decode,1,1,208,2432.543,2432.933,0.391
67,decode,1,1,209,2440.657,2441.029,0.371
68,decode,1,1,210,2448.78,2449.157,0.377
69,decode,1,1,211,2456.918,2457.285,0.368
70,decode,1,1,212,2465.004,2465.37,0.366
71,decode,1,1,213,2473.087,2473.455,0.368
72,decode,1,1,214,2481.159,2481.526,0.367
73,prefill,50,8192,260,2497.626,2509.571,11.945
74,prefill,41,8192,259,2516.325,2527.862,11.538
75,decode,82,88,261,2828.466,2829.429,0.964
76,decode,61,64,262,3155.516,3156.222,0.706
77,decode,49,56,263,3164.35,3164.864,0.514
78,decode,37,40,264,3174.28,3174.733,0.453
79,decode,29,32,265,3184.368,3184.771,0.403
80,decode,25,32,266,3194.05,3194.431,0.381
81,decode,17,24,267,3203.87,3204.225,0.355
82,decode,13,16,268,3212.615,3212.953,0.338
83,decode,13,16,269,3221.231,3221.544,0.313
84,decode,9,16,259,3230.411,3230.735,0.324
85,decode,8,8,260,3238.756,3239.052,0.296
86,decode,6,8,261,3247.382,3247.68,0.298
87,decode,5,8,256,3255.538,3255.842,0.304
88,decode,3,4,234,3263.909,3264.2,0.29
89,decode,3,4,235,3271.897,3272.163,0.267
90,decode,3,4,236,3279.986,3280.254,0.268
91,decode,2,2,237,3288.16,3288.436,0.277
92,decode,1,1,238,3296.247,3296.667,0.42
93,prefill,50,8192,251,3312.276,3324.685,12.408
94,prefill,36,8192,266,3330.729,3342.291,11.562
95,decode,78,80,267,3644.705,3645.413,0.708
96,decode,63,64,267,3970.097,3970.743,0.646
97,decode,54,56,268,3980.164,3980.67,0.507
98,decode,36,40,263,3990.946,3991.376,0.43
99,decode,29,32,264,4000.336,4000.74,0.405
100,decode,19,24,265,4010.671,4011.032,0.362
101,decode,11,16,266,4019.747,4020.075,0.329
102,decode,10,16,267,4028.064,4028.388,0.324
103,decode,8,8,260,4036.826,4037.125,0.299
104,decode,6,8,230,4045.527,4045.829,0.302
105,decode,4,4,231,4053.873,4054.157,0.284
106,decode,4,4,232,4061.889,4062.156,0.267
107,decode,2,2,233,4070.268,4070.541,0.274
108,decode,2,2,234,4078.218,4078.474,0.256
109,decode,1,1,234,4086.32,4086.755,0.435
110,decode,1,1,235,4094.21,4094.606,0.397
111,decode,1,1,236,4102.319,4102.703,0.385
112,prefill,66,8192,264,4121.216,4133.536,12.32
113,prefill,39,8192,238,4140.112,4151.705,11.593
114,decode,94,96,265,4455.535,4456.436,0.901
115,decode,81,88,266,4777.325,4778.134,0.809
116,decode,65,72,267,4788.098,4788.792,0.693
117,decode,47,48,268,4799.389,4799.968,0.579
118,decode,40,40,269,4809.523,4810.055,0.533
119,decode,31,32,270,4819.881,4820.363,0.482
120,decode,25,32,260,4829.469,4829.867,0.397
121,decode,17,24,261,4838.991,4839.439,0.448
122,decode,13,16,262,4847.61,4848.027,0.418
123,decode,10,16,263,4856.271,4856.602,0.331
124,decode,7,8,264,4865.034,4865.422,0.388
125,decode,4,4,265,4873.391,4873.781,0.389
126,decode,3,4,266,4881.546,4881.834,0.288
127,decode,1,1,167,4889.643,4890.306,0.664
128,decode,1,1,168,4897.643,4898.013,0.37
129,decode,1,1,169,4905.693,4906.067,0.374
130,decode,1,1,170,4913.815,4914.187,0.373
131,prefill,45,8192,288,4929.612,4941.971,12.359
132,prefill,41,8192,288,4949.087,4960.756,11.669
133,decode,78,80,289,5262.912,5263.69,0.778
134,decode,68,72,290,5589.239,5589.9,0.66
135,decode,54,56,291,5598.503,5599.131,0.628
136,decode,42,48,292,5609.671,5610.126,0.456
137,decode,35,40,293,5619.792,5620.21,0.418
138,decode,25,32,294,5630.522,5630.925,0.403
139,decode,20,24,276,5639.716,5640.068,0.352
140,decode,17,24,277,5648.983,5649.351,0.369
141,decode,10,16,272,5658.458,5658.796,0.338
142,decode,7,8,273,5666.99,5667.282,0.292
143,decode,6,8,274,5675.419,5675.715,0.296
144,decode,3,4,268,5683.989,5684.263,0.274
145,decode,2,2,269,5691.985,5692.351,0.366
146,decode,2,2,270,5700.011,5700.267,0.256
147,decode,1,1,240,5708.149,5708.537,0.388
148,prefill,42,8192,269,5722.42,5734.42,12.0
149,prefill,42,8192,265,5741.423,5753.037,11.614
150,decode,74,80,270,6054.667,6055.329,0.662
151,decode,62,64,271,6381.768,6382.434,0.666
152,decode,48,48,272,6390.686,6391.147,0.46
153,decode,38,40,273,6400.747,6401.171,0.425
154,decode,32,32,274,6410.727,6411.11,0.382
155,decode,24,24,265,6420.807,6421.157,0.35
156,decode,15,16,266,6430.386,6430.717,0.33
157,decode,10,16,267,6439.129,6439.444,0.315
158,decode,5,8,268,6447.818,6448.107,0.29
159,decode,5,8,269,6455.768,6456.056,0.289
160,decode,2,2,270,6464.315,6464.591,0.277
161,decode,2,2,271,6472.158,6472.42,0.261
162,decode,2,2,272,6480.215,6480.472,0.257
163,decode,1,1,273,6488.245,6488.655,0.41
164,decode,1,1,274,6496.138,6496.506,0.369
165,decode,1,1,275,6504.247,6504.631,0.384
166,decode,1,1,276,6512.36,6512.741,0.38
167,decode,1,1,277,6520.467,6520.848,0.381
168,prefill,57,8192,274,6538.118,6550.131,12.013
169,prefill,41,8192,271,6556.972,6568.594,11.622
170,decode,90,96,275,6873.296,6874.005,0.709
171,decode,73,80,276,7199.044,7199.736,0.692
172,decode,56,56,277,7210.53,7211.04,0.511
173,decode,50,56,278,7218.455,7218.945,0.49
174,decode,37,40,279,7229.789,7230.214,0.424
175,decode,31,32,270,7239.265,7239.672,0.407
176,decode,25,32,271,7248.92,7249.301,0.381
177,decode,21,24,272,7258.222,7258.586,0.364
178,decode,15,16,273,7267.53,7267.87,0.34
179,decode,14,16,274,7275.945,7276.261,0.317
180,decode,13,16,275,7284.776,7285.1,0.324
181,decode,12,16,276,7293.4,7293.734,0.334
182,decode,9,16,277,7302.308,7302.633,0.324
183,decode,7,8,278,7310.75,7311.047,0.298
184,decode,4,4,254,7319.348,7319.679,0.33
185,decode,2,2,197,7327.392,7327.685,0.293
186,decode,2,2,198,7335.319,7335.593,0.274
187,decode,2,2,199,7343.277,7343.537,0.261
188,decode,1,1,199,7351.331,7351.752,0.421
189,decode,1,1,200,7359.227,7359.608,0.381
190,decode,1,1,201,7367.284,7367.67,0.386
191,decode,1,1,202,7375.399,7375.782,0.383
192,prefill,52,8192,272,7392.34,7404.473,12.133
193,prefill,39,8192,277,7411.368,7422.983,11.615
194,decode,83,88,278,7724.236,7724.922,0.686
195,decode,69,72,279,8050.465,8051.064,0.599
196,decode,49,56,280,8061.728,8062.219,0.491
197,decode,35,40,281,8071.632,8072.049,0.417
198,decode,26,32,282,8081.332,8081.724,0.393
199,decode,21,24,283,8090.916,8091.271,0.355
200,decode,18,24,284,8100.242,8100.599,0.357
201,decode,14,16,285,8109.501,8109.839,0.338
202,decode,9,16,286,8118.926,8119.237,0.311
203,decode,7,8,287,8127.299,8127.621,0.322
204,decode,6,8,288,8135.851,8136.135,0.283
205,decode,3,4,289,8144.483,8144.769,0.286
206,decode,1,1,290,8152.605,8153.002,0.397
207,decode,1,1,291,8160.476,8160.862,0.386
208,decode,1,1,292,8168.609,8168.976,0.368
209,prefill,47,8192,253,8184.03,8196.186,12.156
210,prefill,46,8192,267,8203.891,8215.555,11.663
211,decode,77,80,268,8518.957,8519.596,0.639
212,decode,68,72,255,8846.266,8846.896,0.631
213,decode,53,56,256,8854.386,8854.905,0.519
214,decode,48,48,257,8864.747,8865.195,0.449
215,decode,44,48,258,8875.151,8875.598,0.447
216,decode,30,32,259,8886.419,8886.821,0.402
217,decode,25,32,260,8895.688,8896.076,0.387
218,decode,21,24,261,8904.837,8905.194,0.357
219,decode,17,24,259,8913.977,8914.325,0.348
220,decode,14,16,260,8923.013,8923.349,0.336
221,decode,13,16,261,8931.604,8931.921,0.317
222,decode,11,16,259,8940.305,8940.633,0.328
223,decode,10,16,260,8949.283,8949.815,0.532
224,decode,9,16,261,8957.341,8957.671,0.33
225,decode,8,8,262,8965.797,8966.09,0.293
226,decode,5,8,263,8974.549,8974.843,0.294
227,decode,5,8,264,8982.456,8982.749,0.293
228,decode,4,4,265,8990.752,8991.032,0.28
229,decode,3,4,266,8998.959,8999.232,0.273
230,decode,1,1,128,9007.163,9007.596,0.433
231,decode,1,1,129,9014.995,9015.368,0.373
232,prefill,64,8192,276,9033.837,9046.136,12.299
233,prefill,36,8192,286,9052.362,9064.421,12.059
234,decode,97,104,287,9366.68,9367.516,0.837
235,decode,87,88,288,9690.438,9691.125,0.687
236,decode,75,80,289,9701.344,9701.948,0.604
237,decode,63,64,290,9713.037,9713.583,0.546
238,decode,55,56,291,9724.506,9725.001,0.495
239,decode,38,40,292,9736.322,9736.76,0.438
240,decode,28,32,293,9746.356,9746.766,0.41
241,decode,26,32,294,9755.116,9755.496,0.38
242,decode,22,24,295,9764.712,9765.064,0.351
243,decode,17,24,296,9774.13,9774.475,0.345
244,decode,15,16,297,9782.918,9783.24,0.322
245,decode,15,16,298,9791.762,9792.077,0.315
246,decode,13,16,299,9800.801,9801.116,0.315
247,decode,12,16,294,9809.439,9809.768,0.329
248,decode,8,8,295,9818.292,9818.594,0.303
249,decode,6,8,296,9826.798,9827.079,0.281
250,decode,6,8,297,9834.828,9835.108,0.281
251,decode,5,8,298,9843.214,9843.505,0.29
252,decode,5,8,299,9851.301,9851.601,0.3
253,decode,4,4,300,9859.634,9859.908,0.274
254,decode,4,4,301,9867.768,9868.034,0.267
255,decode,3,4,302,9876.005,9876.271,0.266
256,decode,2,2,303,9884.128,9884.396,0.268
257,decode,2,2,304,9892.104,9892.361,0.258
258,decode,2,2,305,9900.099,9900.355,0.256
259,decode,2,2,306,9908.107,9908.365,0.258
260,decode,2,2,307,9916.172,9916.429,0.258
261,decode,2,2,308,9924.033,9924.294,0.261
262,decode,1,1,309,9932.131,9932.524,0.393
263,decode,1,1,310,9939.952,9940.324,0.372
264,decode,1,1,311,9948.013,9948.383,0.37
265,decode,1,1,312,9956.229,9956.608,0.379
266,decode,1,1,313,9964.161,9964.527,0.366
267,decode,1,1,314,9972.254,9972.633,0.378
268,decode,1,1,315,9980.364,9980.741,0.377
269,prefill,64,8192,249,9999.279,10011.396,12.118
270,prefill,42,8192,267,10018.438,10030.026,11.588
271,decode,101,104,268,10332.542,10333.291,0.75
272,decode,93,96,269,10658.157,10658.879,0.721
273,decode,80,80,270,10669.068,10669.693,0.625
274,decode,65,72,271,10681.297,10681.865,0.569
275,decode,55,56,272,10693.124,10693.623,0.499
276,decode,47,48,262,10705.067,10705.515,0.448
277,decode,41,48,258,10715.98,10716.427,0.447
278,decode,34,40,256,10726.913,10727.327,0.415
279,decode,29,32,257,10736.85,10737.243,0.393
280,decode,26,32,258,10746.612,10746.986,0.374
281,decode,16,16,259,10756.577,10756.903,0.326
282,decode,14,16,260,10764.895,10765.209,0.313
283,decode,14,16,261,10773.234,10773.545,0.311
284,decode,11,16,262,10782.271,10782.595,0.323
285,decode,9,16,263,10790.902,10791.213,0.311
286,decode,8,8,264,10799.323,10799.643,0.32
287,decode,7,8,261,10807.855,10808.138,0.283
288,decode,7,8,262,10816.148,10816.429,0.281
289,decode,4,4,263,10824.74,10825.015,0.275
290,decode,2,2,264,10832.927,10833.192,0.265
291,decode,1,1,230,10840.905,10841.301,0.396
292,decode,1,1,231,10848.762,10849.128,0.366
293,prefill,58,8192,277,10866.94,10879.555,12.615
294,prefill,40,8192,266,10886.773,10898.938,12.165
295,decode,94,96,278,11200.944,11201.649,0.705
296,decode,78,80,279,11526.88,11527.601,0.721
297,decode,66,72,280,11537.388,11537.962,0.575
298,decode,54,56,281,11548.323,11548.829,0.507
299,decode,42,48,278,11560.165,11560.641,0.476
300,decode,37,40,279,11570.12,11570.535,0.415
301,decode,29,32,280,11580.427,11580.827,0.4
302,decode,24,24,281,11590.036,11590.393,0.357
303,decode,19,24,282,11599.472,11599.838,0.366
304,decode,12,16,276,11608.846,11609.167,0.321
305,decode,9,16,272,11617.441,11617.778,0.337
306,decode,5,8,273,11626.181,11626.488,0.307
307,decode,4,4,274,11634.408,11634.693,0.285
308,decode,3,4,275,11642.658,11642.928,0.271
309,decode,1,1,276,11651.027,11651.43,0.404
310,decode,1,1,277,11658.89,11659.259,0.37
311,decode,1,1,278,11666.999,11667.369,0.371
312,decode,1,1,279,11675.101,11675.473,0.371
313,decode,1,1,280,11683.208,11683.587,0.38
314,decode,1,1,281,11691.322,11691.725,0.403
315,decode,1,1,282,11699.445,11699.825,0.38
316,decode,1,1,283,11707.541,11707.924,0.383
317,decode,1,1,284,11715.664,11716.042,0.378
318,prefill,58,8192,266,11733.649,11745.758,12.109
319,prefill,45,8192,268,11753.446,11765.081,11.635
320,decode,96,96,269,12068.35,12069.052,0.702
321,decode,87,88,270,12393.662,12394.316,0.653
322,decode,75,80,271,12403.232,12403.828,0.596
323,decode,63,64,272,12414.691,12415.22,0.529
324,decode,51,56,273,12426.575,12427.067,0.493
325,decode,48,48,274,12436.533,12436.995,0.462
326,decode,44,48,275,12447.139,12447.597,0.459
327,decode,40,40,276,12457.41,12457.843,0.433
328,decode,29,32,277,12468.451,12468.864,0.414
329,decode,22,24,275,12477.805,12478.163,0.358
330,decode,17,24,276,12486.783,12487.127,0.344
331,decode,13,16,277,12495.539,12495.879,0.34
332,decode,11,16,278,12504.267,12504.596,0.329
333,decode,7,8,279,12513.052,12513.349,0.297
334,decode,6,8,280,12521.295,12521.59,0.295
335,decode,5,8,281,12529.521,12529.815,0.294
336,decode,5,8,282,12537.698,12537.982,0.284
337,decode,5,8,283,12545.952,12546.236,0.284
338,decode,2,2,284,12554.414,12554.7,0.286
339,decode,1,1,218,12562.405,12562.835,0.429
340,decode,1,1,219,12570.343,12570.723,0.381
341,decode,1,1,220,12578.362,12578.744,0.382
342,prefill,37,8192,270,12592.621,12604.793,12.172
343,prefill,36,8192,258,12611.156,12622.762,11.606
344,decode,69,72,271,12926.135,12926.735,0.6
345,decode,59,64,272,13255.513,13256.212,0.699
346,decode,52,56,273,13264.296,13264.817,0.521
347,decode,40,40,274,13275.505,13275.961,0.455
348,decode,32,32,275,13286.118,13286.517,0.399
349,decode,27,32,276,13295.794,13296.182,0.388
350,decode,25,32,277,13305.38,13305.773,0.393
351,decode,22,24,278,13314.912,13315.266,0.354
352,decode,14,16,279,13324.793,13325.12,0.327
353,decode,13,16,280,13333.176,13333.49,0.314
354,decode,6,8,276,13342.574,13342.891,0.317
355,decode,3,4,277,13350.79,13351.074,0.284
356,decode,1,1,278,13358.788,13359.196,0.408
357,decode,1,1,279,13366.725,13367.096,0.371
358,decode,1,1,280,13374.846,13375.217,0.372
359,decode,1,1,281,13382.979,13383.35,0.371
360,decode,1,1,282,13391.279,13391.665,0.385
361,decode,1,1,283,13399.218,13399.604,0.386
362,decode,1,1,284,13407.367,13407.751,0.384
363,prefill,50,8192,269,13424.195,13437.027,12.831
364,prefill,40,8192,270,13444.293,13456.513,12.22
365,decode,86,88,271,13759.805,13760.455,0.65
366,decode,74,80,272,14086.517,14087.17,0.653
367,decode,54,56,273,14101.092,14101.589,0.497
368,decode,48,48,274,14106.488,14106.953,0.465
369,decode,36,40,275,14117.781,14118.202,0.421
370,decode,31,32,276,14127.238,14127.634,0.396
371,decode,23,24,277,14137.237,14137.604,0.366
372,decode,16,16,278,14146.662,14146.983,0.321
373,decode,15,16,279,14155.028,14155.345,0.316
374,decode,13,16,280,14164.02,14164.337,0.316
375,decode,12,16,281,14172.636,14172.949,0.313
376,decode,8,8,282,14181.72,14182.011,0.291
377,decode,8,8,283,14189.924,14190.207,0.283
378,decode,8,8,284,14198.311,14198.606,0.295
379,decode,7,8,285,14206.732,14207.019,0.287
380,decode,7,8,286,14215.066,14215.359,0.293
381,decode,6,8,287,14223.387,14223.678,0.291
382,decode,6,8,288,14231.552,14231.856,0.304
383,decode,6,8,289,14239.826,14240.106,0.28
384,decode,6,8,290,14248.123,14248.404,0.281
385,decode,6,8,291,14256.398,14256.69,0.292
386,decode,5,8,292,14264.799,14265.084,0.285
387,decode,5,8,293,14272.921,14273.201,0.28
388,decode,4,4,294,14281.249,14281.521,0.272
389,decode,4,4,295,14289.344,14289.622,0.277
390,decode,2,2,252,14297.658,14297.937,0.278
391,decode,1,1,245,14305.695,14306.09,0.395
392,decode,1,1,246,14313.466,14313.848,0.382
393,decode,1,1,247,14321.535,14321.935,0.4
394,decode,1,1,248,14329.658,14330.033,0.374
395,decode,1,1,249,14337.729,14338.099,0.371
396,prefill,51,8192,252,14354.369,14366.597,12.228
397,prefill,43,8192,247,14374.432,14386.118,11.686
398,decode,91,96,253,14688.595,14689.489,0.894
399,decode,79,80,254,15014.848,15015.618,0.77
400,decode,61,64,255,15025.393,15026.053,0.659
401,decode,53,56,256,15035.619,15036.199,0.58
402,decode,47,48,257,15046.443,15047.021,0.578
403,decode,33,40,258,15058.242,15058.771,0.529
404,decode,24,24,258,15067.865,15068.327,0.462
405,decode,19,24,255,15077.195,15077.547,0.352
406,decode,14,16,254,15086.371,15086.794,0.423
407,decode,9,16,255,15095.584,15095.899,0.315
408,decode,4,4,247,15104.207,15104.606,0.399
409,decode,1,1,224,15112.486,15113.154,0.668
410,decode,1,1,225,15120.4,15120.789,0.389
411,decode,1,1,226,15128.48,15128.875,0.394
412,prefill,57,8192,252,15146.585,15158.827,12.242
413,prefill,41,8192,257,15166.317,15178.454,12.137
414,decode,94,96,258,15483.789,15484.603,0.814
415,decode,81,88,259,15812.287,15813.065,0.778
416,decode,69,72,260,15822.524,15823.196,0.671
417,decode,50,56,261,15833.844,15834.33,0.486
418,decode,44,48,262,15844.117,15844.577,0.46
419,decode,37,40,263,15854.504,15854.935,0.432
420,decode,31,32,264,15864.757,15865.235,0.477
421,decode,25,32,265,15874.505,15874.893,0.388
422,decode,18,24,266,15884.051,15884.4,0.348
423,decode,11,16,267,15893.149,15893.467,0.318
424,decode,8,8,268,15901.699,15902.09,0.391
425,decode,7,8,269,15910.076,15910.37,0.294
426,decode,3,4,211,15918.838,15919.114,0.276
427,decode,2,2,212,15926.779,15927.146,0.367
428,prefill,54,8192,255,15944.734,15956.617,11.884
429,prefill,38,8192,268,15963.344,15975.076,11.731
430,decode,86,88,269,16281.23,16281.898,0.667
431,decode,76,80,269,16610.666,16611.338,0.672
432,decode,60,64,270,16620.297,16620.869,0.572
433,decode,43,48,271,16632.104,16632.579,0.475
434,decode,28,32,260,16642.841,16643.238,0.398
435,decode,18,24,261,16652.241,16652.635,0.394
436,decode,14,16,257,16661.036,16661.371,0.334
437,decode,9,16,258,16670.184,16670.509,0.325
438,decode,7,8,259,16678.666,16678.972,0.306
439,decode,3,4,206,16687.506,16687.804,0.298
440,decode,2,2,207,16695.628,16695.903,0.276
441,decode,1,1,156,16703.722,16704.15,0.428
442,prefill,51,8192,252,16720.457,16732.57,12.112
443,prefill,40,8192,274,16739.691,16751.375,11.684
444,decode,85,88,275,17055.627,17056.3,0.673
445,decode,70,72,276,17383.128,17383.745,0.618
446,decode,50,56,277,17393.524,17394.038,0.514
447,decode,40,40,278,17403.516,17403.957,0.44
448,decode,35,40,279,17413.502,17413.93,0.427
449,decode,29,32,261,17423.602,17423.995,0.393
450,decode,23,24,262,17433.642,17433.999,0.356
451,decode,17,24,263,17443.142,17443.496,0.355
452,decode,16,16,264,17451.744,17452.071,0.326
453,decode,9,16,253,17461.376,17461.708,0.332
454,decode,3,4,244,17469.938,17470.214,0.275
455,decode,2,2,245,17477.804,17478.087,0.283
456,decode,1,1,246,17485.912,17486.319,0.406
457,decode,1,1,247,17493.849,17494.231,0.381
458,decode,1,1,248,17501.999,17502.393,0.394
459,decode,1,1,249,17510.082,17510.464,0.382
460,prefill,40,8192,259,17524.965,17536.927,11.962
461,prefill,39,8192,263,17543.905,17555.654,11.749
462,decode,70,72,261,17861.884,17862.485,0.6
463,decode,59,64,262,18193.131,18193.838,0.707
464,decode,49,56,263,18200.665,18201.17,0.505
465,decode,40,40,264,18210.936,18211.37,0.434
466,decode,31,32,265,18221.651,18222.046,0.395
467,decode,26,32,266,18231.337,18231.752,0.415
468,decode,18,24,267,18241.421,18241.796,0.375
469,decode,15,16,268,18250.047,18250.381,0.334
470,decode,10,16,269,18259.44,18259.774,0.334
471,decode,8,8,262,18267.79,18268.087,0.297
472,decode,4,4,263,18276.718,18277.014,0.296
473,decode,3,4,263,18284.754,18285.019,0.266
474,decode,2,2,264,18292.828,18293.109,0.281
475,decode,2,2,265,18300.899,18301.16,0.261
476,decode,2,2,266,18308.918,18309.183,0.265
477,decode,2,2,267,18316.895,18317.159,0.264
478,decode,1,1,254,18325.004,18325.417,0.413
479,decode,1,1,255,18332.863,18333.252,0.389
480,decode,1,1,256,18341.096,18341.467,0.371
481,prefill,47,8192,263,18357.548,18369.945,12.397
482,prefill,45,8192,270,18377.767,18389.457,11.69
483,decode,87,88,271,18691.841,18692.514,0.673
484,decode,73,80,272,19020.233,19020.88,0.647
485,decode,55,56,273,19030.519,19031.024,0.504
486,decode,44,48,274,19040.796,19041.249,0.453
487,decode,29,32,275,19051.709,19052.099,0.39
488,decode,24,24,269,19060.808,19061.16,0.352
489,decode,22,24,270,19069.976,19070.322,0.345
490,decode,18,24,271,19079.431,19079.794,0.363
491,decode,14,16,272,19088.637,19088.956,0.32
492,decode,10,16,273,19097.567,19097.89,0.323
493,decode,10,16,274,19106.025,19106.338,0.313
494,decode,9,16,275,19114.826,19115.14,0.314
495,decode,6,8,276,19123.758,19124.048,0.291
496,decode,6,8,277,19132.002,19132.286,0.284
497,decode,6,8,278,19140.295,19140.589,0.294
498,decode,4,4,279,19148.917,19149.189,0.272
499,decode,4,4,280,19156.972,19157.248,0.277
500,decode,3,4,271,19165.258,19165.524,0.266
501,decode,2,2,272,19173.283,19173.55,0.267
502,decode,1,1,258,19181.429,19181.844,0.415
503,decode,1,1,259,19189.229,19189.618,0.389
504,decode,1,1,260,19197.332,19197.722,0.39
505,decode,1,1,261,19205.416,19205.803,0.387
506,decode,1,1,262,19213.537,19213.92,0.383
507,decode,1,1,263,19221.67,19222.047,0.377
508,decode,1,1,264,19229.804,19230.175,0.371
509,decode,1,1,265,19237.925,19238.296,0.371
510,decode,1,1,266,19246.014,19246.402,0.389
511,prefill,49,8192,263,19262.546,19274.942,12.396
512,prefill,35,8192,280,19281.486,19293.376,11.89
513,decode,77,80,280,19597.239,19597.894,0.655
514,decode,67,72,281,19924.738,19925.32,0.582
515,decode,54,56,282,19934.51,19935.028,0.518
516,decode,50,56,283,19945.119,19945.602,0.483
517,decode,43,48,284,19956.483,19956.961,0.478
518,decode,32,32,285,19967.502,19967.902,0.4
519,decode,28,32,286,19977.149,19977.526,0.377
520,decode,19,24,277,19987.442,19987.809,0.367
521,decode,15,16,278,19996.155,19996.476,0.321
522,decode,11,16,264,20005.257,20005.582,0.325
523,decode,9,16,265,20013.858,20014.182,0.324
524,decode,9,16,266,20022.32,20022.645,0.325
525,decode,7,8,267,20031.141,20031.432,0.291
526,decode,7,8,268,20039.805,20040.133,0.328
527,decode,6,8,269,20048.086,20048.372,0.286
528,decode,5,8,270,20056.391,20056.688,0.296
529,decode,5,8,271,20064.625,20064.908,0.284
530,decode,4,4,272,20072.997,20073.281,0.284
531,decode,3,4,273,20081.257,20081.522,0.265
532,decode,1,1,271,20089.489,20089.915,0.425
533,decode,1,1,272,20097.363,20097.747,0.384
534,decode,1,1,273,20105.46,20105.851,0.39
535,decode,1,1,274,20113.607,20113.979,0.372
536,decode,1,1,275,20121.806,20122.177,0.37
537,decode,1,1,276,20129.834,20130.202,0.368
538,decode,1,1,277,20138.037,20138.413,0.375
539,decode,1,1,278,20146.182,20146.55,0.368
540,prefill,55,8192,304,20164.12,20176.435,12.315
541,prefill,42,8192,261,20183.626,20195.266,11.64
542,decode,91,96,305,20711.451,20712.259,0.807
543,decode,85,88,306,20828.217,20828.862,0.645
544,decode,74,80,307,20838.151,20838.756,0.604
545,decode,61,64,308,20850.775,20851.292,0.517
546,decode,51,56,309,20862.257,20862.749,0.492
547,decode,36,40,310,20873.863,20874.309,0.446
548,decode,29,32,311,20883.185,20883.585,0.4
549,decode,21,24,312,20893.01,20893.374,0.364
550,decode,16,16,295,20902.204,20902.532,0.328
551,decode,14,16,296,20910.944,20911.277,0.333
552,decode,10,16,291,20920.057,20920.373,0.316
553,decode,9,16,292,20928.475,20928.803,0.327
554,decode,8,8,293,20937.111,20937.406,0.295
555,decode,6,8,294,20945.871,20946.156,0.285
556,decode,4,4,295,20954.236,20954.516,0.28
557,decode,4,4,296,20962.299,20962.587,0.288
558,decode,4,4,297,20970.486,20970.768,0.282
559,decode,3,4,298,20978.884,20979.161,0.277
560,decode,3,4,299,20987.046,20987.314,0.268
561,decode,1,1,281,20995.251,20995.687,0.436
562,decode,1,1,282,21003.134,21003.506,0.372
563,decode,1,1,283,21011.207,21011.599,0.392
564,decode,1,1,284,21019.37,21019.757,0.387
565,decode,1,1,285,21027.466,21027.86,0.394
566,prefill,41,8192,258,21042.852,21055.319,12.466
567,prefill,42,8192,258,21062.806,21075.003,12.197
568,decode,78,80,259,21377.473,21378.146,0.672
569,decode,59,64,260,21708.432,21708.988,0.556
570,decode,48,48,261,21718.663,21719.122,0.459
571,decode,37,40,262,21728.141,21728.57,0.428
572,decode,30,32,263,21738.096,21738.485,0.389
573,decode,22,24,264,21748.253,21748.623,0.369
574,decode,19,24,265,21758.482,21758.923,0.441
575,decode,12,16,266,21767.14,21767.469,0.328
576,decode,11,16,267,21775.481,21775.812,0.331
577,decode,7,8,268,21784.488,21784.804,0.316
578,decode,4,4,259,21793.02,21793.299,0.28
579,decode,2,2,182,21801.187,21801.456,0.27
580,decode,1,1,120,21809.355,21809.759,0.403
581,decode,1,1,121,21817.071,21817.447,0.377
582,decode,1,1,122,21825.125,21825.496,0.371
583,prefill,54,8192,251,21842.087,21854.147,12.06
584,prefill,38,8192,267,21860.806,21872.448,11.642
585,decode,89,96,268,22181.712,22182.376,0.664
586,decode,77,80,269,22510.057,22510.667,0.61
587,decode,58,64,270,22521.287,22521.838,0.551
588,decode,45,48,269,22532.286,22532.749,0.463
589,decode,33,40,270,22542.777,22543.191,0.414
590,decode,24,24,269,22552.593,22552.949,0.357
591,decode,20,24,263,22561.926,22562.271,0.345
592,decode,17,24,260,22571.093,22571.437,0.344
593,decode,12,16,261,22580.325,22580.654,0.329
594,decode,8,8,262,22589.172,22589.461,0.289
595,decode,7,8,240,22597.538,22597.834,0.295
596,decode,4,4,241,22606.083,22606.358,0.275
597,decode,4,4,242,22614.142,22614.408,0.266
598,decode,2,2,216,22622.509,22622.787,0.277
599,decode,2,2,217,22630.455,22630.722,0.267
600,decode,1,1,218,22638.727,22639.12,0.394
601,decode,1,1,219,22646.406,22646.785,0.379
602,prefill,63,8192,268,22665.591,22677.966,12.375
603,prefill,45,8192,242,22686.021,22698.026,12.006
604,decode,103,104,269,23003.587,23004.4,0.813
605,decode,91,96,270,23331.912,23332.599,0.687
606,decode,74,80,271,23341.708,23342.288,0.58
607,decode,57,64,272,23354.003,23354.515,0.511
608,decode,51,56,273,23364.514,23365.006,0.492
609,decode,43,48,274,23375.486,23375.954,0.468
610,decode,36,40,275,23385.908,23386.324,0.416
611,decode,31,32,270,23395.792,23396.179,0.388
612,decode,25,32,271,23405.703,23406.078,0.376
613,decode,23,24,272,23414.636,23414.989,0.353
614,decode,20,24,273,23423.906,23424.263,0.358
615,decode,17,24,274,23433.079,23433.428,0.349
616,decode,12,16,273,23442.203,23442.524,0.321
617,decode,10,16,274,23450.827,23451.141,0.314
618,decode,8,8,245,23459.3,23459.598,0.298
619,decode,7,8,246,23467.83,23468.114,0.283
620,decode,4,4,240,23476.421,23476.714,0.293
621,decode,3,4,241,23484.365,23484.646,0.281
622,decode,3,4,242,23492.404,23492.686,0.281
623,decode,1,1,184,23500.754,23501.155,0.4
624,decode,1,1,185,23508.61,23508.982,0.372
625,decode,1,1,186,23516.695,23517.071,0.376
626,decode,1,1,187,23524.795,23525.165,0.37
627,decode,1,1,188,23532.894,23533.266,0.372
628,decode,1,1,189,23541.005,23541.374,0.369
629,decode,1,1,190,23549.14,23549.51,0.37
630,decode,1,1,191,23557.227,23557.628,0.4
631,prefill,40,8192,267,23571.655,23584.009,12.354
632,prefill,42,8192,261,23591.478,23603.683,12.206
633,decode,78,80,268,23907.44,23908.064,0.624
634,decode,71,72,269,24238.851,24239.417,0.566
635,decode,65,72,270,24247.541,24248.093,0.553
636,decode,54,56,271,24259.981,24260.465,0.483
637,decode,48,48,272,24271.246,24271.709,0.463
638,decode,42,48,273,24282.104,24282.549,0.446
639,decode,37,40,274,24292.541,24292.97,0.43
640,decode,28,32,275,24303.451,24303.853,0.402
641,decode,22,24,276,24312.767,24313.12,0.353
642,decode,21,24,277,24321.63,24321.975,0.346
643,decode,18,24,278,24331.104,24331.448,0.344
644,decode,10,16,271,24340.782,24341.105,0.323
645,decode,8,8,272,24349.12,24349.41,0.291
646,decode,5,8,257,24357.946,24358.245,0.3
647,decode,4,4,255,24365.993,24366.266,0.273
648,decode,2,2,256,24374.315,24374.596,0.281
649,decode,2,2,257,24382.287,24382.545,0.258
650,decode,1,1,258,24390.395,24390.81,0.415
651,decode,1,1,259,24398.283,24398.682,0.4
652,decode,1,1,260,24406.371,24406.757,0.386
653,decode,1,1,261,24414.475,24414.858,0.383
654,decode,1,1,262,24422.622,24422.994,0.372
655,prefill,53,8192,256,24439.614,24451.937,12.323
656,prefill,47,8192,245,24460.501,24472.166,11.665
657,decode,85,88,257,24776.01,24776.653,0.643
658,decode,72,72,258,25106.039,25106.61,0.571
659,decode,61,64,259,25115.528,25116.06,0.533
660,decode,51,56,260,25126.409,25126.898,0.489
661,decode,43,48,261,25136.975,25137.418,0.442
662,decode,36,40,262,25148.062,25148.651,0.589
663,decode,30,32,263,25157.371,25157.785,0.415
664,decode,27,32,264,25166.899,25167.273,0.374
665,decode,22,24,265,25176.407,25176.774,0.367
666,decode,19,24,266,25185.349,25185.707,0.358
667,decode,13,16,267,25194.737,25195.07,0.333
668,decode,11,16,268,25203.259,25203.585,0.326
669,decode,8,8,255,25211.959,25212.25,0.291
670,decode,6,8,256,25220.512,25220.832,0.32
671,decode,4,4,257,25228.884,25229.164,0.28
672,decode,2,2,208,25237.056,25237.332,0.276
673,decode,2,2,209,25245.017,25245.303,0.286
674,decode,2,2,210,25252.943,25253.205,0.263
675,decode,1,1,191,25261.041,25261.45,0.409
676,decode,1,1,192,25268.914,25269.29,0.375
677,decode,1,1,193,25277.021,25277.396,0.375
678,decode,1,1,194,25285.118,25285.493,0.375
679,prefill,65,8192,269,25304.814,25317.371,12.557
680,prefill,44,8192,268,25324.978,25336.772,11.794
681,decode,103,104,270,25641.888,25642.608,0.72
682,decode,92,96,271,25967.507,25968.247,0.739
683,decode,77,80,272,25978.052,25978.646,0.595
684,decode,66,72,273,25989.487,25990.059,0.572
685,decode,55,56,274,26001.522,26002.025,0.503
686,decode,50,56,275,26012.235,26012.713,0.479
687,decode,42,48,276,26023.039,26023.49,0.452
688,decode,31,32,273,26033.574,26033.957,0.383
689,decode,27,32,260,26042.769,26043.144,0.374
690,decode,23,24,261,26052.057,26052.405,0.348
691,decode,21,24,262,26061.081,26061.425,0.344
692,decode,15,16,263,26070.556,26070.901,0.345
693,decode,12,16,264,26079.189,26079.506,0.317
694,decode,9,16,265,26087.778,26088.093,0.314
695,decode,4,4,198,26096.476,26096.777,0.3
696,decode,3,4,199,26104.464,26104.748,0.284
697,decode,2,2,200,26112.546,26112.821,0.276
698,decode,1,1,173,26120.703,26121.094,0.391
699,prefill,66,8192,235,26139.782,26151.82,12.038
700,prefill,44,8192,232,26159.269,26170.98,11.711
701,decode,101,104,236,26480.792,26481.494,0.702
702,decode,85,88,237,26804.024,26804.647,0.623
703,decode,74,80,238,26814.425,26815.0,0.575
704,decode,57,64,239,26826.269,26826.801,0.532
705,decode,48,48,240,26836.89,26837.334,0.445
706,decode,36,40,238,26847.748,26848.165,0.417
707,decode,25,32,237,26857.676,26858.059,0.383
708,decode,20,24,229,26866.593,26866.948,0.355
709,decode,14,16,230,26875.712,26876.061,0.349
710,decode,12,16,220,26884.252,26884.597,0.345
711,decode,8,8,217,26893.142,26893.44,0.298
712,decode,7,8,202,26901.492,26901.793,0.3
713,decode,4,4,197,26909.922,26910.229,0.308
714,decode,4,4,198,26917.904,26918.171,0.267
715,decode,3,4,190,26926.245,26926.517,0.272
716,decode,1,1,130,26934.414,26934.84,0.426
717,prefill,47,8192,294,26950.077,26962.236,12.159
718,prefill,37,8192,255,26968.628,26980.309,11.682
719,decode,80,80,295,27286.476,27287.078,0.602
720,decode,65,72,296,27616.025,27616.769,0.744
721,decode,57,64,258,27625.489,27626.12,0.631
722,decode,49,56,259,27635.956,27636.546,0.59
723,decode,42,48,260,27647.07,27647.636,0.566
724,decode,38,40,261,27657.339,27657.864,0.525
725,decode,37,40,262,27667.406,27667.83,0.424
726,decode,30,32,263,27677.999,27678.527,0.528
727,decode,27,32,264,27687.512,27687.908,0.397
728,decode,24,24,265,27696.962,27697.419,0.458
729,decode,22,24,266,27706.299,27706.669,0.37
730,decode,18,24,267,27715.864,27716.221,0.358
731,decode,14,16,265,27724.96,27725.395,0.435
732,decode,12,16,266,27733.785,27734.109,0.324
733,decode,10,16,267,27742.576,27742.903,0.327
734,decode,9,16,268,27751.125,27751.445,0.32
735,decode,8,8,269,27759.758,27760.161,0.403
736,decode,4,4,270,27768.736,27769.109,0.373
737,decode,4,4,271,27776.581,27776.857,0.276
738,decode,4,4,272,27784.73,27785.003,0.273
739,decode,2,2,268,27793.138,27793.513,0.376
740,decode,1,1,269,27801.273,27801.946,0.673
741,decode,1,1,270,27809.039,27809.422,0.383
742,decode,1,1,271,27817.202,27817.612,0.411
743,decode,1,1,272,27825.28,27825.68,0.399
744,decode,1,1,273,27833.412,27833.809,0.397
745,decode,1,1,274,27841.575,27841.959,0.383
746,decode,1,1,275,27849.685,27850.106,0.421
747,decode,1,1,276,27857.776,27858.161,0.385
748,decode,1,1,277,27865.901,27866.288,0.387
749,decode,1,1,278,27874.058,27874.442,0.384
750,prefill,47,8192,271,27890.34,27902.528,12.188
751,prefill,42,8192,270,27910.146,27922.181,12.036
752,decode,87,88,272,28223.059,28223.782,0.724
753,decode,85,88,273,28552.671,28553.312,0.64
754,decode,76,80,274,28561.649,28562.309,0.66
755,decode,65,72,275,28574.779,28575.31,0.531
756,decode,53,56,276,28587.257,28587.75,0.493
757,decode,47,48,277,28598.248,28598.709,0.461
758,decode,43,48,278,28608.757,28609.203,0.446
759,decode,36,40,279,28619.498,28619.934,0.435
760,decode,30,32,280,28629.72,28630.106,0.387
761,decode,27,32,281,28639.129,28639.509,0.38
762,decode,22,24,282,28648.71,28649.068,0.357
763,decode,16,16,283,28658.14,28658.462,0.322
764,decode,11,16,284,28667.074,28667.388,0.314
765,decode,11,16,285,28675.275,28675.602,0.328
766,decode,10,16,286,28684.098,28684.408,0.311
767,decode,8,8,277,28692.759,28693.057,0.298
768,decode,7,8,276,28701.361,28701.654,0.294
769,decode,5,8,277,28709.783,28710.066,0.283
770,decode,5,8,278,28717.879,28718.169,0.291
771,decode,5,8,279,28726.13,28726.424,0.295
772,decode,5,8,280,28734.439,28734.741,0.302
773,decode,4,4,281,28742.724,28743.007,0.282
774,decode,4,4,282,28750.95,28751.219,0.27
775,decode,3,4,283,28759.196,28759.468,0.271
776,decode,1,1,284,28767.371,28767.836,0.466
777,decode,1,1,285,28775.263,28775.654,0.391
778,decode,1,1,286,28783.365,28783.761,0.395
779,decode,1,1,287,28791.529,28791.927,0.398
780,prefill,48,8192,278,28808.01,28820.794,12.784
781,prefill,35,8192,277,28827.288,28839.762,12.473
782,decode,72,72,279,29140.74,29141.299,0.559
783,decode,58,64,280,29469.418,29469.979,0.561
784,decode,45,48,280,29480.047,29480.507,0.46
785,decode,35,40,280,29489.877,29490.303,0.427
786,decode,31,32,281,29499.778,29500.168,0.39
787,decode,27,32,282,29509.928,29510.311,0.384
788,decode,20,24,281,29520.003,29520.362,0.358
789,decode,20,24,282,29528.836,29529.187,0.35
790,decode,17,24,283,29538.483,29538.845,0.362
791,decode,15,16,280,29547.537,29547.883,0.346
792,decode,11,16,281,29557.041,29557.36,0.318
793,decode,8,8,282,29565.531,29565.84,0.309
794,decode,5,8,283,29574.237,29574.526,0.289
795,decode,3,4,236,29582.465,29582.755,0.29
796,decode,2,2,237,29590.592,29590.873,0.281
797,decode,1,1,238,29598.751,29599.16,0.408
798,prefill,54,8192,269,29616.381,29628.346,11.965
799,prefill,43,8192,267,29635.735,29647.885,12.15
800,decode,93,96,270,29957.506,29958.393,0.887
801,decode,84,88,271,30283.373,30284.127,0.754
802,decode,72,72,272,30292.722,30293.295,0.573
803,decode,65,72,272,30304.26,30304.816,0.556
804,decode,56,56,272,30316.337,30316.85,0.513
805,decode,53,56,273,30327.181,30327.667,0.486
806,decode,42,48,274,30338.721,30339.185,0.464
807,decode,33,40,275,30348.945,30349.383,0.438
808,decode,29,32,276,30358.344,30358.755,0.41
809,decode,27,32,277,30367.82,30368.204,0.384
810,decode,23,24,278,30377.383,30377.753,0.37
811,decode,18,24,275,30386.785,30387.138,0.353
812,decode,14,16,276,30395.731,30396.062,0.332
813,decode,11,16,277,30404.657,30404.971,0.314
814,decode,8,8,278,30413.335,30413.657,0.322
815,decode,7,8,279,30421.804,30422.097,0.293
816,decode,6,8,280,30430.16,30430.457,0.297
817,decode,5,8,281,30438.511,30438.816,0.304
818,decode,4,4,282,30446.756,30447.044,0.288
819,decode,2,2,282,30455.142,30455.419,0.278
820,decode,1,1,283,30463.294,30463.74,0.445
821,decode,1,1,284,30471.024,30471.411,0.386
822,decode,1,1,285,30479.132,30479.516,0.384
823,decode,1,1,286,30487.255,30487.648,0.393
824,prefill,43,8192,248,30502.901,30515.428,12.527
825,prefill,41,8192,272,30523.143,30534.914,11.772
826,decode,80,80,273,30838.305,30838.927,0.622
827,decode,73,80,274,31166.97,31167.553,0.583
828,decode,66,72,275,31175.317,31175.895,0.577
829,decode,55,56,272,31187.715,31188.193,0.478
830,decode,44,48,273,31199.41,31199.878,0.468
831,decode,41,48,274,31209.474,31209.934,0.459
832,decode,39,40,275,31219.7,31220.118,0.418
833,decode,33,40,275,31230.689,31231.102,0.413
834,decode,28,32,276,31240.387,31240.789,0.403
835,decode,23,24,277,31250.011,31250.369,0.357
836,decode,21,24,278,31258.963,31259.311,0.349
837,decode,14,16,277,31268.515,31268.846,0.331
838,decode,11,16,278,31277.154,31277.467,0.313
839,decode,10,16,279,31285.551,31285.89,0.339
840,decode,9,16,280,31294.263,31294.602,0.338
841,decode,6,8,281,31302.862,31303.156,0.294
842,decode,4,4,282,31311.257,31311.538,0.281
843,decode,2,2,230,31319.52,31319.808,0.288
844,decode,2,2,231,31327.427,31327.706,0.279
845,decode,2,2,232,31335.458,31335.738,0.279
846,decode,1,1,231,31343.577,31343.981,0.404
847,decode,1,1,232,31351.433,31351.827,0.394
848,decode,1,1,233,31359.531,31359.922,0.392
849,decode,1,1,234,31367.646,31368.026,0.38
850,decode,1,1,235,31375.74,31376.122,0.382
851,decode,1,1,236,31383.886,31384.264,0.378
852,prefill,50,8192,267,31400.817,31413.131,12.314
853,prefill,42,8192,246,31421.02,31433.463,12.444
854,decode,83,88,268,31737.201,31737.881,0.681
855,decode,73,80,269,32066.114,32066.746,0.632
856,decode,57,64,270,32076.236,32076.769,0.533
857,decode,46,48,271,32086.907,32087.366,0.458
858,decode,31,32,272,32098.233,32098.641,0.408
859,decode,23,24,273,32107.707,32108.078,0.37
860,decode,16,16,274,32117.519,32117.869,0.35
861,decode,13,16,275,32126.111,32126.432,0.32
862,decode,8,8,276,32135.198,32135.501,0.303
863,decode,5,8,277,32143.868,32144.163,0.295
864,decode,5,8,278,32151.864,32152.15,0.285
865,decode,4,4,279,32160.252,32160.554,0.302
866,decode,3,4,280,32168.66,32168.934,0.275
867,decode,3,4,281,32176.76,32177.053,0.293
868,decode,1,1,282,32185.047,32185.484,0.437
869,decode,1,1,283,32192.949,32193.33,0.381
870,decode,1,1,284,32201.112,32201.504,0.392
871,decode,1,1,285,32209.199,32209.659,0.46
872,decode,1,1,286,32217.295,32217.697,0.401
873,decode,1,1,287,32225.452,32225.849,0.398
874,decode,1,1,288,32233.546,32233.969,0.422
875,decode,1,1,289,32241.692,32242.085,0.393
876,decode,1,1,290,32249.792,32250.173,0.382
877,decode,1,1,291,32257.889,32258.27,0.381
878,prefill,52,8192,252,32275.445,32288.2,12.755
879,prefill,41,8192,243,32295.999,32308.18,12.181
880,decode,90,96,253,32611.185,32611.858,0.673
881,decode,77,80,254,32940.045,32940.651,0.607
882,decode,66,72,255,32951.986,32952.528,0.542
883,decode,55,56,256,32960.887,32961.367,0.48
884,decode,47,48,248,32972.107,32972.551,0.443
885,decode,38,40,249,32982.901,32983.322,0.421
886,decode,32,32,250,32992.886,32993.272,0.385
887,decode,25,32,251,33002.813,33003.189,0.376
888,decode,18,24,252,33012.286,33012.655,0.369
889,decode,12,16,251,33021.431,33021.772,0.341
890,decode,8,8,252,33030.202,33030.511,0.309
891,decode,5,8,253,33038.743,33039.039,0.297
892,decode,5,8,254,33046.733,33047.016,0.283
893,decode,4,4,255,33055.064,33055.407,0.343
894,decode,3,4,241,33063.472,33063.767,0.295
895,decode,1,1,234,33071.647,33072.063,0.415
896,decode,1,1,235,33079.642,33080.019,0.377
897,decode,1,1,236,33087.745,33088.124,0.379
898,prefill,42,8192,298,33103.456,33116.425,12.969
899,prefill,40,8192,298,33124.043,33136.392,12.349
900,decode,79,80,299,33440.474,33441.138,0.665
901,decode,70,72,300,33770.741,33771.308,0.567
902,decode,62,64,301,33779.454,33779.981,0.527
903,decode,51,56,302,33791.444,33791.937,0.494
904,decode,39,40,303,33802.503,33803.001,0.498
905,decode,33,40,304,33812.625,33813.047,0.423
906,decode,33,40,305,33821.95,33822.355,0.405
907,decode,24,24,306,33832.868,33833.282,0.414
908,decode,21,24,307,33841.878,33842.225,0.347
909,decode,17,24,304,33851.131,33851.477,0.346
910,decode,12,16,302,33860.368,33860.71,0.342
911,decode,8,8,303,33869.293,33869.624,0.33
912,decode,7,8,304,33914.783,33915.133,0.35
913,decode,5,8,305,33916.16,33916.456,0.296
914,decode,4,4,250,33924.133,33924.419,0.286
915,decode,2,2,251,33932.503,33932.799,0.295
916,decode,1,1,252,33940.5,33940.939,0.439
917,decode,1,1,253,33948.297,33948.685,0.387
918,prefill,61,8192,270,33967.79,33981.024,13.234
919,prefill,36,8192,278,33994.457,34007.122,12.664
920,decode,94,96,279,34304.776,34305.519,0.743
921,decode,81,88,280,34631.684,34632.296,0.612
922,decode,67,72,281,34642.653,34643.206,0.553
923,decode,52,56,282,34654.058,34654.541,0.483
924,decode,43,48,268,34665.076,34665.572,0.496
925,decode,34,40,269,34675.529,34675.965,0.435
926,decode,25,32,270,34685.929,34686.315,0.386
927,decode,20,24,270,34695.154,34695.52,0.367
928,decode,17,24,271,34704.343,34704.71,0.367
929,decode,13,16,272,34713.452,34713.803,0.351
930,decode,9,16,273,34722.615,34722.933,0.318
931,decode,5,8,274,34731.284,34731.597,0.313
932,decode,5,8,275,34739.459,34739.755,0.296
933,decode,5,8,276,34747.789,34748.073,0.284
934,decode,5,8,277,34756.064,34756.385,0.321
935,decode,3,4,278,34764.613,34764.944,0.331
936,decode,2,2,279,34772.704,34772.984,0.28
937,decode,1,1,276,34780.792,34781.221,0.43
938,decode,1,1,277,34788.637,34789.016,0.379
939,decode,1,1,278,34796.766,34797.138,0.372
940,prefill,38,8192,265,34811.359,34824.527,13.168
941,prefill,47,8192,258,34839.872,34852.494,12.622
942,decode,78,80,266,35149.378,35150.049,0.671
943,decode,70,72,267,35481.332,35481.904,0.572
944,decode,59,64,264,35489.158,35489.68,0.523
945,decode,57,64,265,35500.246,35500.756,0.51
946,decode,48,48,266,35512.086,35512.534,0.448
947,decode,42,48,267,35522.771,35523.208,0.436
948,decode,37,40,268,35533.179,35533.607,0.428
949,decode,31,32,269,35543.478,35543.88,0.402
950,decode,28,32,270,35553.103,35553.479,0.377
951,decode,23,24,271,35562.714,35563.075,0.361
952,decode,16,16,270,35572.147,35572.475,0.328
953,decode,12,16,266,35580.999,35581.315,0.316
954,decode,10,16,267,35589.481,35589.813,0.332
955,decode,8,8,268,35598.107,35598.401,0.294
956,decode,7,8,269,35606.64,35606.925,0.286
957,decode,7,8,270,35614.884,35615.168,0.284
958,decode,7,8,271,35623.194,35623.475,0.282
959,decode,7,8,272,35631.534,35631.83,0.297
960,decode,6,8,273,35640.159,35640.444,0.284
961,decode,5,8,274,35648.377,35648.674,0.297
962,decode,4,4,275,35656.598,35656.876,0.278
963,decode,2,2,252,35664.953,35665.227,0.274
964,decode,2,2,253,35672.988,35673.278,0.289
965,decode,2,2,254,35680.909,35681.169,0.259
966,decode,2,2,255,35688.952,35689.21,0.259
967,decode,2,2,256,35696.992,35697.252,0.26
968,decode,1,1,240,35705.043,35705.47,0.426
969,decode,1,1,241,35712.943,35713.315,0.372
970,prefill,48,8192,248,35729.773,35742.895,13.122
971,prefill,45,8192,243,35757.452,35770.129,12.677
972,decode,89,96,249,36065.402,36066.083,0.681
973,decode,79,80,250,36396.272,36396.903,0.631
974,decode,66,72,251,36405.154,36405.707,0.553
975,decode,55,56,252,36416.945,36417.421,0.476
976,decode,48,48,253,36428.284,36428.744,0.459
977,decode,42,48,254,36439.103,36439.537,0.433
978,decode,39,40,255,36449.144,36449.572,0.428
979,decode,29,32,256,36460.277,36460.692,0.415
980,decode,19,24,253,36470.067,36470.424,0.356
981,decode,17,24,254,36478.448,36478.812,0.364
982,decode,14,16,255,36487.49,36487.83,0.34
983,decode,12,16,256,36496.433,36496.759,0.327
984,decode,11,16,255,36505.097,36505.435,0.339
985,decode,9,16,250,36513.862,36514.179,0.317
986,decode,5,8,249,36522.586,36522.885,0.299
987,decode,5,8,250,36530.631,36530.918,0.287
988,decode,2,2,176,36539.155,36539.43,0.275
989,decode,1,1,177,36547.21,36547.646,0.436
990,prefill,47,8192,260,36563.378,36575.941,12.563
991,prefill,39,8192,255,36589.159,36601.728,12.568
992,decode,83,88,261,36900.119,36900.771,0.652
993,decode,74,80,262,37230.849,37231.44,0.591
994,decode,60,64,258,37240.537,37241.063,0.527
995,decode,48,48,259,37251.761,37252.217,0.456
996,decode,40,40,260,37262.249,37262.684,0.434
997,decode,33,40,261,37272.794,37273.201,0.407
998,decode,23,24,252,37283.249,37283.619,0.37
999,decode,19,24,253,37292.216,37292.573,0.357
1000,decode,14,16,226,37301.631,37301.967,0.336
1001,decode,11,16,227,37310.348,37310.677,0.329
1002,decode,9,16,228,37319.037,37319.355,0.318
1003,decode,6,8,229,37327.686,37327.983,0.297
1004,decode,4,4,230,37336.118,37336.4,0.283
1005,decode,4,4,231,37344.152,37344.419,0.267
1006,decode,4,4,232,37352.355,37352.657,0.302
1007,decode,3,4,233,37360.706,37360.982,0.277
1008,decode,2,2,234,37368.845,37369.117,0.272
1009,decode,1,1,235,37377.026,37377.453,0.427
1010,prefill,45,8192,273,37392.108,37404.205,12.097
1011,prefill,38,8192,268,37416.451,37428.165,11.714
1012,decode,80,80,274,37729.765,37730.443,0.678
1013,decode,69,72,275,38061.382,38061.948,0.567
1014,decode,55,56,276,38071.102,38071.599,0.497
1015,decode,49,56,277,38081.338,38081.818,0.48
1016,decode,43,48,278,38092.071,38092.523,0.452
1017,decode,33,40,274,38103.117,38103.62,0.502
1018,decode,26,32,275,38113.298,38113.714,0.416
1019,decode,23,24,276,38122.413,38122.781,0.369
1020,decode,19,24,277,38132.017,38132.383,0.365
1021,decode,16,16,278,38141.009,38141.373,0.364
1022,decode,11,16,279,38150.344,38150.674,0.331
1023,decode,10,16,280,38158.729,38159.044,0.315
1024,decode,7,8,281,38167.572,38167.871,0.299
1025,decode,6,8,282,38175.969,38176.256,0.287
1026,decode,6,8,283,38184.222,38184.507,0.285
1027,decode,6,8,284,38192.504,38192.803,0.299
1028,decode,5,8,285,38200.98,38201.328,0.348
1029,decode,4,4,286,38209.189,38209.467,0.278
1030,prefill,43,8192,303,38225.401,38238.051,12.65
1031,prefill,37,8192,308,38251.297,38263.718,12.421
1032,decode,74,80,309,38562.974,38563.583,0.609
1033,decode,63,64,310,38894.144,38894.693,0.549
1034,decode,44,48,311,38904.429,38904.891,0.462
1035,decode,35,40,312,38914.028,38914.443,0.415
1036,decode,28,32,313,38924.22,38924.612,0.393
1037,decode,26,32,314,38933.646,38934.021,0.375
1038,decode,20,24,315,38943.722,38944.076,0.354
1039,decode,15,16,308,38952.817,38953.144,0.327
1040,decode,14,16,309,38961.819,38962.137,0.318
1041,decode,11,16,310,38970.703,38971.019,0.315
1042,decode,10,16,311,38979.177,38979.494,0.317
1043,decode,7,8,249,38988.15,38988.445,0.294
1044,decode,6,8,225,38996.341,38996.637,0.295
1045,decode,5,8,226,39004.677,39004.962,0.284
1046,decode,3,4,225,39013.013,39013.29,0.277
1047,decode,3,4,226,39020.962,39021.23,0.268
1048,decode,3,4,227,39029.077,39029.345,0.268
1049,decode,3,4,228,39037.255,39037.532,0.277
1050,decode,2,2,229,39045.432,39045.718,0.286
1051,decode,1,1,230,39053.519,39053.963,0.444
1052,prefill,54,8192,243,39070.823,39083.454,12.631
1053,prefill,48,8192,248,39097.775,39110.208,12.434
1054,decode,97,104,249,39408.875,39409.689,0.815
1055,decode,81,88,249,39739.88,39740.491,0.611
1056,decode,60,64,250,39750.276,39750.8,0.524
1057,decode,44,48,247,39760.985,39761.466,0.481
1058,decode,38,40,248,39770.691,39771.105,0.414
1059,decode,28,32,249,39781.32,39781.716,0.395
1060,decode,19,24,250,39791.222,39791.587,0.365
1061,decode,16,16,251,39799.739,39800.068,0.329
1062,decode,12,16,252,39808.921,39809.233,0.312
1063,decode,10,16,253,39817.671,39818.027,0.356
1064,decode,9,16,254,39826.17,39826.484,0.314
1065,decode,4,4,255,39835.234,39835.511,0.276
1066,decode,2,2,243,39843.425,39843.714,0.288
1067,decode,2,2,244,39851.408,39851.682,0.274
1068,decode,2,2,245,39859.453,39859.724,0.271
1069,decode,1,1,177,39867.611,39868.104,0.493
1070,decode,1,1,178,39875.483,39875.869,0.386
1071,decode,1,1,179,39883.585,39883.959,0.373
1072,decode,1,1,180,39891.723,39892.095,0.372
1073,decode,1,1,181,39899.894,39900.273,0.378
1074,decode,1,1,182,39908.0,39908.377,0.377
1075,decode,1,1,183,39916.142,39916.519,0.377
1076,decode,1,1,184,39924.272,39924.655,0.382
1077,decode,1,1,185,39932.44,39932.825,0.385
1078,decode,1,1,186,39940.516,39940.907,0.391
1079,decode,1,1,187,39948.655,39949.043,0.388
1080,decode,1,1,188,39956.813,39957.19,0.377
1081,prefill,70,8192,258,39977.422,39989.944,12.521
1082,prefill,40,8192,259,40003.283,40015.568,12.286
1083,decode,103,104,260,40314.997,40315.749,0.752
1084,decode,85,88,261,40643.304,40643.94,0.636
1085,decode,55,56,257,40656.085,40656.601,0.516
1086,decode,40,40,258,40665.214,40665.647,0.433
1087,decode,27,32,259,40675.197,40675.593,0.396
1088,decode,17,24,259,40684.826,40685.182,0.357
1089,decode,11,16,260,40693.683,40694.01,0.327
1090,decode,6,8,261,40702.709,40703.007,0.298
1091,decode,5,8,262,40711.123,40711.407,0.285
1092,decode,4,4,263,40719.663,40719.94,0.277
1093,decode,1,1,135,40728.202,40728.622,0.42
1094,decode,1,1,136,40736.11,40736.525,0.415
1095,decode,1,1,137,40744.31,40744.695,0.385
1096,decode,1,1,138,40752.523,40752.912,0.389
1097,decode,1,1,139,40760.716,40761.093,0.377
1098,prefill,54,8192,272,40780.07,40793.251,13.181
1099,prefill,42,8192,250,40811.22,40823.044,11.824
1100,decode,92,96,273,41121.26,41122.01,0.75
1101,decode,74,80,274,41450.264,41450.868,0.604
1102,decode,58,64,275,41461.073,41461.6,0.526
1103,decode,45,48,276,41471.442,41471.909,0.467
1104,decode,40,40,277,41481.396,41481.835,0.439
1105,decode,34,40,278,41492.134,41492.565,0.431
1106,decode,26,32,279,41502.272,41502.693,0.421
1107,decode,22,24,280,41511.539,41511.917,0.378
1108,decode,20,24,281,41520.571,41520.921,0.349
1109,decode,18,24,282,41529.755,41530.102,0.348
1110,decode,12,16,283,41539.276,41539.622,0.346
1111,decode,7,8,259,41548.094,41548.401,0.307
1112,decode,3,4,260,41556.673,41556.979,0.306
1113,decode,1,1,168,41564.792,41565.254,0.462
1114,decode,1,1,169,41572.665,41573.034,0.369
1115,decode,1,1,170,41580.806,41581.18,0.374
1116,prefill,48,8192,256,41596.89,41608.923,12.034
1117,prefill,40,8192,242,41623.338,41635.227,11.889
1118,decode,83,88,256,41936.019,41936.671,0.651
1119,decode,70,72,257,42266.167,42266.741,0.574
1120,decode,58,64,258,42275.733,42276.256,0.524
1121,decode,49,56,248,42286.579,42287.063,0.484
1122,decode,40,40,249,42297.324,42297.794,0.47
1123,decode,36,40,248,42307.554,42307.986,0.432
1124,decode,30,32,249,42317.855,42318.251,0.396
1125,decode,30,32,250,42327.01,42327.383,0.373
1126,decode,28,32,247,42336.855,42337.229,0.374
1127,decode,22,24,248,42346.957,42347.403,0.445
1128,decode,18,24,249,42356.023,42356.381,0.358
1129,decode,16,16,250,42364.759,42365.092,0.333
1130,decode,16,16,251,42373.616,42373.956,0.34
1131,decode,14,16,252,42382.651,42382.968,0.317
1132,decode,12,16,251,42391.453,42391.803,0.35
1133,decode,10,16,239,42400.246,42400.605,0.359
1134,decode,7,8,240,42409.034,42409.332,0.299
1135,decode,7,8,241,42417.205,42417.49,0.285
1136,decode,5,8,242,42425.794,42426.081,0.287
1137,decode,3,4,226,42434.11,42434.394,0.284
1138,decode,2,2,227,42442.264,42442.538,0.274
1139,decode,2,2,228,42450.204,42450.463,0.259
1140,decode,1,1,227,42458.423,42458.863,0.44
1141,prefill,44,8192,257,42473.632,42486.341,12.709
1142,prefill,44,8192,257,42501.982,42514.504,12.522
1143,decode,80,80,258,42810.377,42811.033,0.656
1144,decode,64,64,259,43145.602,43146.16,0.558
1145,decode,52,56,258,43150.872,43151.4,0.529
1146,decode,48,48,259,43160.571,43161.032,0.46
1147,decode,38,40,258,43172.028,43172.452,0.425
1148,decode,36,40,259,43181.636,43182.04,0.405
1149,decode,30,32,260,43192.035,43192.42,0.386
1150,decode,26,32,261,43201.856,43202.258,0.402
1151,decode,24,24,262,43210.997,43211.362,0.365
1152,decode,19,24,260,43220.599,43220.945,0.346
1153,decode,18,24,261,43229.231,43229.586,0.355
1154,decode,15,16,262,43238.495,43238.848,0.352
1155,decode,14,16,261,43247.272,43247.629,0.357
1156,decode,10,16,248,43256.309,43256.655,0.345
1157,decode,9,16,249,43264.761,43265.086,0.326
1158,decode,7,8,250,43273.305,43273.617,0.312
1159,decode,4,4,251,43281.891,43282.172,0.281
1160,decode,3,4,248,43290.134,43290.403,0.269
1161,decode,2,2,249,43298.174,43298.444,0.27
1162,decode,2,2,250,43306.201,43306.459,0.258
1163,decode,1,1,251,43314.315,43314.744,0.429
1164,decode,1,1,252,43322.186,43322.553,0.367
1165,decode,1,1,253,43330.34,43330.738,0.398
1166,decode,1,1,254,43338.492,43338.9,0.409
1167,decode,1,1,255,43346.616,43346.986,0.37
1168,prefill,49,8192,251,43362.85,43375.024,12.175
1169,prefill,37,8192,270,43387.81,43399.489,11.679
1170,decode,81,88,271,43698.826,43699.478,0.652
1171,decode,65,72,272,44030.021,44030.655,0.635
1172,decode,51,56,273,44039.994,44040.479,0.485
1173,decode,38,40,274,44050.49,44050.928,0.438
1174,decode,29,32,275,44061.08,44061.479,0.399
1175,decode,24,24,276,44070.553,44070.939,0.386
1176,decode,19,24,277,44080.279,44080.64,0.362
1177,decode,14,16,278,44089.824,44090.163,0.339
1178,decode,12,16,279,44098.602,44098.946,0.344
1179,decode,11,16,280,44107.38,44107.723,0.343
1180,decode,7,8,275,44116.527,44116.855,0.327
1181,decode,7,8,276,44124.638,44124.94,0.302
1182,decode,6,8,277,44133.127,44133.436,0.309
1183,decode,5,8,278,44141.554,44141.883,0.329
1184,decode,4,4,279,44149.75,44150.032,0.282
1185,decode,4,4,280,44157.908,44158.177,0.268
1186,decode,2,2,178,44166.31,44166.612,0.302
1187,decode,2,2,179,44174.251,44174.522,0.271
1188,decode,2,2,180,44182.29,44182.577,0.286
1189,decode,2,2,181,44190.196,44190.454,0.258
1190,decode,2,2,182,44198.234,44198.502,0.268
1191,decode,2,2,183,44206.214,44206.546,0.332
1192,decode,1,1,183,44214.339,44214.843,0.503
1193,decode,1,1,184,44222.197,44222.586,0.389
1194,decode,1,1,185,44230.301,44230.702,0.401
1195,prefill,44,8192,247,44245.757,44258.303,12.546
1196,prefill,38,8192,247,44270.707,44283.177,12.471
1197,decode,75,80,248,44583.527,44584.251,0.724
1198,decode,63,64,249,44914.04,44914.605,0.565
1199,decode,53,56,250,44923.111,44923.616,0.505
1200,decode,39,40,251,44934.203,44934.635,0.432
1201,decode,34,40,252,44943.892,44944.297,0.405
1202,decode,31,32,253,44953.672,44954.056,0.384
1203,decode,26,32,254,44963.844,44964.221,0.378
1204,decode,20,24,255,44973.675,44974.043,0.369
1205,decode,17,24,256,44982.66,44983.019,0.359
1206,decode,13,16,253,44991.78,44992.109,0.329
1207,decode,10,16,253,45000.705,45001.021,0.316
1208,decode,7,8,254,45009.399,45009.706,0.308
1209,decode,7,8,255,45017.755,45018.039,0.284
1210,decode,4,4,256,45026.447,45026.74,0.292
1211,decode,3,4,257,45034.554,45034.835,0.281
1212,decode,3,4,258,45042.662,45042.934,0.272
1213,decode,2,2,241,45050.983,45051.262,0.279
1214,decode,2,2,242,45058.994,45059.264,0.27
1215,decode,1,1,227,45067.105,45067.527,0.422
1216,prefill,44,8192,242,45082.669,45095.113,12.445
1217,prefill,44,8192,251,45108.614,45120.642,12.028
1218,decode,80,80,252,45421.274,45421.904,0.63
1219,decode,66,72,253,45752.205,45752.81,0.605
1220,decode,52,56,254,45761.748,45762.25,0.501
1221,decode,39,40,255,45771.797,45772.224,0.427
1222,decode,32,32,256,45781.851,45782.248,0.398
1223,decode,23,24,253,45791.942,45792.299,0.358
1224,decode,17,24,248,45801.399,45801.778,0.379
1225,decode,15,16,249,45810.03,45810.358,0.329
1226,decode,11,16,250,45819.384,45819.71,0.327
1227,decode,10,16,251,45827.989,45828.316,0.327
1228,decode,7,8,252,45836.728,45837.022,0.293
1229,decode,7,8,253,45845.06,45845.345,0.285
1230,decode,6,8,254,45853.538,45853.837,0.299
1231,decode,4,4,249,45862.018,45862.294,0.275
1232,decode,3,4,246,45870.19,45870.485,0.294
1233,decode,2,2,239,45878.367,45878.655,0.288
1234,decode,1,1,240,45886.599,45887.012,0.413
1235,decode,1,1,241,45894.419,45894.802,0.382
1236,prefill,46,8192,259,45910.789,45923.628,12.838
1237,prefill,41,8192,264,45936.694,45949.387,12.693
1238,decode,79,80,265,46248.895,46249.535,0.64
1239,decode,67,72,266,46580.018,46580.593,0.576
1240,decode,53,56,261,46589.83,46590.312,0.482
1241,decode,41,48,262,46600.604,46601.053,0.449
1242,decode,26,32,263,46611.612,46611.996,0.384
1243,decode,17,24,259,46621.195,46621.55,0.355
1244,decode,15,16,260,46629.593,46629.917,0.323
1245,decode,11,16,261,46638.967,46639.28,0.313
1246,decode,9,16,260,46647.64,46647.953,0.313
1247,decode,8,8,261,46656.25,46656.544,0.294
1248,decode,8,8,262,46664.767,46665.049,0.282
1249,decode,6,8,263,46673.506,46673.801,0.295
1250,decode,5,8,264,46681.77,46682.056,0.286
1251,decode,3,4,195,46690.147,46690.424,0.277
1252,decode,3,4,196,46698.221,46698.487,0.266
1253,decode,3,4,197,46706.509,46706.825,0.316
1254,decode,2,2,194,46714.671,46714.954,0.282
1255,decode,1,1,195,46722.854,46723.278,0.424
1256,prefill,48,8192,273,46738.985,46752.0,13.015
1257,prefill,38,8192,279,46764.066,46776.272,12.206
1258,decode,81,88,280,47078.759,47079.4,0.641
1259,decode,73,80,281,47408.418,47409.016,0.597
1260,decode,62,64,282,47418.329,47418.874,0.545
1261,decode,49,56,283,47430.409,47430.899,0.49
1262,decode,40,40,284,47441.002,47441.415,0.414
1263,decode,31,32,281,47451.619,47452.004,0.385
1264,decode,26,32,282,47461.441,47461.834,0.393
1265,decode,24,24,283,47470.593,47470.951,0.358
1266,decode,22,24,284,47480.026,47480.389,0.362
1267,decode,18,24,274,47489.55,47489.918,0.368
1268,decode,12,16,275,47499.01,47499.334,0.324
1269,decode,8,8,263,47507.829,47508.122,0.294
1270,decode,8,8,264,47516.093,47516.381,0.288
1271,decode,6,8,265,47524.716,47524.999,0.283
1272,decode,5,8,266,47533.047,47533.331,0.284
1273,decode,4,4,267,47541.379,47541.671,0.292
1274,decode,4,4,268,47549.603,47549.884,0.281
1275,decode,2,2,269,47557.995,47558.29,0.296
1276,decode,1,1,270,47566.065,47566.483,0.418
1277,decode,1,1,271,47573.968,47574.336,0.367
1278,decode,1,1,272,47582.06,47582.426,0.367
1279,decode,1,1,273,47590.174,47590.547,0.372
1280,decode,1,1,274,47598.388,47598.771,0.383
1281,decode,1,1,275,47606.447,47606.831,0.384
1282,prefill,49,8192,269,47622.943,47635.755,12.812
1283,prefill,39,8192,271,47648.532,47661.047,12.515
1284,decode,78,80,272,47960.216,47960.863,0.646
1285,decode,71,72,273,48292.17,48292.766,0.596
1286,decode,55,56,270,48302.216,48302.712,0.496
1287,decode,42,48,271,48313.219,48313.692,0.473
1288,decode,33,40,272,48323.5,48323.925,0.425
1289,decode,29,32,273,48333.198,48333.597,0.399
1290,decode,23,24,261,48343.227,48343.589,0.362
1291,decode,20,24,262,48352.55,48352.908,0.359
1292,decode,19,24,263,48361.616,48361.971,0.355
1293,decode,16,16,264,48370.986,48371.321,0.335
1294,decode,13,16,265,48380.137,48380.452,0.314
1295,decode,11,16,266,48388.88,48389.198,0.318
1296,decode,9,16,267,48397.578,48397.893,0.316
1297,decode,6,8,268,48406.304,48406.606,0.302
1298,decode,1,1,269,48415.057,48415.471,0.414
1299,decode,1,1,270,48422.736,48423.104,0.367
1300,prefill,47,8192,269,48439.139,48451.18,12.041
1301,prefill,45,8192,267,48464.275,48476.137,11.862
1302,decode,89,96,270,48781.434,48782.139,0.704
1303,decode,76,80,271,49110.923,49111.509,0.586
1304,decode,70,72,272,49120.532,49121.129,0.597
1305,decode,65,72,273,49131.97,49132.515,0.545
1306,decode,56,56,274,49144.308,49144.818,0.51
1307,decode,49,56,275,49155.795,49156.264,0.468
1308,decode,45,48,276,49166.293,49166.758,0.465
1309,decode,37,40,277,49177.177,49177.608,0.43
1310,decode,26,32,278,49187.78,49188.165,0.385
1311,decode,21,24,279,49196.823,49197.192,0.369
1312,decode,17,24,278,49205.835,49206.19,0.355
1313,decode,14,16,279,49214.803,49215.131,0.328
1314,decode,11,16,280,49223.85,49224.168,0.318
1315,decode,10,16,281,49232.332,49232.665,0.333
1316,decode,8,8,282,49241.102,49241.395,0.293
1317,decode,8,8,283,49249.488,49249.788,0.3
1318,decode,5,8,276,49258.261,49258.546,0.285
1319,decode,2,2,277,49266.52,49266.807,0.287
1320,decode,2,2,278,49274.622,49274.883,0.261
1321,decode,2,2,279,49282.426,49282.697,0.271
1322,decode,1,1,280,49290.548,49290.981,0.434
1323,decode,1,1,281,49298.535,49298.944,0.409
1324,prefill,44,8192,269,49314.7,49326.819,12.12
1325,prefill,45,8192,269,49340.121,49352.681,12.56
1326,decode,85,88,270,49654.447,49655.157,0.71
1327,decode,73,80,271,49986.858,49987.457,0.6
1328,decode,58,64,270,49996.57,49997.088,0.519
1329,decode,50,56,271,50007.147,50007.66,0.513
1330,decode,38,40,272,50018.536,50018.97,0.434
1331,decode,24,24,273,50029.416,50029.786,0.37
1332,decode,19,24,274,50038.26,50038.618,0.359
1333,decode,9,16,275,50048.155,50048.483,0.328
1334,decode,8,8,276,50056.235,50056.529,0.294
1335,decode,4,4,236,50065.386,50065.683,0.297
1336,decode,3,4,217,50073.465,50073.748,0.283
1337,decode,2,2,218,50081.758,50082.027,0.27
1338,prefill,44,8192,274,50097.432,50109.627,12.195
1339,prefill,38,8192,285,50121.555,50133.516,11.961
1340,decode,72,72,286,50438.453,50439.067,0.614
1341,decode,49,56,287,50770.242,50770.805,0.563
1342,decode,42,48,288,50779.371,50779.844,0.473
1343,decode,31,32,289,50789.373,50789.772,0.399
1344,decode,22,24,281,50799.782,50800.141,0.36
1345,decode,18,24,282,50809.18,50809.529,0.348
1346,decode,12,16,283,50818.752,50819.077,0.325
1347,decode,8,8,284,50827.71,50828.005,0.295
1348,decode,6,8,283,50836.478,50836.778,0.301
1349,decode,5,8,284,50844.817,50845.102,0.286
1350,decode,4,4,285,50853.258,50853.537,0.279
1351,decode,4,4,286,50861.413,50861.695,0.282
1352,decode,3,4,237,50869.758,50870.027,0.269
1353,decode,1,1,166,50878.098,50878.51,0.412
1354,decode,1,1,167,50885.996,50886.362,0.366
1355,decode,1,1,168,50894.114,50894.483,0.369
1356,decode,1,1,169,50902.253,50902.636,0.383
1357,prefill,49,8192,267,50918.804,50930.971,12.167
1358,prefill,36,8192,257,50942.497,50954.375,11.878
1359,decode,80,80,268,51258.38,51259.061,0.681
1360,decode,70,72,269,51589.532,51590.163,0.631
1361,decode,63,64,270,51598.696,51599.214,0.518
1362,decode,52,56,271,51610.626,51611.106,0.48
1363,decode,46,48,272,51621.239,51621.702,0.464
1364,decode,37,40,273,51632.194,51632.625,0.431
1365,decode,31,32,266,51642.483,51642.883,0.401
1366,decode,27,32,267,51652.242,51652.643,0.401
1367,decode,22,24,261,51661.939,51662.292,0.353
1368,decode,20,24,262,51671.045,51671.391,0.346
1369,decode,15,16,263,51680.444,51680.787,0.342
1370,decode,12,16,264,51689.328,51689.661,0.334
1371,decode,10,16,265,51697.969,51698.283,0.314
1372,decode,8,8,260,51706.663,51706.955,0.291
1373,decode,4,4,251,51715.462,51715.752,0.29
1374,decode,2,2,184,51723.595,51723.865,0.27
1375,decode,2,2,185,51731.483,51731.755,0.272
1376,decode,2,2,186,51739.502,51739.777,0.275
1377,decode,1,1,187,51747.618,51748.024,0.406
1378,prefill,58,8192,262,51765.491,51777.64,12.149
1379,prefill,40,8192,255,51789.967,51801.773,11.806
1380,decode,93,96,263,52105.225,52105.914,0.69
1381,decode,85,88,264,52435.204,52435.893,0.689
1382,decode,73,80,265,52444.718,52445.289,0.57
1383,decode,59,64,266,52457.22,52457.743,0.523
1384,decode,48,48,267,52468.877,52469.325,0.448
1385,decode,37,40,268,52479.721,52480.139,0.418
1386,decode,29,32,269,52489.8,52490.184,0.384
1387,decode,26,32,270,52499.041,52499.417,0.376
1388,decode,24,24,271,52508.352,52508.72,0.369
1389,decode,20,24,272,52517.85,52518.198,0.348
1390,decode,16,16,273,52526.935,52527.259,0.323
1391,decode,15,16,274,52535.74,52536.056,0.316
1392,decode,9,16,275,52545.203,52545.541,0.338
1393,decode,8,8,276,52553.196,52553.489,0.293
1394,decode,6,8,269,52561.887,52562.173,0.286
1395,decode,5,8,270,52570.141,52570.424,0.284
1396,decode,4,4,271,52578.355,52578.645,0.29
1397,decode,4,4,272,52586.535,52586.815,0.28
1398,decode,3,4,273,52594.824,52595.094,0.27
1399,decode,3,4,274,52602.862,52603.129,0.267
1400,decode,2,2,189,52611.265,52611.532,0.267
1401,decode,2,2,190,52619.124,52619.382,0.258
1402,decode,2,2,191,52627.112,52627.368,0.256
1403,decode,2,2,192,52635.14,52635.399,0.258
1404,decode,1,1,193,52643.23,52643.664,0.433
1405,prefill,46,8192,280,52658.387,52670.706,12.319
1406,prefill,38,8192,270,52682.544,52694.305,11.761
1407,decode,77,80,281,52997.113,52997.741,0.628
1408,decode,71,72,282,53331.942,53332.6,0.659
1409,decode,60,64,283,53338.355,53338.876,0.521
1410,decode,52,56,284,53349.891,53350.369,0.478
1411,decode,43,48,285,53361.237,53361.705,0.468
1412,decode,34,40,286,53371.931,53372.349,0.418
1413,decode,28,32,287,53381.951,53382.335,0.384
1414,decode,20,24,288,53391.75,53392.105,0.355
1415,decode,16,16,258,53400.878,53401.203,0.324
1416,decode,11,16,259,53410.048,53410.364,0.316
1417,decode,9,16,260,53418.537,53418.863,0.326
1418,decode,7,8,261,53427.191,53427.488,0.297
1419,decode,5,8,262,53435.82,53436.102,0.283
1420,decode,4,4,263,53444.146,53444.426,0.28
1421,decode,2,2,264,53452.452,53452.732,0.28
1422,decode,2,2,265,53460.405,53460.676,0.271
1423,decode,2,2,266,53468.429,53468.711,0.282
1424,decode,2,2,267,53476.448,53476.72,0.271
1425,decode,2,2,268,53484.456,53484.733,0.277
1426,prefill,48,8192,257,53500.355,53512.446,12.091
1427,prefill,38,8192,265,53524.133,53535.928,11.795
1428,decode,83,88,266,53839.427,53840.129,0.702
1429,decode,72,72,267,54170.761,54171.382,0.621
1430,decode,63,64,268,54179.903,54180.415,0.512
1431,decode,48,48,269,54192.267,54192.733,0.466
1432,decode,40,40,270,54202.681,54203.104,0.424
1433,decode,31,32,271,54213.489,54213.908,0.419
1434,decode,27,32,272,54223.021,54223.398,0.376
1435,decode,19,24,273,54232.956,54233.309,0.353
1436,decode,13,16,274,54242.094,54242.418,0.324
1437,decode,7,8,275,54251.306,54251.613,0.307
1438,decode,6,8,276,54259.463,54259.756,0.293
1439,decode,5,8,277,54267.957,54268.246,0.289
1440,decode,3,4,278,54276.542,54276.844,0.302
1441,decode,3,4,279,54284.53,54284.809,0.28
1442,decode,3,4,280,54292.745,54293.01,0.266
1443,decode,2,2,281,54301.105,54301.372,0.267
1444,decode,1,1,270,54309.275,54309.699,0.424
1445,decode,1,1,271,54317.167,54317.61,0.443
1446,decode,1,1,272,54325.322,54325.709,0.387
1447,prefill,43,8192,264,54340.872,54353.06,12.187
1448,prefill,40,8192,261,54365.299,54377.184,11.886
1449,decode,80,80,265,54678.388,54679.058,0.67
1450,decode,66,72,266,55013.319,55013.916,0.598
1451,decode,50,56,262,55022.872,55023.354,0.482
1452,decode,34,40,263,55034.08,55034.501,0.422
1453,decode,25,32,262,55044.068,55044.469,0.401
1454,decode,20,24,261,55053.541,55053.925,0.384
1455,decode,17,24,260,55063.003,55063.344,0.341
1456,decode,14,16,261,55072.23,55072.552,0.323
1457,decode,13,16,262,55081.405,55081.75,0.346
1458,decode,6,8,254,55090.807,55091.099,0.292
1459,decode,4,4,249,55099.1,55099.375,0.275
1460,decode,4,4,250,55107.271,55107.54,0.269
1461,decode,4,4,251,55115.383,55115.662,0.279
1462,decode,4,4,252,55123.645,55123.913,0.267
1463,decode,4,4,253,55131.978,55132.272,0.294
1464,decode,2,2,254,55140.307,55140.585,0.278
1465,decode,2,2,255,55148.254,55148.513,0.259
1466,decode,2,2,256,55156.281,55156.541,0.26
1467,decode,1,1,230,55164.374,55164.792,0.418
1468,decode,1,1,231,55172.254,55172.634,0.381
1469,decode,1,1,232,55180.377,55180.761,0.384
1470,decode,1,1,233,55188.502,55188.891,0.389
1471,decode,1,1,234,55196.656,55197.024,0.368
1472,decode,1,1,235,55204.82,55205.189,0.369
1473,prefill,60,8192,266,55223.141,55235.327,12.186
1474,prefill,44,8192,262,55248.541,55260.901,12.359
1475,decode,98,104,267,55561.955,55562.708,0.753
1476,decode,85,88,268,55893.117,55893.754,0.638
1477,decode,73,80,269,55902.369,55902.966,0.597
1478,decode,59,64,270,55914.373,55914.895,0.523
1479,decode,47,48,271,55926.047,55926.499,0.452
1480,decode,39,40,272,55936.524,55936.973,0.45
1481,decode,33,40,273,55946.582,55947.003,0.421
1482,decode,29,32,274,55956.197,55956.594,0.397
1483,decode,25,32,275,55965.949,55966.324,0.375
1484,decode,20,24,276,55975.508,55975.876,0.368
1485,decode,17,24,277,55984.584,55984.932,0.348
1486,decode,17,24,278,55993.462,55993.822,0.36
1487,decode,16,16,279,56002.738,56003.066,0.327
1488,decode,11,16,280,56012.222,56012.536,0.314
1489,decode,10,16,281,56020.648,56020.962,0.314
1490,decode,10,16,282,56029.202,56029.519,0.318
1491,decode,9,16,283,56038.021,56038.335,0.314
1492,decode,6,8,279,56046.954,56047.246,0.292
1493,decode,5,8,280,56055.322,56055.619,0.297
1494,decode,4,4,272,56063.614,56063.89,0.276
1495,decode,4,4,273,56071.788,56072.054,0.266
1496,decode,4,4,274,56079.961,56080.228,0.267
1497,decode,3,4,275,56088.29,56088.574,0.284
1498,decode,3,4,276,56096.346,56096.63,0.284
1499,decode,3,4,277,56104.51,56104.792,0.282
1500,decode,3,4,278,56112.827,56113.096,0.268
1501,decode,3,4,279,56120.886,56121.153,0.267
1502,decode,3,4,280,56129.21,56129.511,0.301
1503,decode,3,4,281,56137.235,56137.502,0.267
1504,decode,3,4,282,56145.4,56145.681,0.281
1505,decode,3,4,283,56153.592,56153.875,0.283
1506,decode,2,2,284,56161.793,56162.06,0.267
1507,decode,1,1,285,56169.879,56170.288,0.409
1508,decode,1,1,286,56177.755,56178.124,0.369
1509,prefill,78,8192,271,56199.972,56212.328,12.356
1510,prefill,36,8192,284,56224.263,56236.092,11.828
1511,decode,109,112,285,56541.467,56543.117,1.65
1512,decode,98,104,281,56871.218,56871.924,0.706
1513,decode,81,88,282,56883.338,56883.959,0.621
1514,decode,67,72,275,56895.266,56895.838,0.573
1515,decode,54,56,276,56907.136,56907.631,0.495
1516,decode,46,48,277,56918.225,56918.684,0.458
1517,decode,37,40,278,56928.789,56929.209,0.42
1518,decode,33,40,279,56938.434,56938.852,0.418
1519,decode,28,32,280,56948.263,56948.655,0.392
1520,decode,24,24,281,56957.9,56958.255,0.355
1521,decode,19,24,282,56967.194,56967.541,0.347
1522,decode,17,24,283,56975.735,56976.083,0.348
1523,decode,15,16,284,56984.627,56984.952,0.324
1524,decode,8,8,285,56994.184,56994.483,0.299
1525,decode,7,8,286,57002.184,57002.486,0.302
1526,decode,6,8,287,57010.326,57010.636,0.31
1527,decode,5,8,286,57018.672,57018.957,0.285
1528,decode,5,8,287,57026.795,57027.075,0.28
1529,decode,4,4,288,57035.149,57035.424,0.275
1530,decode,4,4,289,57043.3,57043.591,0.29
1531,decode,2,2,290,57051.706,57051.973,0.267
1532,decode,1,1,250,57059.83,57060.235,0.405
1533,decode,1,1,251,57067.634,57068.001,0.367
1534,prefill,54,8192,280,57084.969,57097.078,12.108
1535,prefill,42,8192,248,57110.815,57123.318,12.503
1536,decode,89,96,281,57424.248,57424.985,0.737
1537,decode,74,80,281,57756.494,57757.172,0.679
1538,decode,55,56,282,57766.499,57767.003,0.504
1539,decode,44,48,283,57776.53,57777.006,0.477
1540,decode,33,40,284,57787.181,57787.616,0.435
1541,decode,21,24,241,57797.582,57797.945,0.363
1542,decode,16,16,242,57806.537,57806.876,0.339
1543,decode,13,16,243,57815.407,57815.734,0.327
1544,decode,12,16,244,57824.233,57824.548,0.315
1545,decode,9,16,245,57833.249,57833.578,0.329
1546,decode,7,8,246,57841.944,57842.235,0.291
1547,decode,5,8,247,57850.575,57850.858,0.282
1548,decode,5,8,248,57858.741,57859.026,0.285
1549,decode,4,4,249,57867.141,57867.417,0.276
1550,decode,2,2,249,57875.593,57875.862,0.269
1551,prefill,42,8192,284,57890.646,57902.85,12.204
1552,prefill,42,8192,266,57915.471,57927.282,11.81
1553,decode,77,80,285,58237.623,58238.282,0.66
1554,decode,61,64,286,58570.218,58570.81,0.592
1555,decode,47,48,287,58579.782,58580.232,0.451
1556,decode,40,40,288,58589.463,58589.893,0.429
1557,decode,36,40,289,58599.993,58600.411,0.418
1558,decode,32,32,290,58610.276,58610.675,0.399
1559,decode,29,32,291,58620.362,58620.748,0.386
1560,decode,23,24,292,58630.681,58631.036,0.355
1561,decode,22,24,293,58639.601,58639.95,0.349
1562,decode,18,24,294,58649.258,58649.622,0.364
1563,decode,14,16,295,58658.57,58658.895,0.325
1564,decode,12,16,296,58667.505,58667.833,0.328
1565,decode,10,16,297,58676.231,58676.545,0.314
1566,decode,8,8,298,58684.928,58685.221,0.293
1567,decode,4,4,289,58693.835,58694.111,0.275
1568,decode,4,4,290,58701.773,58702.038,0.265
1569,decode,2,2,287,58710.24,58710.594,0.354
1570,decode,2,2,288,58718.219,58718.479,0.26
1571,decode,2,2,289,58726.22,58726.479,0.259
1572,decode,1,1,283,58734.414,58734.836,0.422
1573,decode,1,1,284,58742.275,58742.655,0.379
1574,decode,1,1,285,58750.414,58750.799,0.384
1575,decode,1,1,286,58758.591,58758.96,0.369
1576,prefill,50,8192,280,58775.085,58787.958,12.873
1577,prefill,44,8192,279,58801.123,58813.072,11.949
1578,decode,88,88,281,59113.417,59114.109,0.691
1579,decode,74,80,282,59447.921,59448.605,0.684
1580,decode,63,64,283,59456.837,59457.357,0.519
1581,decode,47,48,267,59468.779,59469.234,0.454
1582,decode,41,48,268,59478.803,59479.239,0.436
1583,decode,32,32,269,59489.532,59489.938,0.405
1584,decode,26,32,270,59499.551,59499.939,0.388
1585,decode,20,24,255,59509.195,59509.548,0.353
1586,decode,14,16,256,59518.471,59518.809,0.338
1587,decode,12,16,252,59527.338,59527.669,0.331
1588,decode,11,16,253,59536.087,59536.398,0.312
1589,decode,8,8,254,59545.231,59545.575,0.343
1590,decode,6,8,255,59553.714,59554.014,0.3
1591,decode,5,8,256,59562.01,59562.305,0.296
1592,decode,3,4,257,59570.363,59570.666,0.303
1593,decode,2,2,258,59578.527,59578.824,0.297
1594,decode,2,2,259,59586.54,59586.817,0.277
1595,decode,2,2,260,59594.575,59594.834,0.26
1596,decode,2,2,261,59602.637,59602.893,0.257
1597,decode,1,1,181,59610.715,59611.124,0.409
1598,decode,1,1,182,59618.6,59618.966,0.366
1599,prefill,45,8192,269,59634.297,59646.539,12.242
1600,prefill,36,8192,270,59658.671,59670.671,12.0
1601,decode,79,80,271,59972.179,59972.822,0.643
1602,decode,74,80,272,60307.166,60307.824,0.659
1603,decode,58,64,273,60316.396,60316.917,0.521
1604,decode,50,56,274,60327.987,60328.471,0.484
1605,decode,45,48,275,60338.732,60339.181,0.449
1606,decode,37,40,276,60349.875,60350.291,0.415
1607,decode,32,32,277,60360.061,60360.446,0.385
1608,decode,24,24,278,60370.302,60370.671,0.368
1609,decode,19,24,279,60379.826,60380.198,0.372
1610,decode,17,24,277,60388.756,60389.11,0.355
1611,decode,14,16,278,60397.825,60398.161,0.336
1612,decode,11,16,279,60406.927,60407.252,0.325
1613,decode,8,8,280,60415.618,60415.929,0.31
1614,decode,6,8,281,60424.18,60424.475,0.295
1615,decode,4,4,282,60432.52,60432.834,0.314
1616,decode,3,4,283,60440.704,60440.971,0.267
1617,decode,3,4,284,60448.817,60449.084,0.266
1618,decode,3,4,285,60457.029,60457.296,0.266
1619,decode,2,2,239,60465.267,60465.533,0.266
1620,decode,2,2,240,60473.472,60473.757,0.285
1621,decode,1,1,241,60481.491,60481.916,0.425
1622,decode,1,1,242,60489.393,60489.773,0.38
1623,decode,1,1,243,60497.536,60497.924,0.388
1624,prefill,50,8192,265,60514.403,60527.053,12.65
1625,prefill,41,8192,245,60540.634,60553.438,12.804
1626,decode,87,88,266,60853.384,60854.211,0.827
1627,decode,68,72,267,61185.744,61186.383,0.639
1628,decode,47,48,268,61197.089,61197.552,0.463
1629,decode,35,40,269,61206.465,61206.905,0.44
1630,decode,25,32,270,61216.522,61216.928,0.406
1631,decode,23,24,271,61225.478,61225.867,0.389
1632,decode,18,24,272,61235.267,61235.632,0.365
1633,decode,15,16,273,61244.367,61244.709,0.342
1634,decode,15,16,274,61253.162,61253.49,0.328
1635,decode,14,16,275,61262.213,61262.533,0.32
1636,decode,13,16,276,61271.007,61271.321,0.314
1637,decode,10,16,277,61280.101,61280.418,0.316
1638,decode,9,16,273,61288.568,61288.882,0.314
1639,decode,6,8,274,61297.294,61297.617,0.323
1640,decode,5,8,275,61305.806,61306.091,0.285
1641,decode,4,4,276,61313.894,61314.182,0.288
1642,decode,2,2,258,61322.321,61322.61,0.288
1643,decode,2,2,259,61330.241,61330.5,0.259
1644,prefill,48,8192,264,61346.873,61359.44,12.567
1645,prefill,37,8192,267,61371.191,61383.552,12.361
1646,decode,81,88,268,61689.297,61690.005,0.708
1647,decode,68,72,269,62021.605,62022.173,0.568
1648,decode,52,56,268,62031.627,62032.121,0.494
1649,decode,40,40,267,62042.414,62042.848,0.433
1650,decode,26,32,266,62053.477,62053.982,0.506
1651,decode,22,24,267,62062.545,62062.937,0.392
1652,decode,17,24,268,62072.139,62072.496,0.357
1653,decode,14,16,269,62081.15,62081.474,0.324
1654,decode,7,8,263,62090.832,62091.126,0.294
1655,decode,6,8,264,62099.074,62099.371,0.297
1656,decode,5,8,265,62107.499,62107.797,0.298
1657,decode,3,4,266,62116.006,62116.281,0.275
1658,decode,3,4,267,62124.023,62124.289,0.266
1659,decode,1,1,260,62132.434,62132.858,0.424
1660,prefill,50,8192,286,62149.284,62161.423,12.14
1661,prefill,43,8192,294,62174.36,62186.204,11.844
1662,decode,85,88,295,62490.591,62491.245,0.654
1663,decode,72,72,296,62829.163,62829.873,0.71
1664,decode,56,56,289,62835.544,62836.057,0.513
1665,decode,43,48,290,62845.863,62846.321,0.458
1666,decode,36,40,291,62855.712,62856.136,0.424
1667,decode,31,32,292,62865.846,62866.235,0.389
1668,decode,17,24,293,62876.655,62877.013,0.358
1669,decode,12,16,294,62884.944,62885.276,0.332
1670,decode,11,16,295,62893.631,62893.952,0.321
1671,decode,10,16,296,62902.44,62902.772,0.332
1672,decode,8,8,297,62911.284,62911.604,0.32
1673,decode,8,8,298,62919.808,62920.097,0.289
1674,decode,6,8,299,62928.449,62928.769,0.32
1675,decode,2,2,272,62937.203,62937.48,0.277
1676,decode,2,2,273,62945.01,62945.271,0.262
1677,decode,2,2,274,62952.98,62953.24,0.26
1678,prefill,37,8192,255,62967.251,62979.626,12.374
1679,prefill,38,8192,267,62992.986,63005.236,12.25
1680,decode,71,72,268,63308.584,63309.15,0.567
1681,decode,65,72,268,63647.135,63647.859,0.724
1682,decode,53,56,269,63654.498,63655.11,0.612
1683,decode,45,48,270,63666.049,63666.606,0.557
1684,decode,38,40,271,63676.905,63677.417,0.512
1685,decode,32,32,272,63687.333,63687.844,0.511
1686,decode,27,32,273,63697.339,63697.738,0.4
1687,decode,23,24,274,63707.134,63707.617,0.483
1688,decode,18,24,275,63716.648,63717.024,0.376
1689,decode,16,16,276,63725.695,63726.12,0.425
1690,decode,12,16,272,63734.994,63735.323,0.329
1691,decode,9,16,273,63743.72,63744.049,0.33
1692,decode,8,8,274,63752.186,63752.6,0.414
1693,decode,8,8,275,63760.775,63761.067,0.291
1694,decode,8,8,276,63769.176,63769.469,0.293
1695,decode,6,8,271,63777.871,63778.188,0.317
1696,decode,5,8,272,63786.162,63786.475,0.313
1697,decode,5,8,273,63794.35,63794.654,0.304
1698,decode,4,4,267,63802.754,63803.145,0.391
1699,decode,4,4,268,63810.897,63811.174,0.277
1700,decode,2,2,227,63819.498,63819.882,0.384
1701,decode,2,2,228,63827.244,63827.508,0.265
1702,decode,1,1,164,63835.368,63836.073,0.704
1703,decode,1,1,165,63843.265,63843.665,0.4
1704,decode,1,1,166,63851.418,63851.819,0.401
1705,decode,1,1,167,63859.583,63859.969,0.386
1706,decode,1,1,168,63867.784,63868.167,0.384
1707,decode,1,1,169,63875.899,63876.287,0.387
1708,decode,1,1,170,63884.034,63884.444,0.409
1709,prefill,54,8192,272,63902.096,63914.423,12.327
1710,prefill,42,8192,273,63928.403,63940.305,11.902
1711,decode,85,88,273,64241.337,64242.121,0.785
1712,decode,68,72,272,64573.791,64574.392,0.601
1713,decode,54,56,273,64583.798,64584.283,0.485
1714,decode,41,48,274,64594.677,64595.128,0.451
1715,decode,30,32,275,64605.197,64605.624,0.427
1716,decode,24,24,276,64615.612,64615.978,0.366
1717,decode,19,24,277,64625.695,64626.041,0.346
1718,decode,17,24,278,64635.35,64635.715,0.364
1719,decode,12,16,279,64645.337,64645.679,0.342
1720,decode,9,16,280,64654.531,64654.88,0.349
1721,decode,8,8,281,64662.913,64663.223,0.31
1722,decode,5,8,274,64672.006,64672.336,0.329
1723,decode,5,8,275,64680.047,64680.331,0.284
1724,decode,4,4,276,64688.495,64688.818,0.323
1725,decode,1,1,275,64697.045,64697.481,0.436
1726,decode,1,1,276,64704.915,64705.347,0.432
1727,decode,1,1,277,64713.04,64713.421,0.382
1728,prefill,41,8192,282,64728.375,64741.48,13.105
1729,prefill,46,8192,256,64756.472,64769.165,12.693
1730,decode,79,80,283,65070.073,65070.803,0.729
1731,decode,65,72,284,65405.794,65406.543,0.749
1732,decode,54,56,270,65412.674,65413.164,0.49
1733,decode,35,40,267,65424.776,65425.199,0.424
1734,decode,30,32,268,65433.792,65434.185,0.393
1735,decode,23,24,269,65443.794,65444.164,0.37
1736,decode,19,24,270,65453.17,65453.52,0.35
1737,decode,16,16,271,65462.355,65462.701,0.346
1738,decode,14,16,272,65471.385,65471.725,0.34
1739,decode,12,16,273,65480.38,65480.729,0.349
1740,decode,10,16,274,65489.344,65489.675,0.331
1741,decode,10,16,275,65497.788,65498.12,0.332
1742,decode,9,16,276,65506.455,65506.799,0.344
1743,decode,6,8,277,65515.277,65515.617,0.34
1744,decode,5,8,234,65523.567,65523.86,0.292
1745,decode,5,8,235,65531.78,65532.072,0.292
1746,decode,2,2,153,65540.334,65540.639,0.304
1747,decode,2,2,154,65548.258,65548.532,0.274
1748,decode,1,1,155,65556.382,65556.859,0.478
1749,decode,1,1,156,65564.271,65564.657,0.385
1750,prefill,60,8192,259,65584.006,65596.987,12.981
1751,prefill,53,8192,229,65615.646,65627.432,11.786
1752,decode,104,104,260,65925.58,65926.406,0.826
1753,decode,88,88,255,66259.099,66259.788,0.69
1754,decode,67,72,253,66268.592,66269.132,0.54
1755,decode,52,56,254,66278.816,66279.297,0.482
1756,decode,44,48,255,66289.674,66290.123,0.449
1757,decode,31,32,250,66300.683,66301.084,0.401
1758,decode,25,32,251,66310.023,66310.397,0.375
1759,decode,14,16,245,66320.067,66320.409,0.342
1760,decode,13,16,231,66328.218,66328.536,0.319
1761,decode,8,8,232,66337.248,66337.555,0.307
1762,decode,4,4,170,66345.861,66346.152,0.291
1763,decode,3,4,164,66353.883,66354.152,0.269
1764,decode,2,2,165,66362.091,66362.383,0.292
1765,decode,2,2,166,66370.176,66370.442,0.265
1766,decode,1,1,167,66378.329,66378.806,0.477
1767,prefill,43,8192,259,66393.469,66405.755,12.285
1768,prefill,49,8192,263,66422.097,66434.32,12.222
1769,decode,86,88,264,66741.211,66741.994,0.783
1770,decode,81,88,265,67075.502,67076.233,0.731
1771,decode,65,72,264,67083.006,67083.583,0.577
1772,decode,50,56,265,67094.51,67095.022,0.511
1773,decode,37,40,266,67105.452,67105.905,0.454
1774,decode,33,40,267,67115.01,67115.42,0.409
1775,decode,27,32,268,67125.09,67125.486,0.396
1776,decode,21,24,269,67134.913,67135.277,0.364
1777,decode,19,24,270,67143.713,67144.059,0.346
1778,decode,13,16,271,67153.268,67153.631,0.363
1779,decode,7,8,272,67162.353,67162.673,0.319
1780,decode,6,8,273,67170.63,67170.943,0.313
1781,decode,5,8,274,67178.979,67179.287,0.308
1782,decode,4,4,275,67187.205,67187.505,0.3
1783,decode,3,4,276,67195.444,67195.738,0.295
1784,decode,2,2,277,67203.658,67203.95,0.292
1785,decode,1,1,272,67211.859,67212.297,0.437
1786,decode,1,1,273,67219.789,67220.175,0.386
1787,prefill,68,8192,258,67240.52,67253.217,12.697
1788,prefill,49,8192,265,67271.431,67283.254,11.823
1789,decode,112,112,266,67582.171,67582.998,0.826
1790,decode,102,104,267,67915.814,67916.519,0.705
1791,decode,83,88,268,67925.422,67926.035,0.613
1792,decode,69,72,269,67937.546,67938.115,0.569
1793,decode,62,64,270,67948.852,67949.454,0.602
1794,decode,51,56,271,67960.873,67961.36,0.487
1795,decode,46,48,272,67971.146,67971.617,0.471
1796,decode,35,40,273,67981.964,67982.389,0.425
1797,decode,27,32,274,67991.896,67992.291,0.395
1798,decode,19,24,275,68001.569,68001.937,0.368
1799,decode,14,16,276,68010.415,68010.766,0.351
1800,decode,11,16,276,68019.507,68019.878,0.371
1801,decode,11,16,277,68027.688,68028.019,0.331
1802,decode,7,8,278,68036.95,68037.258,0.308
1803,decode,6,8,279,68045.145,68045.44,0.295
1804,decode,5,8,280,68053.514,68053.819,0.305
1805,decode,5,8,281,68061.789,68062.081,0.291
1806,decode,5,8,282,68070.104,68070.392,0.288
1807,decode,3,4,253,68078.625,68078.911,0.285
1808,decode,2,2,254,68086.781,68087.066,0.286
1809,decode,1,1,215,68094.953,68095.384,0.431
1810,decode,1,1,216,68102.84,68103.219,0.379
1811,decode,1,1,217,68110.986,68111.368,0.382
1812,decode,1,1,218,68119.156,68119.535,0.379
1813,prefill,64,8192,250,68138.701,68151.226,12.525
1814,prefill,43,8192,254,68167.734,68180.006,12.272
1815,decode,102,104,255,68479.148,68479.857,0.709
1816,decode,93,96,256,68812.086,68812.848,0.763
1817,decode,79,80,257,68821.267,68821.877,0.61
1818,decode,67,72,258,68833.894,68834.432,0.539
1819,decode,55,56,258,68845.722,68846.198,0.477
1820,decode,45,48,259,68857.434,68857.907,0.473
1821,decode,37,40,260,68867.556,68867.986,0.43
1822,decode,27,32,261,68878.18,68878.59,0.41
1823,decode,23,24,262,68887.31,68887.691,0.381
1824,decode,19,24,263,68896.66,68897.009,0.349
1825,decode,18,24,264,68905.618,68905.963,0.345
1826,decode,16,16,265,68914.871,68915.206,0.335
1827,decode,14,16,266,68923.922,68924.244,0.322
1828,decode,11,16,267,68933.035,68933.354,0.318
1829,decode,9,16,268,68941.722,68942.041,0.319
1830,decode,5,8,257,68950.526,68951.311,0.785
1831,decode,4,4,258,68958.754,68959.04,0.286
1832,decode,3,4,251,68967.043,68967.309,0.266
1833,decode,1,1,252,68975.362,68975.793,0.431
1834,decode,1,1,253,68983.251,68983.653,0.402
1835,prefill,56,8192,264,69000.783,69013.445,12.662
1836,prefill,44,8192,263,69029.537,69042.375,12.838
1837,decode,97,104,265,69343.515,69344.305,0.79
1838,decode,79,80,266,69675.658,69676.261,0.602
1839,decode,70,72,267,69685.134,69685.688,0.554
1840,decode,64,64,268,69696.154,69696.674,0.52
1841,decode,60,64,269,69707.742,69708.237,0.496
1842,decode,53,56,270,69719.126,69719.619,0.494
1843,decode,45,48,269,69730.078,69730.524,0.445
1844,decode,39,40,270,69740.365,69740.803,0.438
1845,decode,34,40,271,69750.51,69750.946,0.436
1846,decode,28,32,268,69760.24,69760.656,0.415
1847,decode,23,24,269,69769.725,69770.088,0.363
1848,decode,20,24,270,69778.721,69779.074,0.353
1849,decode,17,24,261,69787.847,69788.197,0.35
1850,decode,12,16,255,69797.029,69797.361,0.332
1851,decode,12,16,256,69805.426,69805.754,0.328
1852,decode,10,16,257,69814.31,69814.64,0.33
1853,decode,6,8,258,69823.016,69823.313,0.296
1854,decode,5,8,259,69831.266,69831.55,0.284
1855,decode,4,4,260,69839.535,69839.836,0.3
1856,decode,4,4,261,69847.754,69848.029,0.275
1857,decode,2,2,262,69856.205,69856.495,0.29
1858,decode,2,2,263,69864.094,69864.366,0.272
1859,decode,2,2,264,69872.085,69872.355,0.27
1860,decode,1,1,265,69880.358,69880.813,0.455
1861,prefill,57,8192,257,69898.672,69910.909,12.237
1862,prefill,43,8192,252,69925.02,69936.85,11.83
1863,decode,97,104,258,70240.799,70241.578,0.779
1864,decode,84,88,259,70572.599,70573.222,0.622
1865,decode,61,64,260,70584.312,70584.898,0.586
1866,decode,55,56,261,70593.372,70593.877,0.505
1867,decode,47,48,262,70604.555,70605.032,0.477
1868,decode,42,48,263,70615.169,70615.62,0.451
1869,decode,37,40,264,70625.599,70626.019,0.42
1870,decode,32,32,265,70635.893,70636.276,0.383
1871,decode,28,32,266,70645.503,70645.902,0.399
1872,decode,25,32,267,70655.003,70655.382,0.379
1873,decode,23,24,268,70664.109,70664.465,0.356
1874,decode,20,24,269,70673.517,70673.887,0.369
1875,decode,19,24,265,70682.461,70682.84,0.379
1876,decode,14,16,266,70692.042,70692.371,0.329
1877,decode,10,16,262,70701.042,70701.364,0.323
1878,decode,9,16,263,70709.347,70709.747,0.4
1879,decode,5,8,264,70718.174,70718.481,0.307
1880,decode,3,4,265,70726.518,70726.824,0.306
1881,decode,2,2,266,70734.541,70734.84,0.299
1882,decode,2,2,267,70742.609,70742.884,0.275
1883,decode,1,1,268,70750.749,70751.167,0.418
1884,decode,1,1,269,70758.714,70759.118,0.404
1885,decode,1,1,270,70766.802,70767.173,0.371
1886,decode,1,1,271,70774.992,70775.368,0.376
1887,decode,1,1,272,70783.12,70783.495,0.375
1888,decode,1,1,273,70791.316,70791.704,0.388
1889,decode,1,1,274,70799.483,70799.868,0.385
1890,prefill,44,8192,267,70815.169,70828.041,12.872
1891,prefill,45,8192,276,70842.694,70854.959,12.264
1892,decode,84,88,277,71153.845,71154.535,0.69
1893,decode,74,80,278,71489.873,71490.47,0.596
1894,decode,60,64,279,71499.281,71499.812,0.531
1895,decode,48,48,280,71510.665,71511.113,0.448
1896,decode,39,40,281,71521.504,71521.936,0.432
1897,decode,28,32,279,71532.476,71532.882,0.406
1898,decode,26,32,280,71541.68,71542.054,0.374
1899,decode,22,24,281,71551.364,71551.734,0.37
1900,decode,19,24,282,71560.994,71561.373,0.379
1901,decode,18,24,283,71569.866,71570.214,0.347
1902,decode,18,24,284,71579.05,71579.396,0.346
1903,decode,14,16,285,71588.599,71588.932,0.333
1904,decode,13,16,286,71597.417,71597.768,0.351
1905,decode,8,8,281,71606.578,71606.879,0.301
1906,decode,8,8,282,71614.768,71615.053,0.285
1907,decode,6,8,283,71623.392,71623.689,0.297
1908,decode,5,8,284,71633.415,71633.711,0.295
1909,decode,4,4,285,71639.992,71640.273,0.281
1910,decode,4,4,286,71648.165,71648.431,0.267
1911,decode,4,4,287,71656.36,71656.639,0.279
1912,decode,3,4,288,71664.686,71664.952,0.266
1913,decode,1,1,219,71673.036,71673.453,0.417
1914,decode,1,1,220,71680.941,71681.319,0.378
1915,decode,1,1,221,71689.071,71689.445,0.374
1916,prefill,42,8192,263,71704.267,71716.53,12.263
1917,prefill,36,8192,262,71728.531,71740.317,11.786
1918,decode,70,72,264,72045.93,72046.58,0.65
1919,decode,61,64,265,72379.373,72379.947,0.575
1920,decode,46,48,266,72388.856,72389.309,0.453
1921,decode,34,40,267,72399.221,72399.653,0.433
1922,decode,25,32,268,72409.518,72409.924,0.405
1923,decode,22,24,269,72418.741,72419.096,0.355
1924,decode,15,16,270,72428.845,72429.182,0.337
1925,decode,9,16,271,72438.118,72438.435,0.317
1926,decode,5,8,266,72448.587,72449.04,0.453
1927,decode,5,8,267,72455.044,72455.342,0.298
1928,decode,4,4,238,72463.463,72463.767,0.303
1929,decode,3,4,239,72471.877,72472.154,0.278
1930,decode,2,2,240,72480.07,72480.353,0.283
1931,decode,1,1,241,72488.274,72488.726,0.452
1932,decode,1,1,242,72496.268,72496.674,0.406
1933,decode,1,1,243,72504.372,72504.768,0.396
1934,decode,1,1,244,72512.541,72512.931,0.39
1935,decode,1,1,245,72520.733,72521.121,0.388
1936,decode,1,1,246,72528.913,72529.29,0.377
1937,decode,1,1,247,72537.06,72537.442,0.381
1938,prefill,47,8192,270,72554.048,72566.404,12.356
1939,prefill,41,8192,277,72581.898,72593.794,11.896
1940,decode,84,88,278,72897.732,72898.47,0.737
1941,decode,75,80,279,73235.848,73236.617,0.769
1942,decode,70,72,280,73240.97,73241.53,0.56
1943,decode,52,56,281,73253.477,73253.993,0.515
1944,decode,39,40,282,73265.008,73265.445,0.437
1945,decode,30,32,283,73274.991,73275.394,0.403
1946,decode,25,32,284,73284.427,73284.827,0.4
1947,decode,20,24,285,73294.08,73294.455,0.375
1948,decode,15,16,286,73303.31,73303.677,0.368
1949,decode,12,16,287,73312.009,73312.335,0.326
1950,decode,11,16,288,73320.471,73320.809,0.338
1951,decode,8,8,289,73329.34,73329.656,0.315
1952,decode,5,8,290,73338.132,73338.426,0.293
1953,decode,3,4,254,73346.402,73346.695,0.294
1954,decode,2,2,246,73354.55,73354.841,0.291
1955,decode,1,1,247,73362.746,73363.173,0.427
1956,prefill,47,8192,272,73379.185,73393.401,14.215
1957,prefill,38,8192,266,73408.306,73420.263,11.957
1958,decode,82,88,273,73720.887,73721.555,0.669
1959,decode,73,80,274,74055.16,74055.765,0.605
1960,decode,62,64,275,74064.573,74065.096,0.523
1961,decode,47,48,276,74076.606,74077.064,0.458
1962,decode,38,40,273,74086.862,74087.286,0.424
1963,decode,32,32,274,74097.137,74097.531,0.394
1964,decode,26,32,273,74107.369,74107.768,0.4
1965,decode,25,32,274,74116.361,74116.756,0.395
1966,decode,21,24,275,74126.17,74126.546,0.375
1967,decode,19,24,276,74135.388,74135.767,0.379
1968,decode,18,24,269,74144.531,74144.996,0.465
1969,decode,17,24,270,74153.764,74154.121,0.357
1970,decode,14,16,271,74163.084,74163.432,0.347
1971,decode,13,16,272,74171.888,74172.215,0.327
1972,decode,11,16,273,74180.793,74181.111,0.318
1973,decode,9,16,274,74189.632,74189.952,0.32
1974,decode,7,8,275,74198.187,74198.487,0.3
1975,decode,6,8,276,74206.767,74207.053,0.286
1976,decode,5,8,274,74215.233,74215.529,0.296
1977,decode,5,8,275,74223.37,74223.681,0.311
1978,decode,3,4,276,74231.866,74232.158,0.292
1979,decode,2,2,277,74240.03,74240.312,0.282
1980,decode,2,2,278,74248.133,74248.395,0.262
1981,decode,1,1,279,74256.153,74256.598,0.444
1982,decode,1,1,280,74264.067,74264.444,0.377
1983,decode,1,1,281,74272.221,74272.625,0.404
1984,decode,1,1,282,74280.415,74280.799,0.385
1985,decode,1,1,283,74288.578,74288.954,0.376
1986,decode,1,1,284,74296.722,74297.125,0.403
1987,decode,1,1,285,74304.926,74305.3,0.375
1988,decode,1,1,286,74313.052,74313.424,0.372
1989,prefill,62,8192,260,74332.61,74345.324,12.713
1990,prefill,41,8192,231,74359.696,74371.699,12.003
1991,decode,94,96,261,74674.924,74675.657,0.733
1992,decode,86,88,262,75009.206,75009.837,0.631
1993,decode,73,80,263,75019.545,75020.138,0.593
1994,decode,66,72,264,75031.428,75032.0,0.572
1995,decode,54,56,259,75044.24,75044.733,0.493
1996,decode,47,48,260,75055.582,75056.031,0.449
1997,decode,32,32,261,75067.755,75068.312,0.557
1998,decode,29,32,262,75076.204,75076.628,0.424
1999,decode,25,32,263,75085.831,75086.222,0.391
2000,decode,24,24,264,75095.028,75095.4,0.371
2001,decode,18,24,265,75104.623,75104.976,0.353
2002,decode,13,16,266,75113.726,75114.069,0.342
2003,decode,11,16,267,75122.252,75122.582,0.33
2004,decode,8,8,268,75130.922,75131.23,0.308
2005,decode,5,8,269,75139.714,75139.999,0.285
2006,decode,4,4,270,75147.703,75148.009,0.306
2007,decode,4,4,271,75155.861,75156.13,0.268
2008,decode,4,4,272,75164.117,75164.387,0.27
2009,decode,4,4,273,75172.412,75172.696,0.284
2010,decode,3,4,270,75180.744,75181.011,0.267
2011,decode,3,4,271,75188.829,75189.112,0.283
2012,decode,1,1,272,75197.256,75197.71,0.455
2013,decode,1,1,273,75205.145,75205.529,0.383
2014,decode,1,1,274,75213.257,75213.665,0.408
2015,decode,1,1,275,75221.452,75221.839,0.386
2016,decode,1,1,276,75229.65,75230.047,0.397
2017,decode,1,1,277,75237.837,75238.22,0.383
2018,decode,1,1,278,75245.991,75246.37,0.379
2019,decode,1,1,279,75254.132,75254.504,0.372
2020,decode,1,1,280,75262.374,75262.763,0.389
2021,decode,1,1,281,75270.506,75270.91,0.405
2022,decode,1,1,282,75278.649,75279.031,0.382
2023,decode,1,1,283,75286.775,75287.156,0.381
2024,prefill,44,8192,278,75302.718,75315.631,12.913
2025,prefill,37,8192,266,75329.607,75341.722,12.116
2026,decode,76,80,279,75642.262,75642.895,0.633
2027,decode,66,72,280,75978.766,75979.34,0.574
2028,decode,56,56,281,75988.604,75989.107,0.503
2029,decode,52,56,282,75999.825,76000.297,0.472
2030,decode,42,48,283,76011.809,76012.282,0.473
2031,decode,27,32,284,76023.229,76023.669,0.44
2032,decode,22,24,285,76032.708,76033.079,0.371
2033,decode,17,24,286,76042.257,76042.69,0.433
2034,decode,15,16,287,76051.324,76051.68,0.356
2035,decode,15,16,288,76060.331,76060.674,0.343
2036,decode,11,16,289,76069.929,76070.26,0.331
2037,decode,9,16,290,76078.67,76079.027,0.357
2038,decode,5,8,291,76087.701,76088.001,0.299
2039,decode,3,4,286,76096.106,76096.382,0.277
2040,decode,1,1,287,76104.582,76105.045,0.463
2041,decode,1,1,288,76112.394,76112.804,0.41
2042,prefill,54,8192,264,76130.442,76143.024,12.582
2043,prefill,43,8192,252,76157.604,76169.984,12.38
2044,decode,93,96,265,76472.335,76473.038,0.703
2045,decode,81,88,266,76806.22,76806.86,0.64
2046,decode,68,72,267,76816.511,76817.069,0.557
2047,decode,59,64,268,76828.104,76828.628,0.524
2048,decode,51,56,269,76839.213,76839.707,0.493
2049,decode,42,48,270,76850.293,76850.754,0.46
2050,decode,36,40,271,76860.521,76860.963,0.442
2051,decode,27,32,260,76871.206,76871.622,0.416
2052,decode,21,24,261,76880.657,76881.023,0.366
2053,decode,19,24,262,76889.707,76890.066,0.359
2054,decode,17,24,263,76898.981,76899.358,0.378
2055,decode,15,16,263,76908.11,76908.448,0.338
2056,decode,11,16,264,76917.462,76917.806,0.344
2057,decode,10,16,262,76925.918,76926.234,0.316
2058,decode,8,8,263,76934.691,76934.986,0.296
2059,decode,7,8,264,76943.353,76943.661,0.308
2060,decode,2,2,206,76952.162,76952.437,0.275
2061,decode,1,1,206,76959.958,76960.373,0.415
2062,decode,1,1,207,76967.833,76968.211,0.379
2063,decode,1,1,208,76975.934,76976.31,0.377
2064,decode,1,1,209,76984.106,76984.489,0.384
2065,prefill,46,8192,275,77000.553,77012.808,12.255
2066,prefill,37,8192,270,77025.89,77037.694,11.805
2067,decode,77,80,276,77341.594,77342.237,0.643
2068,decode,70,72,277,77676.113,77676.701,0.588
2069,decode,57,64,278,77686.103,77686.64,0.537
2070,decode,49,56,275,77697.174,77697.706,0.531
2071,decode,40,40,276,77708.25,77708.684,0.433
2072,decode,32,32,277,77718.84,77719.231,0.391
2073,decode,30,32,278,77728.308,77728.714,0.406
2074,decode,26,32,279,77738.367,77738.766,0.399
2075,decode,19,24,280,77748.191,77748.546,0.355
2076,decode,13,16,281,77757.355,77757.711,0.356
2077,decode,10,16,282,77766.279,77766.62,0.341
2078,decode,9,16,281,77774.834,77775.169,0.335
2079,decode,9,16,282,77783.468,77783.793,0.326
2080,decode,8,8,281,77792.434,77792.751,0.317
2081,decode,8,8,282,77800.9,77801.203,0.304
2082,decode,7,8,283,77809.448,77809.748,0.3
2083,decode,6,8,284,77817.876,77818.16,0.284
2084,decode,4,4,285,77826.315,77826.604,0.29
2085,decode,4,4,286,77834.428,77834.75,0.322
2086,decode,2,2,287,77842.882,77843.15,0.268
2087,decode,1,1,200,77850.994,77851.426,0.432
2088,decode,1,1,201,77858.902,77859.285,0.383
2089,decode,1,1,202,77867.021,77867.394,0.374
2090,decode,1,1,203,77875.165,77875.536,0.37
2091,decode,1,1,204,77883.359,77883.738,0.378
2092,decode,1,1,205,77891.498,77891.883,0.384
2093,decode,1,1,206,77899.703,77900.081,0.378
2094,decode,1,1,207,77907.84,77908.208,0.368
2095,decode,1,1,208,77916.007,77916.381,0.374
2096,prefill,56,8192,265,77933.754,77946.061,12.307
2097,prefill,45,8192,259,77960.293,77972.502,12.209
2098,decode,96,96,266,78275.676,78276.366,0.69
2099,decode,82,88,262,78610.277,78610.916,0.639
2100,decode,68,72,262,78620.915,78621.457,0.542
2101,decode,53,56,263,78631.967,78632.448,0.481
2102,decode,38,40,260,78643.979,78644.395,0.416
2103,decode,32,32,261,78653.69,78654.085,0.395
2104,decode,26,32,262,78663.631,78664.009,0.378
2105,decode,19,24,263,78673.497,78673.871,0.374
2106,decode,15,16,264,78682.602,78682.935,0.333
2107,decode,11,16,260,78691.659,78691.974,0.315
2108,decode,9,16,261,78700.404,78700.734,0.331
2109,decode,6,8,262,78709.431,78709.754,0.323
2110,decode,4,4,210,78717.826,78718.105,0.279
2111,decode,3,4,210,78726.062,78726.331,0.269
2112,decode,1,1,188,78734.388,78734.825,0.437
2113,prefill,45,8192,243,78749.707,78761.885,12.179
2114,prefill,41,8192,267,78776.18,78789.28,13.1
2115,decode,82,88,268,79092.212,79093.057,0.846
2116,decode,69,72,267,79427.419,79428.129,0.711
2117,decode,54,56,268,79436.523,79437.14,0.617
2118,decode,44,48,269,79447.388,79447.969,0.581
2119,decode,34,40,270,79457.984,79458.506,0.522
2120,decode,22,24,271,79469.027,79469.503,0.476
2121,decode,17,24,272,79477.806,79478.166,0.36
2122,decode,10,16,273,79487.342,79487.787,0.444
2123,decode,8,8,273,79495.918,79496.321,0.403
2124,decode,4,4,274,79505.031,79505.441,0.41
2125,decode,3,4,275,79513.237,79513.513,0.276
2126,decode,3,4,276,79521.344,79521.628,0.284
2127,decode,1,1,184,79529.812,79530.51,0.698
2128,decode,1,1,185,79537.727,79538.11,0.383
2129,prefill,62,8192,256,79557.037,79569.729,12.692
2130,prefill,50,8192,250,79585.534,79597.497,11.964
2131,decode,106,112,257,79901.255,79902.102,0.847
2132,decode,95,96,258,80232.757,80233.514,0.757
2133,decode,72,72,255,80243.582,80244.126,0.544
2134,decode,56,56,256,80255.368,80255.859,0.491
2135,decode,42,48,248,80266.751,80267.2,0.449
2136,decode,36,40,249,80276.459,80276.903,0.444
2137,decode,29,32,243,80286.696,80287.178,0.482
2138,decode,21,24,244,80297.187,80297.618,0.431
2139,decode,18,24,243,80305.396,80305.771,0.375
2140,decode,14,16,244,80314.74,80315.079,0.339
2141,decode,14,16,245,80323.217,80323.539,0.322
2142,decode,11,16,189,80332.401,80332.732,0.331
2143,decode,10,16,190,80341.015,80341.349,0.333
2144,decode,9,16,191,80349.779,80350.108,0.329
2145,decode,9,16,192,80358.35,80358.694,0.344
2146,decode,9,16,193,80366.944,80367.263,0.32
2147,decode,5,8,194,80375.964,80376.27,0.306
2148,decode,4,4,195,80384.042,80384.349,0.307
2149,decode,3,4,196,80392.32,80392.613,0.292
2150,decode,3,4,197,80400.395,80400.689,0.294
2151,decode,1,1,185,80408.812,80409.233,0.421
2152,decode,1,1,186,80416.546,80416.939,0.393
2153,decode,1,1,187,80424.759,80425.139,0.38
2154,decode,1,1,188,80432.867,80433.245,0.378
2155,decode,1,1,189,80441.081,80441.486,0.405
2156,prefill,42,8192,262,80456.692,80468.768,12.077
2157,prefill,40,8192,254,80483.01,80494.968,11.958
2158,decode,78,80,263,80796.697,80797.405,0.708
2159,decode,67,72,264,81134.653,81135.22,0.568
2160,decode,47,48,265,81144.029,81144.48,0.451
2161,decode,39,40,266,81154.182,81154.623,0.441
2162,decode,29,32,264,81164.929,81165.34,0.411
2163,decode,22,24,265,81174.638,81174.991,0.353
2164,decode,17,24,261,81184.243,81184.616,0.373
2165,decode,15,16,262,81192.995,81193.323,0.328
2166,decode,13,16,263,81202.216,81202.537,0.321
2167,decode,10,16,256,81211.17,81211.492,0.323
2168,decode,8,8,249,81219.819,81220.125,0.306
2169,decode,7,8,250,81228.379,81228.7,0.321
2170,decode,4,4,249,81237.051,81237.33,0.279
2171,decode,4,4,250,81245.077,81245.354,0.277
2172,decode,2,2,251,81253.525,81253.905,0.379
2173,prefill,62,8192,256,81272.385,81284.485,12.1
2174,prefill,40,8192,273,81298.059,81309.891,11.832
2175,decode,94,96,274,81614.818,81615.497,0.679
2176,decode,83,88,275,81948.603,81949.221,0.618
2177,decode,63,64,276,81959.152,81959.769,0.617
2178,decode,50,56,277,81970.045,81970.532,0.487
2179,decode,41,48,278,81980.511,81980.982,0.472
2180,decode,35,40,279,81990.816,81991.247,0.431
2181,decode,32,32,280,82000.43,82000.832,0.401
2182,decode,27,32,281,82010.594,82010.972,0.378
2183,decode,23,24,282,82019.995,82020.352,0.357
2184,decode,18,24,283,82029.352,82029.716,0.364
2185,decode,14,16,284,82038.537,82038.884,0.348
2186,decode,14,16,285,82047.064,82047.391,0.327
2187,decode,10,16,286,82056.232,82056.55,0.318
2188,decode,9,16,287,82064.666,82064.986,0.32
2189,decode,8,8,288,82073.232,82073.527,0.295
2190,decode,7,8,289,82081.885,82082.175,0.291
2191,decode,7,8,290,82090.153,82090.439,0.286
2192,decode,4,4,273,82098.814,82099.098,0.284
2193,decode,4,4,274,82106.778,82107.051,0.273
2194,decode,3,4,275,82115.108,82115.376,0.268
2195,decode,3,4,276,82123.12,82123.393,0.273
2196,decode,2,2,277,82131.376,82131.665,0.288
2197,decode,2,2,278,82139.477,82139.768,0.291
2198,decode,2,2,279,82147.498,82147.789,0.292
2199,decode,2,2,280,82155.523,82155.812,0.289
2200,decode,2,2,281,82163.644,82163.927,0.283
2201,decode,2,2,282,82171.552,82171.839,0.287
2202,decode,1,1,283,82179.698,82180.124,0.426
2203,decode,1,1,284,82187.615,82187.997,0.382
2204,decode,1,1,285,82195.782,82196.167,0.385
2205,decode,1,1,286,82203.9,82204.288,0.389
2206,decode,1,1,287,82212.02,82212.4,0.379
2207,decode,1,1,288,82220.193,82220.579,0.386
2208,decode,1,1,289,82228.306,82228.69,0.384
2209,prefill,43,8192,265,82243.943,82256.275,12.332
2210,prefill,42,8192,267,82270.691,82283.115,12.424
2211,decode,80,80,268,82586.464,82587.288,0.824
2212,decode,73,80,269,82923.804,82924.463,0.659
2213,decode,67,72,270,82931.554,82932.138,0.583
2214,decode,50,56,271,82945.099,82945.614,0.516
2215,decode,42,48,272,82956.451,82956.924,0.473
2216,decode,35,40,273,82967.051,82967.49,0.439
2217,decode,25,32,274,82977.887,82978.297,0.41
2218,decode,15,16,266,82987.88,82988.224,0.344
2219,decode,10,16,267,82996.578,82996.914,0.336
2220,decode,9,16,268,83005.231,83005.573,0.342
2221,decode,6,8,269,83014.041,83014.362,0.321
2222,decode,6,8,270,83022.391,83022.699,0.308
2223,decode,5,8,271,83030.977,83031.293,0.316
2224,decode,3,4,272,83039.501,83039.809,0.308
2225,decode,3,4,273,83047.646,83047.922,0.276
2226,decode,2,2,268,83055.935,83056.22,0.284
2227,prefill,55,8192,276,83074.004,83086.472,12.469
2228,prefill,45,8192,226,83101.994,83114.066,12.072
2229,decode,94,96,277,83414.856,83415.543,0.686
2230,decode,83,88,278,83753.84,83754.518,0.678
2231,decode,62,64,255,83759.98,83760.502,0.522
2232,decode,54,56,256,83770.464,83771.049,0.585
2233,decode,43,48,257,83781.69,83782.139,0.449
2234,decode,35,40,258,83791.866,83792.281,0.415
2235,decode,27,32,259,83802.053,83802.436,0.383
2236,decode,20,24,260,83811.622,83811.989,0.367
2237,decode,18,24,261,83820.337,83820.72,0.382
2238,decode,16,16,262,83829.353,83829.701,0.348
2239,decode,13,16,263,83838.533,83838.875,0.342
2240,decode,11,16,264,83847.399,83847.732,0.333
2241,decode,6,8,208,83856.268,83856.582,0.314
2242,decode,5,8,209,83864.354,83864.686,0.331
2243,decode,4,4,210,83872.604,83872.898,0.293
2244,decode,3,4,211,83880.923,83881.197,0.274
2245,decode,2,2,212,83889.066,83889.344,0.277
2246,decode,2,2,213,83897.088,83897.347,0.259
2247,decode,2,2,214,83905.119,83905.382,0.262
2248,decode,2,2,215,83913.141,83913.408,0.267
2249,decode,2,2,216,83921.167,83921.431,0.264
2250,decode,1,1,187,83929.325,83929.771,0.446
2251,decode,1,1,188,83937.216,83937.607,0.391
2252,decode,1,1,189,83945.365,83945.761,0.396
2253,decode,1,1,190,83953.6,83953.998,0.398
2254,decode,1,1,191,83961.736,83962.136,0.4
2255,decode,1,1,192,83969.907,83970.288,0.38
2256,decode,1,1,193,83978.011,83978.389,0.378
2257,decode,1,1,194,83986.17,83986.577,0.408
2258,decode,1,1,195,83994.305,83994.705,0.4
2259,decode,1,1,196,84002.444,84002.832,0.388
2260,decode,1,1,197,84010.66,84011.039,0.379
2261,decode,1,1,198,84018.708,84019.087,0.379
2262,prefill,65,8192,234,84038.388,84050.634,12.246
2263,prefill,41,8192,269,84064.735,84076.962,12.227
2264,decode,101,104,270,84382.797,84383.64,0.844
2265,decode,86,88,271,84718.963,84719.623,0.66
2266,decode,63,64,270,84730.443,84730.985,0.543
2267,decode,46,48,264,84742.06,84742.521,0.461
2268,decode,37,40,265,84752.006,84752.43,0.423
2269,decode,25,32,264,84762.926,84763.313,0.388
2270,decode,18,24,253,84772.251,84772.625,0.373
2271,decode,10,16,218,84781.789,84782.131,0.341
2272,decode,10,16,219,84790.253,84790.689,0.437
2273,decode,9,16,215,84798.91,84799.229,0.319
2274,decode,9,16,216,84807.632,84807.952,0.32
2275,decode,6,8,217,84816.689,84816.999,0.31
2276,decode,3,4,218,84825.223,84825.514,0.291
2277,decode,1,1,219,84833.38,84833.841,0.461
2278,prefill,45,8192,281,84849.453,84861.693,12.239
2279,prefill,41,8192,286,84875.711,84887.584,11.873
2280,decode,81,88,287,85191.011,85191.683,0.672
2281,decode,73,80,288,85526.62,85527.206,0.586
2282,decode,61,64,289,85535.397,85535.931,0.534
2283,decode,45,48,290,85548.165,85548.631,0.466
2284,decode,34,40,291,85558.89,85559.317,0.427
2285,decode,27,32,292,85568.99,85569.454,0.464
2286,decode,21,24,293,85578.741,85579.106,0.366
2287,decode,15,16,291,85588.209,85588.554,0.345
2288,decode,11,16,292,85597.228,85597.554,0.326
2289,decode,7,8,293,85605.951,85606.255,0.304
2290,decode,5,8,291,85614.432,85614.74,0.308
2291,decode,5,8,292,85622.541,85622.849,0.308
2292,decode,3,4,293,85631.033,85631.312,0.279
2293,decode,3,4,294,85639.215,85639.485,0.271
2294,decode,3,4,295,85647.4,85647.693,0.293
2295,decode,3,4,296,85655.637,85655.913,0.276
2296,decode,1,1,289,85664.166,85664.614,0.448
2297,decode,1,1,290,85672.081,85672.476,0.395
2298,prefill,43,8192,284,85687.664,85699.853,12.189
2299,prefill,40,8192,276,85712.725,85724.545,11.82
2300,decode,79,80,285,86031.348,86031.982,0.634
2301,decode,66,72,286,86367.349,86367.964,0.614
2302,decode,58,64,287,86375.602,86376.116,0.514
2303,decode,52,56,288,86387.328,86387.827,0.499
2304,decode,44,48,289,86398.812,86399.267,0.455
2305,decode,35,40,290,86409.785,86410.209,0.424
2306,decode,24,24,285,86420.265,86420.637,0.372
2307,decode,17,24,286,86429.846,86430.193,0.347
2308,decode,13,16,285,86438.684,86439.028,0.344
2309,decode,9,16,280,86447.914,86448.244,0.329
2310,decode,6,8,278,86456.525,86456.852,0.328
2311,decode,6,8,279,86464.885,86465.17,0.285
2312,decode,5,8,280,86473.459,86473.763,0.304
2313,decode,5,8,281,86481.726,86482.011,0.285
2314,decode,4,4,273,86490.148,86490.428,0.279
2315,decode,3,4,273,86498.55,86498.832,0.281
2316,decode,1,1,228,86506.804,86507.225,0.421
2317,prefill,58,8192,284,86525.626,86538.289,12.663
2318,prefill,37,8192,264,86551.699,86563.874,12.174
2319,decode,92,96,285,86869.458,86870.173,0.715
2320,decode,80,80,286,87203.101,87203.706,0.604
2321,decode,63,64,287,87213.769,87214.285,0.516
2322,decode,55,56,288,87224.367,87224.86,0.493
2323,decode,48,48,289,87235.302,87235.767,0.465
2324,decode,39,40,280,87246.241,87246.677,0.435
2325,decode,36,40,281,87256.121,87256.536,0.415
2326,decode,31,32,282,87266.319,87266.742,0.423
2327,decode,25,32,283,87276.335,87276.745,0.41
2328,decode,23,24,284,87285.433,87285.815,0.382
2329,decode,22,24,285,87294.729,87295.09,0.361
2330,decode,20,24,284,87303.984,87304.339,0.354
2331,decode,16,16,285,87313.384,87313.773,0.389
2332,decode,13,16,286,87322.359,87322.708,0.349
2333,decode,11,16,287,87331.058,87331.375,0.317
2334,decode,9,16,288,87339.773,87340.09,0.317
2335,decode,8,8,289,87348.299,87348.61,0.311
2336,decode,5,8,290,87357.174,87357.465,0.291
2337,decode,4,4,291,87365.275,87365.567,0.292
2338,decode,3,4,292,87373.687,87373.966,0.278
2339,decode,2,2,293,87381.844,87382.126,0.282
2340,decode,1,1,294,87390.103,87390.523,0.42
2341,prefill,54,8192,279,87407.369,87419.689,12.32
2342,prefill,43,8192,261,87433.406,87445.737,12.331
2343,decode,89,96,280,87749.445,87750.145,0.701
2344,decode,78,80,281,88085.139,88085.76,0.62
2345,decode,60,64,270,88094.945,88095.456,0.511
2346,decode,44,48,271,88106.205,88106.667,0.462
2347,decode,31,32,266,88116.76,88117.176,0.417
2348,decode,27,32,267,88126.048,88126.424,0.376
2349,decode,25,32,268,88135.556,88135.959,0.403
2350,decode,23,24,259,88145.191,88145.571,0.38
2351,decode,19,24,260,88154.584,88154.957,0.373
2352,decode,17,24,261,88163.629,88163.999,0.37
2353,decode,15,16,262,88172.612,88172.943,0.331
2354,decode,11,16,263,88181.837,88182.16,0.323
2355,decode,9,16,264,88190.355,88190.691,0.337
2356,decode,8,8,265,88198.82,88199.118,0.298
2357,decode,7,8,266,88207.486,88207.784,0.298
2358,decode,4,4,267,88216.067,88216.349,0.282
2359,decode,3,4,268,88224.253,88224.53,0.277
2360,decode,3,4,269,88232.385,88232.69,0.305
2361,decode,3,4,270,88240.417,88240.697,0.28
2362,decode,2,2,267,88248.812,88249.085,0.272
2363,decode,1,1,268,88256.911,88257.378,0.467
2364,prefill,50,8192,276,88273.302,88285.343,12.041
2365,prefill,44,8192,282,88299.114,88311.008,11.893
2366,decode,89,96,283,88614.274,88614.994,0.72
2367,decode,75,80,284,88950.018,88950.621,0.603
2368,decode,58,64,276,88959.866,88960.38,0.514
2369,decode,48,48,277,88970.385,88970.864,0.479
2370,decode,39,40,278,88981.181,88981.621,0.44
2371,decode,27,32,279,88991.865,88992.261,0.395
2372,decode,22,24,280,89001.308,89001.691,0.383
2373,decode,15,16,281,89010.724,89011.064,0.34
2374,decode,11,16,282,89019.613,89019.941,0.328
2375,decode,8,8,283,89028.238,89028.533,0.295
2376,decode,8,8,284,89036.674,89036.962,0.288
2377,decode,5,8,282,89045.471,89045.773,0.302
2378,decode,5,8,283,89053.613,89053.904,0.291
2379,decode,2,2,284,89062.187,89062.456,0.269
2380,decode,2,2,285,89070.327,89070.601,0.275
2381,decode,2,2,286,89078.278,89078.539,0.261
2382,decode,1,1,287,89086.437,89086.892,0.455
2383,decode,1,1,288,89094.383,89094.79,0.407
2384,prefill,67,8192,281,89114.498,89127.111,12.614
2385,prefill,41,8192,259,89140.575,89152.441,11.866
2386,decode,103,104,282,89458.917,89459.646,0.728
2387,decode,88,88,283,89791.46,89792.121,0.661
2388,decode,71,72,267,89803.384,89803.954,0.571
2389,decode,54,56,268,89814.539,89815.039,0.5
2390,decode,46,48,268,89825.242,89825.726,0.484
2391,decode,38,40,268,89835.836,89836.261,0.425
2392,decode,31,32,268,89846.219,89846.633,0.414
2393,decode,24,24,269,89856.349,89856.734,0.385
2394,decode,20,24,270,89865.614,89865.973,0.359
2395,decode,15,16,271,89874.982,89875.332,0.35
2396,decode,12,16,272,89883.873,89884.199,0.326
2397,decode,9,16,273,89892.659,89892.984,0.325
2398,decode,7,8,274,89901.287,89901.6,0.313
2399,decode,6,8,272,89909.815,89910.111,0.296
2400,decode,4,4,273,89918.326,89918.627,0.301
2401,decode,1,1,274,89926.657,89927.075,0.418
2402,decode,1,1,275,89934.471,89934.866,0.395
2403,prefill,63,8192,240,89953.664,89966.052,12.388
2404,prefill,49,8192,247,89981.083,89993.32,12.237
2405,decode,106,112,248,90297.343,90298.115,0.772
2406,decode,95,96,249,90633.335,90634.144,0.81
2407,decode,81,88,250,90641.329,90641.959,0.631
2408,decode,69,72,251,90652.894,90653.444,0.55
2409,decode,63,64,233,90664.224,90664.758,0.535
2410,decode,61,64,234,90675.544,90676.058,0.514
2411,decode,46,48,235,90687.834,90688.286,0.452
2412,decode,35,40,236,90698.068,90698.488,0.42
2413,decode,28,32,237,90707.839,90708.225,0.385
2414,decode,27,32,238,90716.619,90716.996,0.377
2415,decode,24,24,239,90726.073,90726.428,0.355
2416,decode,22,24,240,90735.338,90735.699,0.361
2417,decode,18,24,241,90744.654,90745.007,0.353
2418,decode,13,16,242,90754.011,90754.405,0.394
2419,decode,10,16,236,90762.45,90762.799,0.349
2420,decode,9,16,237,90771.032,90771.351,0.32
2421,decode,5,8,238,90779.741,90780.038,0.297
2422,decode,4,4,239,90787.911,90788.193,0.282
2423,decode,3,4,209,90796.22,90796.491,0.27
2424,decode,3,4,210,90804.28,90804.582,0.302
2425,decode,3,4,211,90812.489,90812.772,0.284
2426,decode,1,1,212,90820.856,90821.27,0.414
2427,prefill,55,8192,252,90838.31,90850.628,12.318
2428,prefill,45,8192,242,90865.573,90877.553,11.98
2429,decode,95,96,253,91182.052,91182.778,0.726
2430,decode,84,88,254,91516.652,91517.286,0.634
2431,decode,69,72,255,91526.127,91526.697,0.57
2432,decode,53,56,256,91538.525,91539.02,0.495
2433,decode,40,40,257,91549.909,91550.333,0.424
2434,decode,31,32,258,91560.068,91560.456,0.388
2435,decode,26,32,259,91569.603,91569.98,0.377
2436,decode,22,24,260,91579.169,91579.524,0.355
2437,decode,16,16,251,91588.616,91588.942,0.326
2438,decode,12,16,246,91597.641,91597.958,0.317
2439,decode,10,16,247,91606.247,91606.596,0.349
2440,decode,7,8,205,91615.185,91615.488,0.303
2441,decode,6,8,206,91623.388,91623.687,0.299
2442,decode,5,8,207,91631.875,91632.164,0.289
2443,decode,3,4,208,91640.281,91640.568,0.287
2444,decode,2,2,209,91648.373,91648.669,0.296
2445,decode,2,2,210,91656.438,91656.708,0.27
2446,decode,1,1,211,91664.607,91665.017,0.41
2447,prefill,41,8192,266,91679.096,91691.345,12.249
2448,prefill,38,8192,267,91703.634,91715.553,11.92
2449,decode,73,80,268,92021.573,92022.216,0.644
2450,decode,65,72,269,92359.39,92360.089,0.699
2451,decode,51,56,270,92367.972,92368.489,0.516
2452,decode,45,48,271,92378.343,92378.928,0.586
2453,decode,37,40,272,92389.488,92389.968,0.481
2454,decode,33,40,273,92399.88,92400.345,0.465
2455,decode,29,32,274,92409.873,92410.336,0.463
2456,decode,24,24,273,92419.819,92420.228,0.409
2457,decode,19,24,274,92429.408,92429.844,0.437
2458,decode,15,16,275,92438.512,92438.887,0.375
2459,decode,11,16,263,92447.718,92448.07,0.351
2460,decode,9,16,257,92456.319,92456.664,0.345
2461,decode,7,8,258,92464.914,92465.222,0.307
2462,decode,2,2,259,92473.896,92474.21,0.314
2463,decode,2,2,260,92481.625,92481.925,0.3
2464,decode,2,2,261,92489.596,92489.864,0.268
2465,decode,2,2,262,92497.635,92497.903,0.269
2466,decode,2,2,263,92506.626,92507.052,0.426
2467,decode,1,1,245,92513.959,92514.391,0.432
2468,decode,1,1,246,92521.745,92522.131,0.386
2469,decode,1,1,247,92529.884,92530.266,0.382
2470,decode,1,1,248,92538.056,92538.434,0.378
2471,decode,1,1,249,92546.184,92546.57,0.386
2472,decode,1,1,250,92554.334,92554.722,0.388
2473,prefill,52,8192,251,92571.39,92583.605,12.215
2474,prefill,41,8192,283,92596.624,92608.537,11.913
2475,decode,88,88,284,92914.196,92914.919,0.722
2476,decode,72,72,283,93249.694,93250.355,0.661
2477,decode,58,64,284,93259.349,93259.882,0.533
2478,decode,49,56,285,93269.518,93270.023,0.504
2479,decode,38,40,286,93280.6,93281.025,0.425
2480,decode,31,32,256,93290.811,93291.203,0.393
2481,decode,27,32,254,93300.39,93300.797,0.408
2482,decode,18,24,253,93310.479,93310.854,0.376
2483,decode,10,16,254,93319.733,93320.077,0.344
2484,decode,5,8,255,93328.306,93328.641,0.336
2485,decode,3,4,163,93336.502,93336.81,0.308
2486,decode,1,1,160,93344.845,93345.268,0.423
2487,decode,1,1,161,93352.794,93353.167,0.373
2488,decode,1,1,162,93361.003,93361.384,0.381
2489,decode,1,1,163,93369.177,93369.553,0.376
2490,decode,1,1,164,93377.375,93377.765,0.389
2491,decode,1,1,165,93385.581,93385.957,0.376
2492,prefill,41,8192,250,93400.741,93413.039,12.297
2493,prefill,42,8192,276,93426.371,93438.394,12.022
2494,decode,79,80,277,93744.364,93745.069,0.705
2495,decode,70,72,278,94083.412,94084.082,0.669
2496,decode,59,64,279,94088.275,94088.813,0.538
2497,decode,45,48,280,94100.553,94101.034,0.481
2498,decode,35,40,281,94111.213,94111.657,0.444
2499,decode,30,32,282,94121.175,94121.594,0.418
2500,decode,26,32,283,94131.016,94131.41,0.394
2501,decode,18,24,284,94141.055,94141.423,0.367
2502,decode,11,16,285,94150.317,94150.659,0.342
2503,decode,10,16,286,94158.643,94158.967,0.324
2504,decode,9,16,287,94167.339,94167.674,0.335
2505,decode,8,8,288,94175.953,94176.259,0.305
2506,decode,8,8,289,94184.466,94184.774,0.308
2507,decode,7,8,290,94193.031,94193.319,0.288
2508,decode,5,8,240,94201.728,94202.044,0.316
2509,decode,4,4,241,94209.777,94210.065,0.289
2510,decode,2,2,190,94218.219,94218.5,0.281
2511,decode,2,2,191,94226.139,94226.429,0.29
2512,prefill,44,8192,274,94242.141,94254.276,12.134
2513,prefill,38,8192,274,94267.02,94278.886,11.866
2514,decode,77,80,275,94586.071,94586.769,0.699
2515,decode,70,72,276,94922.089,94922.791,0.703
2516,decode,59,64,277,94930.112,94930.646,0.534
2517,decode,54,56,278,94941.371,94941.878,0.507
2518,decode,47,48,279,94952.978,94953.443,0.465
2519,decode,39,40,280,94964.064,94964.499,0.435
2520,decode,38,40,281,94973.799,94974.219,0.421
2521,decode,33,40,282,94984.346,94984.773,0.427
2522,decode,25,32,283,94994.767,94995.163,0.396
2523,decode,18,24,284,95004.207,95004.578,0.371
2524,decode,16,16,285,95012.841,95013.17,0.329
2525,decode,12,16,286,95022.268,95022.599,0.33
2526,decode,8,8,287,95031.001,95031.494,0.493
2527,decode,7,8,288,95039.411,95039.715,0.304
2528,decode,6,8,289,95047.852,95048.142,0.289
2529,decode,5,8,290,95056.226,95056.51,0.285
2530,decode,3,4,291,95064.704,95064.984,0.28
2531,decode,3,4,292,95072.791,95073.06,0.269
2532,decode,1,1,279,95081.236,95081.674,0.438
2533,decode,1,1,280,95089.149,95089.522,0.374
2534,decode,1,1,281,95097.293,95097.681,0.388
2535,decode,1,1,282,95105.48,95105.868,0.388
2536,decode,1,1,283,95113.742,95114.177,0.436
2537,prefill,54,8192,265,95132.263,95144.488,12.225
2538,prefill,40,8192,264,95157.268,95169.008,11.74
2539,decode,84,88,266,95475.097,95475.753,0.656
2540,decode,77,80,267,95809.295,95809.898,0.603
2541,decode,59,64,268,95819.262,95819.801,0.539
2542,decode,45,48,269,95830.887,95831.343,0.456
2543,decode,37,40,269,95841.124,95841.542,0.418
2544,decode,27,32,270,95851.819,95852.206,0.387
2545,decode,25,32,271,95860.909,95861.285,0.376
2546,decode,21,24,272,95870.651,95871.01,0.359
2547,decode,19,24,273,95879.734,95880.083,0.349
2548,decode,17,24,274,95888.963,95889.312,0.349
2549,decode,13,16,275,95898.329,95898.676,0.347
2550,decode,9,16,276,95907.374,95907.708,0.334
2551,decode,6,8,277,95915.941,95916.235,0.295
2552,decode,5,8,278,95924.275,95924.572,0.297
2553,decode,4,4,279,95932.57,95932.853,0.283
2554,decode,3,4,280,95940.897,95941.165,0.268
2555,decode,2,2,281,95949.12,95949.388,0.268
2556,decode,1,1,162,95957.292,95957.727,0.435
2557,decode,1,1,163,95965.214,95965.6,0.386
2558,decode,1,1,164,95973.385,95973.771,0.386
2559,prefill,47,8192,265,95989.713,96001.727,12.014
2560,prefill,43,8192,266,96014.858,96026.795,11.937
2561,decode,82,88,267,96331.856,96332.518,0.661
2562,decode,76,80,268,96667.36,96667.967,0.607
2563,decode,57,64,269,96676.951,96677.467,0.517
2564,decode,47,48,270,96687.802,96688.261,0.459
2565,decode,39,40,271,96698.393,96698.828,0.435
2566,decode,29,32,272,96709.097,96709.486,0.388
2567,decode,21,24,273,96718.975,96719.336,0.361
2568,decode,15,16,274,96728.18,96728.512,0.332
2569,decode,12,16,275,96737.149,96737.468,0.319
2570,decode,11,16,276,96745.813,96746.128,0.315
2571,decode,11,16,277,96754.529,96754.858,0.328
2572,decode,9,16,278,96763.628,96763.944,0.316
2573,decode,6,8,279,96772.452,96772.766,0.313
2574,decode,5,8,280,96780.822,96781.106,0.283
2575,decode,4,4,281,96789.125,96789.408,0.283
2576,decode,1,1,277,96797.757,96798.178,0.421
2577,prefill,49,8192,277,96814.147,96826.211,12.065
2578,prefill,43,8192,274,96839.64,96851.462,11.821
2579,decode,86,88,278,97159.971,97160.645,0.674
2580,decode,78,80,279,97495.823,97496.412,0.589
2581,decode,62,64,280,97505.59,97506.112,0.522
2582,decode,44,48,281,97517.853,97518.308,0.455
2583,decode,36,40,282,97528.01,97528.429,0.419
2584,decode,25,32,283,97538.459,97538.862,0.404
2585,decode,16,16,271,97548.207,97548.539,0.332
2586,decode,13,16,272,97556.851,97557.17,0.319
2587,decode,11,16,273,97565.589,97565.911,0.323
2588,decode,9,16,274,97574.523,97574.859,0.336
2589,decode,6,8,204,97583.342,97583.65,0.308
2590,decode,4,4,205,97591.843,97592.121,0.278
2591,decode,4,4,206,97599.975,97600.243,0.268
2592,decode,2,2,207,97608.343,97608.624,0.281
2593,decode,2,2,208,97616.328,97616.618,0.29
2594,decode,2,2,209,97624.374,97624.644,0.27
2595,decode,2,2,210,97632.425,97632.697,0.272
2596,decode,2,2,211,97640.447,97640.715,0.268
2597,decode,2,2,212,97648.467,97648.734,0.267
2598,decode,1,1,213,97656.619,97657.036,0.418
2599,prefill,53,8192,286,97673.776,97685.805,12.029
2600,prefill,38,8192,278,97698.002,97709.862,11.86
2601,decode,89,96,287,98016.262,98016.942,0.68
2602,decode,75,80,288,98352.66,98353.274,0.614
2603,decode,65,72,289,98363.516,98364.077,0.561
2604,decode,58,64,290,98374.079,98374.612,0.533
2605,decode,49,56,291,98386.061,98386.547,0.485
2606,decode,45,48,292,98396.636,98397.085,0.449
2607,decode,40,40,293,98407.251,98407.704,0.453
2608,decode,32,32,289,98418.175,98418.578,0.404
2609,decode,30,32,290,98427.446,98427.838,0.392
2610,decode,25,32,291,98437.632,98438.01,0.378
2611,decode,20,24,292,98447.169,98447.524,0.355
2612,decode,15,16,293,98456.443,98456.787,0.344
2613,decode,12,16,294,98465.413,98465.744,0.331
2614,decode,11,16,295,98474.081,98474.397,0.315
2615,decode,10,16,296,98482.841,98483.158,0.316
2616,decode,7,8,297,98491.775,98492.072,0.297
2617,decode,4,4,298,98500.489,98500.783,0.294
2618,decode,3,4,279,98508.675,98508.945,0.27
2619,decode,3,4,280,98516.759,98517.029,0.269
2620,decode,2,2,276,98525.178,98525.448,0.271
2621,decode,2,2,277,98533.088,98533.348,0.261
2622,decode,2,2,278,98541.12,98541.378,0.258
2623,decode,2,2,279,98549.182,98549.44,0.258
2624,decode,1,1,263,98557.316,98557.749,0.433
2625,prefill,50,8192,259,98573.868,98586.107,12.239
2626,prefill,37,8192,257,98598.534,98610.291,11.757
2627,decode,78,80,260,98913.958,98914.571,0.614
2628,decode,64,64,261,99251.647,99252.19,0.543
2629,decode,51,56,262,99262.285,99262.783,0.498
2630,decode,35,40,263,99273.254,99273.69,0.436
2631,decode,29,32,264,99282.746,99283.135,0.389
2632,decode,19,24,261,99293.058,99293.418,0.36
2633,decode,16,16,262,99302.077,99302.407,0.33
2634,decode,12,16,263,99311.48,99311.812,0.332
2635,decode,9,16,264,99320.318,99320.654,0.336
2636,decode,6,8,265,99329.204,99329.499,0.295
2637,decode,3,4,250,99337.858,99338.136,0.278
2638,decode,2,2,251,99346.074,99346.339,0.266
2639,decode,1,1,250,99354.307,99354.739,0.432
2640,prefill,52,8192,268,99371.436,99383.49,12.054
2641,prefill,35,8192,271,99395.855,99407.582,11.726
2642,decode,82,88,272,99718.849,99719.478,0.629
2643,decode,67,72,273,100053.963,100054.515,0.552
2644,decode,57,64,274,100064.635,100065.146,0.511
2645,decode,41,48,275,100075.994,100076.448,0.453
2646,decode,31,32,276,100086.337,100086.738,0.401
2647,decode,27,32,277,100096.134,100096.514,0.38
2648,decode,21,24,278,100106.12,100106.477,0.357
2649,decode,18,24,279,100115.729,100116.163,0.433
2650,decode,14,16,280,100125.048,100125.387,0.34
2651,decode,11,16,281,100133.872,100134.192,0.319
2652,decode,8,8,282,100142.69,100142.991,0.3
2653,decode,6,8,283,100151.321,100151.629,0.308
2654,decode,4,4,274,100159.802,100160.087,0.285
2655,decode,3,4,275,100168.062,100168.332,0.27
2656,decode,2,2,272,100176.268,100176.543,0.274
2657,decode,1,1,261,100184.467,100184.902,0.435
2658,decode,1,1,262,100192.381,100192.766,0.386
2659,decode,1,1,263,100200.573,100200.945,0.373
2660,prefill,67,8192,261,100220.374,100232.785,12.411
2661,prefill,48,8192,263,100247.034,100258.882,11.847
2662,decode,110,112,264,100564.628,100565.369,0.741
2663,decode,90,96,265,100899.184,100899.843,0.659
2664,decode,74,80,266,100911.526,100912.116,0.59
2665,decode,57,64,267,100922.263,100922.795,0.532
2666,decode,45,48,268,100933.478,100933.945,0.466
2667,decode,31,32,269,100944.28,100944.683,0.402
2668,decode,20,24,270,100953.876,100954.233,0.357
2669,decode,13,16,248,100962.921,100963.247,0.326
2670,decode,11,16,249,100971.494,100971.821,0.328
2671,decode,7,8,250,100980.332,100980.641,0.309
2672,decode,4,4,251,100988.857,100989.134,0.277
2673,decode,4,4,252,100996.932,100997.201,0.269
2674,decode,3,4,253,101005.249,101005.515,0.266
2675,decode,2,2,254,101013.532,101013.825,0.293
2676,decode,1,1,255,101021.685,101022.097,0.412
2677,prefill,63,8192,245,101040.781,101052.879,12.098
2678,prefill,49,8192,249,101067.304,101079.184,11.88
2679,decode,104,104,250,101390.811,101391.712,0.901
2680,decode,88,88,250,101720.316,101720.98,0.663
2681,decode,75,80,251,101729.788,101730.366,0.577
2682,decode,64,64,249,101740.581,101741.101,0.52
2683,decode,52,56,250,101752.595,101753.08,0.485
2684,decode,43,48,251,101763.156,101763.629,0.473
2685,decode,35,40,252,101773.572,101773.992,0.42
2686,decode,28,32,253,101783.444,101783.86,0.416
2687,decode,24,24,254,101792.798,101793.153,0.355
2688,decode,19,24,230,101802.307,101802.67,0.363
2689,decode,16,16,231,101811.407,101811.75,0.342
2690,decode,15,16,231,101820.044,101820.362,0.318
2691,decode,12,16,232,101829.095,101829.412,0.317
2692,decode,7,8,218,101838.018,101838.313,0.295
2693,decode,7,8,219,101846.116,101846.4,0.284
2694,decode,6,8,219,101854.579,101854.868,0.289
2695,decode,4,4,213,101863.076,101863.356,0.28
2696,decode,3,4,214,101871.252,101871.522,0.269
2697,decode,3,4,215,101879.312,101879.588,0.276
2698,decode,3,4,216,101887.522,101887.815,0.293
2699,decode,3,4,217,101895.64,101895.913,0.273
2700,decode,2,2,218,101904.009,101904.279,0.269
2701,decode,2,2,219,101912.001,101912.259,0.258
2702,prefill,54,8192,275,101929.697,101941.862,12.165
2703,prefill,46,8192,254,101956.393,101968.386,11.993
2704,decode,88,88,276,102275.112,102275.834,0.722
2705,decode,73,80,277,102608.921,102609.526,0.604
2706,decode,64,64,278,102617.534,102618.065,0.531
2707,decode,47,48,273,102630.081,102630.539,0.458
2708,decode,37,40,274,102640.718,102641.147,0.429
2709,decode,32,32,275,102650.604,102650.995,0.39
2710,decode,22,24,276,102661.062,102661.417,0.355
2711,decode,14,16,277,102670.604,102670.932,0.328
2712,decode,10,16,273,102679.332,102679.662,0.33
2713,decode,7,8,273,102688.104,102688.422,0.318
2714,decode,5,8,274,102696.803,102697.093,0.289
2715,decode,4,4,275,102704.98,102705.259,0.278
2716,decode,1,1,157,102713.685,102714.094,0.408
2717,decode,1,1,158,102721.57,102721.943,0.372
2718,decode,1,1,159,102729.656,102730.028,0.372
2719,decode,1,1,160,102737.863,102738.233,0.37
2720,decode,1,1,161,102746.176,102746.55,0.374
2721,decode,1,1,162,102754.208,102754.587,0.378
2722,decode,1,1,163,102762.369,102762.754,0.385
2723,prefill,58,8192,244,102780.898,102793.112,12.214
2724,prefill,47,8192,238,102806.861,102818.834,11.973
2725,decode,97,104,245,103124.436,103125.228,0.792
2726,decode,86,88,246,103462.33,103463.062,0.732
2727,decode,76,80,247,103467.975,103468.548,0.573
2728,decode,67,72,247,103479.554,103480.11,0.556
2729,decode,54,56,248,103492.128,103492.633,0.505
2730,decode,46,48,249,103503.125,103503.6,0.475
2731,decode,37,40,248,103513.659,103514.08,0.421
2732,decode,35,40,249,103523.054,103523.466,0.412
2733,decode,29,32,250,103533.234,103533.635,0.402
2734,decode,21,24,243,103543.178,103543.537,0.359
2735,decode,16,16,226,103552.151,103552.48,0.329
2736,decode,13,16,227,103561.119,103561.439,0.32
2737,decode,11,16,228,103570.072,103570.513,0.441
2738,decode,10,16,229,103578.386,103578.725,0.339
2739,decode,8,8,227,103587.01,103587.312,0.301
2740,decode,7,8,228,103595.625,103595.912,0.287
2741,decode,7,8,229,103604.446,103604.899,0.453
2742,decode,6,8,230,103612.402,103612.707,0.304
2743,decode,4,4,231,103620.814,103621.102,0.288
2744,decode,3,4,184,103628.975,103629.242,0.267
2745,decode,3,4,185,103637.044,103637.35,0.306
2746,decode,3,4,186,103645.197,103645.464,0.268
2747,decode,2,2,181,103653.548,103653.852,0.304
2748,decode,2,2,182,103661.551,103661.824,0.274
2749,decode,2,2,183,103669.544,103669.818,0.274
2750,decode,2,2,184,103677.592,103677.856,0.264
2751,decode,2,2,185,103685.675,103685.94,0.266
2752,decode,2,2,186,103693.67,103693.929,0.259
2753,decode,2,2,187,103701.706,103701.967,0.261
2754,decode,2,2,188,103709.757,103710.023,0.266
2755,prefill,54,8192,272,103727.44,103740.34,12.9
2756,prefill,38,8192,250,103753.512,103765.512,12.0
2757,decode,82,88,273,104071.351,104072.065,0.714
2758,decode,70,72,274,104409.183,104409.824,0.641
2759,decode,59,64,275,104418.493,104419.026,0.532
2760,decode,50,56,276,104430.195,104430.697,0.502
2761,decode,40,40,277,104441.028,104441.451,0.423
2762,decode,29,32,278,104451.963,104452.352,0.389
2763,decode,19,24,265,104461.982,104462.338,0.357
2764,decode,15,16,266,104470.805,104471.133,0.328
2765,decode,11,16,254,104480.072,104480.391,0.32
2766,decode,8,8,240,104488.759,104489.053,0.294
2767,decode,5,8,237,104497.513,104497.81,0.298
2768,decode,4,4,238,104505.683,104505.961,0.278
2769,decode,2,2,225,104514.184,104514.453,0.269
2770,decode,1,1,215,104522.311,104522.758,0.447
2771,prefill,59,8192,299,104540.709,104552.869,12.159
2772,prefill,49,8192,257,104567.498,104580.15,12.652
2773,decode,103,104,300,104883.079,104883.803,0.725
2774,decode,93,96,301,105219.097,105219.843,0.746
2775,decode,78,80,291,105227.644,105228.224,0.58
2776,decode,60,64,289,105240.637,105241.156,0.519
2777,decode,42,48,290,105252.319,105252.821,0.502
2778,decode,32,32,291,105262.302,105262.703,0.401
2779,decode,27,32,292,105271.853,105272.233,0.381
2780,decode,16,16,293,105282.262,105282.605,0.343
2781,decode,11,16,294,105290.931,105291.251,0.321
2782,decode,7,8,295,105299.446,105299.755,0.309
2783,decode,5,8,296,105308.093,105308.401,0.308
2784,decode,5,8,297,105316.42,105316.745,0.325
2785,decode,3,4,298,105324.958,105325.238,0.28
2786,decode,2,2,299,105333.242,105333.509,0.267
2787,decode,1,1,300,105341.453,105341.877,0.424
2788,decode,1,1,301,105349.37,105349.751,0.381
2789,decode,1,1,302,105357.607,105357.978,0.371
2790,decode,1,1,303,105365.762,105366.133,0.371
2791,prefill,36,8192,273,105379.785,105391.929,12.144
2792,prefill,37,8192,272,105404.495,105416.792,12.297
2793,decode,70,72,274,105723.911,105724.503,0.591
2794,decode,65,72,275,106062.32,106062.972,0.651
2795,decode,61,64,276,106069.909,106070.424,0.515
2796,decode,55,56,277,106082.458,106082.958,0.5
2797,decode,47,48,278,106094.142,106094.603,0.462
2798,decode,39,40,279,106105.179,106105.615,0.436
2799,decode,34,40,280,106115.463,106115.889,0.425
2800,decode,28,32,281,106125.882,106126.271,0.39
2801,decode,23,24,282,106135.386,106135.755,0.368
2802,decode,22,24,283,106144.586,106144.94,0.354
2803,decode,14,16,284,106154.54,106154.892,0.352
2804,decode,11,16,274,106163.194,106163.518,0.324
2805,decode,9,16,275,106171.946,106172.266,0.32
2806,decode,5,8,276,106180.955,106181.253,0.298
2807,decode,4,4,277,106189.152,106189.428,0.276
2808,decode,2,2,278,106197.551,106197.832,0.281
2809,decode,2,2,279,106205.692,106205.984,0.292
2810,decode,2,2,280,106213.65,106213.914,0.264
2811,decode,1,1,269,106221.854,106222.258,0.404
2812,decode,1,1,270,106229.773,106230.14,0.367
2813,decode,1,1,271,106237.915,106238.288,0.373
2814,decode,1,1,272,106246.043,106246.408,0.365
2815,prefill,52,8192,260,106263.978,106277.038,13.06
2816,prefill,41,8192,252,106290.29,106302.346,12.056
2817,decode,85,88,261,106605.763,106606.414,0.651
2818,decode,75,80,262,106942.638,106943.294,0.656
2819,decode,63,64,263,106951.429,106951.961,0.532
2820,decode,51,56,264,106964.294,106964.793,0.499
2821,decode,39,40,259,106974.498,106974.93,0.432
2822,decode,27,32,260,106985.033,106985.426,0.392
2823,decode,25,32,261,106994.05,106994.429,0.379
2824,decode,19,24,262,107003.94,107004.321,0.381
2825,decode,17,24,263,107013.431,107013.899,0.468
2826,decode,14,16,264,107022.224,107022.575,0.351
2827,decode,9,16,258,107031.457,107031.788,0.332
2828,decode,8,8,259,107039.844,107040.154,0.31
2829,decode,7,8,255,107048.482,107048.804,0.323
2830,decode,5,8,256,107057.18,107057.495,0.315
2831,decode,4,4,257,107065.322,107065.771,0.449
2832,decode,4,4,258,107073.439,107073.722,0.283
2833,decode,4,4,259,107081.687,107081.958,0.271
2834,decode,4,4,260,107089.933,107090.202,0.268
2835,decode,3,4,261,107098.276,107098.543,0.268
2836,decode,1,1,219,107106.605,107107.016,0.411
2837,decode,1,1,220,107114.459,107114.841,0.381
2838,decode,1,1,221,107122.618,107122.99,0.372
2839,decode,1,1,222,107130.797,107131.168,0.371
2840,prefill,42,8192,281,107146.597,107158.794,12.197
2841,prefill,39,8192,254,107171.327,107183.174,11.847
2842,decode,77,80,276,107488.055,107488.727,0.672
2843,decode,69,72,277,107823.905,107824.472,0.567
2844,decode,58,64,278,107833.356,107833.885,0.529
2845,decode,50,56,279,107845.043,107845.523,0.48
2846,decode,41,48,280,107856.373,107856.837,0.464
2847,decode,31,32,281,107867.154,107867.635,0.48
2848,decode,22,24,278,107877.673,107878.031,0.357
2849,decode,19,24,279,107886.679,107887.025,0.347
2850,decode,13,16,280,107896.304,107896.648,0.344
2851,decode,8,8,281,107905.495,107905.805,0.31
2852,decode,6,8,282,107913.971,107914.261,0.29
2853,decode,4,4,283,107922.341,107922.638,0.296
2854,decode,3,4,284,107930.743,107931.013,0.27
2855,decode,3,4,285,107938.934,107939.215,0.282
2856,decode,3,4,286,107947.153,107947.424,0.272
2857,decode,2,2,257,107955.485,107955.769,0.284
2858,decode,2,2,258,107963.614,107963.879,0.264
2859,decode,2,2,259,107971.768,107972.052,0.285
2860,decode,2,2,260,107979.919,107980.191,0.272
2861,decode,1,1,261,107987.925,107988.336,0.411
2862,decode,1,1,262,107995.819,107996.189,0.37
2863,decode,1,1,263,108003.969,108004.34,0.371
2864,decode,1,1,264,108012.223,108012.622,0.399
2865,decode,1,1,265,108020.302,108020.685,0.383
2866,decode,1,1,266,108028.471,108028.856,0.385
2867,prefill,57,8192,257,108048.814,108062.973,14.159
2868,prefill,42,8192,267,108078.55,108091.871,13.321
2869,decode,94,96,268,108392.453,108393.574,1.121
2870,decode,85,88,269,108728.225,108729.296,1.07
2871,decode,71,72,270,108738.193,108738.813,0.62
2872,decode,60,64,271,108747.914,108748.473,0.56
2873,decode,49,56,270,108760.064,108760.6,0.535
2874,decode,43,48,271,108770.219,108770.722,0.503
2875,decode,36,40,272,108780.939,108781.402,0.463
2876,decode,29,32,273,108791.352,108791.782,0.431
2877,decode,24,24,274,108800.865,108801.243,0.377
2878,decode,19,24,264,108810.522,108810.906,0.384
2879,decode,15,16,265,108819.406,108819.756,0.35
2880,decode,13,16,266,108828.451,108828.808,0.357
2881,decode,10,16,267,108837.698,108838.067,0.37
2882,decode,6,8,268,108846.197,108846.508,0.311
2883,decode,4,4,232,108854.537,108854.843,0.307
2884,decode,2,2,227,108862.934,108863.217,0.283
2885,prefill,45,8192,267,108879.876,108892.743,12.867
2886,prefill,39,8192,267,108906.648,108919.247,12.599
2887,decode,80,80,268,109224.42,109225.433,1.013
2888,decode,67,72,269,109559.258,109560.112,0.855
2889,decode,53,56,270,109571.551,109572.34,0.789
2890,decode,48,48,271,109580.364,109581.08,0.716
2891,decode,40,40,272,109591.484,109592.491,1.007
2892,decode,31,32,273,109601.139,109601.602,0.463
2893,decode,23,24,274,109610.659,109611.026,0.367
2894,decode,15,16,275,109620.391,109620.754,0.363
2895,decode,11,16,274,109629.396,109629.754,0.358
2896,decode,9,16,273,109638.121,109638.458,0.336
2897,decode,8,8,274,109648.25,109648.689,0.44
2898,decode,4,4,275,109655.688,109655.977,0.289
2899,decode,3,4,276,109663.52,109663.807,0.288
2900,decode,1,1,259,109671.971,109672.386,0.415
2901,decode,1,1,260,109679.867,109680.237,0.371
2902,decode,1,1,261,109688.015,109688.387,0.372
2903,decode,1,1,262,109696.308,109696.693,0.385
2904,decode,1,1,263,109704.479,109704.894,0.415
2905,decode,1,1,264,109712.722,109713.12,0.398
2906,prefill,50,8192,269,109729.377,109741.595,12.219
2907,prefill,42,8192,261,109755.228,109767.946,12.718
2908,decode,85,88,262,110074.695,110075.349,0.654
2909,decode,71,72,263,110410.777,110411.349,0.572
2910,decode,59,64,263,110420.41,110420.944,0.534
2911,decode,53,56,258,110430.731,110431.211,0.48
2912,decode,43,48,259,110442.22,110442.683,0.463
2913,decode,40,40,260,110452.168,110452.601,0.434
2914,decode,31,32,251,110463.352,110463.759,0.407
2915,decode,29,32,252,110472.474,110472.889,0.414
2916,decode,23,24,253,110482.649,110483.006,0.357
2917,decode,17,24,254,110492.19,110492.535,0.345
2918,decode,14,16,255,110500.928,110501.255,0.327
2919,decode,10,16,256,110510.01,110510.331,0.321
2920,decode,8,8,257,110518.586,110518.883,0.297
2921,decode,5,8,258,110527.192,110527.479,0.288
2922,decode,5,8,259,110535.211,110535.497,0.286
2923,decode,3,4,256,110543.73,110544.007,0.277
2924,decode,1,1,152,110552.075,110552.476,0.401
2925,prefill,45,8192,256,110567.833,110580.109,12.276
2926,prefill,36,8192,276,110592.224,110604.115,11.891
2927,decode,75,80,277,110909.989,110910.631,0.642
2928,decode,61,64,268,111246.168,111246.718,0.55
2929,decode,46,48,269,111256.26,111256.725,0.465
2930,decode,36,40,269,111266.228,111266.662,0.434
2931,decode,25,32,270,111277.063,111277.453,0.39
2932,decode,18,24,271,111286.616,111286.973,0.357
2933,decode,17,24,272,111295.633,111295.984,0.351
2934,decode,14,16,264,111305.134,111305.463,0.329
2935,decode,10,16,265,111314.523,111314.856,0.333
2936,decode,5,8,262,111323.609,111323.905,0.296
2937,decode,4,4,256,111331.866,111332.141,0.276
2938,decode,2,2,257,111340.327,111340.618,0.29
2939,decode,2,2,258,111348.452,111348.726,0.274
2940,decode,1,1,259,111357.121,111357.526,0.404
2941,decode,1,1,260,111364.947,111365.316,0.369
2942,decode,1,1,261,111373.135,111373.508,0.372
2943,prefill,65,8192,268,111393.202,111405.454,12.252
2944,prefill,47,8192,259,111419.446,111431.418,11.973
2945,decode,99,104,269,111739.489,111740.292,0.803
2946,decode,82,88,270,112074.363,112075.092,0.729
2947,decode,63,64,260,112084.951,112085.47,0.519
2948,decode,47,48,261,112095.594,112096.068,0.474
2949,decode,37,40,262,112105.744,112106.203,0.459
2950,decode,25,32,261,112116.42,112116.841,0.422
2951,decode,18,24,262,112125.637,112126.004,0.367
2952,decode,13,16,263,112134.727,112135.057,0.33
2953,decode,9,16,257,112143.782,112144.105,0.322
2954,decode,7,8,258,112152.261,112152.571,0.31
2955,decode,7,8,259,112160.776,112161.065,0.289
2956,decode,7,8,260,112169.199,112169.492,0.293
2957,decode,4,4,261,112178.012,112178.296,0.284
2958,decode,3,4,249,112186.12,112186.39,0.27
2959,decode,1,1,250,112194.488,112194.911,0.424
2960,prefill,45,8192,253,112210.986,112223.884,12.898
2961,prefill,45,8192,247,112237.793,112249.758,11.966
2962,decode,85,88,254,112555.821,112556.468,0.647
2963,decode,70,72,255,112892.623,112893.193,0.57
2964,decode,55,56,255,112902.529,112903.029,0.5
2965,decode,41,48,251,112913.555,112914.036,0.481
2966,decode,34,40,252,112923.645,112924.066,0.421
2967,decode,28,32,253,112933.927,112934.314,0.386
2968,decode,21,24,254,112943.89,112944.258,0.368
2969,decode,18,24,251,112952.902,112953.257,0.355
2970,decode,16,16,248,112961.908,112962.236,0.327
2971,decode,12,16,249,112971.256,112971.588,0.332
2972,decode,9,16,231,112980.031,112980.349,0.318
2973,decode,9,16,232,112988.48,112988.812,0.332
2974,decode,8,8,233,112997.146,112997.442,0.295
2975,decode,6,8,234,113005.928,113006.215,0.286
2976,decode,3,4,235,113014.449,113014.742,0.293
2977,decode,2,2,227,113022.476,113022.762,0.286
2978,decode,1,1,177,113030.672,113031.078,0.405
2979,prefill,58,8192,253,113048.854,113062.539,13.686
2980,prefill,43,8192,259,113076.822,113089.395,12.573
2981,decode,98,104,260,113392.321,113393.098,0.777
2982,decode,81,88,261,113729.622,113730.293,0.671
2983,decode,75,80,262,113736.965,113737.538,0.573
2984,decode,64,64,263,113749.199,113749.723,0.524
2985,decode,54,56,264,113761.114,113761.607,0.493
2986,decode,42,48,265,113772.312,113772.776,0.464
2987,decode,37,40,266,113782.006,113782.426,0.42
2988,decode,32,32,267,113792.087,113792.473,0.386
2989,decode,27,32,268,113802.049,113802.445,0.396
2990,decode,25,32,269,113811.165,113811.55,0.385
2991,decode,20,24,270,113820.691,113821.048,0.357
2992,decode,17,24,271,113829.78,113830.127,0.347
2993,decode,12,16,258,113838.976,113839.301,0.326
2994,decode,9,16,259,113847.749,113848.065,0.317
2995,decode,5,8,257,113856.626,113856.922,0.296
2996,decode,3,4,258,113864.92,113865.2,0.279
2997,decode,2,2,233,113873.029,113873.294,0.265
2998,decode,2,2,234,113881.095,113881.35,0.255
2999,decode,2,2,235,113889.125,113889.382,0.256
3000,prefill,51,8192,256,165565.984,165578.933,12.948
3001,prefill,36,8192,266,165591.864,165603.714,11.85
3002,decode,83,88,267,165964.209,165964.867,0.658
3003,decode,73,80,268,166296.785,166297.432,0.646
3004,decode,57,64,269,166303.146,166303.677,0.53
3005,decode,43,48,265,166313.925,166314.385,0.461
3006,decode,36,40,266,166323.816,166324.24,0.423
3007,decode,30,32,261,166334.011,166334.414,0.403
3008,decode,24,24,262,166343.738,166344.097,0.359
3009,decode,21,24,262,166352.801,166353.151,0.351
3010,decode,18,24,263,166362.109,166362.464,0.354
3011,decode,16,16,264,166371.162,166371.497,0.335
3012,decode,16,16,265,166379.905,166380.23,0.325
3013,decode,14,16,266,166388.954,166389.275,0.321
3014,decode,10,16,267,166397.96,166398.281,0.321
3015,decode,9,16,268,166406.365,166406.697,0.333
3016,decode,9,16,269,166414.702,166415.022,0.32
3017,decode,5,8,270,166423.644,166423.947,0.303
3018,decode,3,4,271,166431.75,166432.027,0.277
3019,decode,3,4,272,166439.763,166440.039,0.276
3020,decode,3,4,273,166448.02,166448.289,0.269
3021,decode,3,4,274,166456.004,166456.272,0.268
3022,decode,2,2,275,166464.185,166464.452,0.267
3023,prefill,41,8192,265,166479.134,166491.285,12.151
3024,prefill,40,8192,262,166504.738,166516.573,11.835
3025,decode,74,80,266,166819.417,166820.053,0.636
3026,decode,67,72,267,167152.692,167153.422,0.73
3027,decode,56,56,268,167158.034,167158.575,0.541
3028,decode,49,56,269,167168.772,167169.278,0.505
3029,decode,39,40,264,167179.852,167180.281,0.429
3030,decode,34,40,265,167189.738,167190.161,0.423
3031,decode,29,32,266,167199.516,167199.924,0.408
3032,decode,18,24,267,167209.941,167210.311,0.37
3033,decode,15,16,268,167218.359,167218.703,0.343
3034,decode,14,16,269,167226.956,167227.298,0.343
3035,decode,8,8,263,167236.322,167236.658,0.336
3036,decode,7,8,264,167244.34,167244.656,0.316
3037,decode,6,8,259,167252.611,167252.912,0.3
3038,decode,5,8,260,167260.946,167261.252,0.306
3039,decode,5,8,261,167269.04,167269.323,0.283
3040,decode,4,4,262,224953.44,224953.885,0.445
3041,decode,4,4,263,224954.725,224955.003,0.278
3042,decode,2,2,264,224964.976,224965.25,0.274
3043,decode,1,1,265,224975.169,224975.653,0.484
3044,prefill,50,8192,247,224993.72,225006.706,12.985
3045,prefill,35,8192,290,225019.448,225031.378,11.93
3046,decode,80,80,291,225377.885,225378.621,0.737
3047,decode,70,72,292,225946.911,225947.655,0.743
3048,decode,53,56,293,225953.429,225953.964,0.535
3049,decode,38,40,294,225962.917,225963.352,0.435
3050,decode,30,32,295,225972.075,225972.47,0.395
3051,decode,22,24,296,225981.244,225981.624,0.38
3052,decode,18,24,297,225990.151,225990.5,0.348
3053,decode,16,16,298,225998.794,225999.126,0.332
3054,decode,12,16,299,226008.057,226008.375,0.318
3055,decode,12,16,300,226016.238,226016.577,0.339
3056,decode,11,16,301,226025.16,226025.479,0.318
3057,decode,9,16,302,226033.833,226034.152,0.319
3058,decode,6,8,303,226042.881,226043.184,0.303
3059,decode,6,8,304,226051.052,226051.349,0.297
3060,decode,6,8,305,226059.431,226059.742,0.311
3061,decode,4,4,306,226067.799,226068.085,0.286
3062,decode,4,4,307,226075.849,226076.12,0.271
3063,decode,4,4,308,226084.032,226084.304,0.272
3064,decode,3,4,309,226092.424,226092.705,0.281
3065,decode,2,2,308,226100.212,226100.483,0.271
3066,decode,1,1,309,226108.308,226108.738,0.43
3067,decode,1,1,310,226116.136,226116.507,0.372
3068,decode,1,1,311,226124.286,226124.671,0.384
3069,prefill,48,8192,284,226140.712,226152.838,12.126
3070,prefill,39,8192,235,226166.55,226179.066,12.516
3071,decode,82,88,285,226470.14,226470.832,0.691
3072,decode,71,72,286,226795.732,226796.336,0.604
3073,decode,61,64,287,226806.582,226807.111,0.529
3074,decode,53,56,285,226817.28,226817.779,0.499
3075,decode,43,48,242,226828.736,226829.185,0.45
3076,decode,41,48,243,226838.553,226839.003,0.451
3077,decode,36,40,244,226849.4,226849.833,0.434
3078,decode,33,40,245,226859.45,226859.87,0.42
3079,decode,28,32,246,226869.652,226870.043,0.391
3080,decode,27,32,247,226878.932,226879.313,0.381
3081,decode,23,24,248,226888.471,226888.841,0.37
3082,decode,20,24,249,226897.693,226898.04,0.347
3083,decode,14,16,250,226907.083,226907.411,0.328
3084,decode,12,16,251,226915.624,226915.944,0.32
3085,decode,11,16,250,226924.147,226924.476,0.328
3086,decode,10,16,251,226932.77,226933.087,0.317
3087,decode,9,16,252,226941.334,226941.665,0.332
3088,decode,8,8,253,226949.857,226950.153,0.296
3089,decode,8,8,254,226958.186,226958.47,0.284
3090,decode,7,8,246,226966.644,226966.931,0.287
3091,decode,6,8,245,226974.98,226975.262,0.282
3092,decode,5,8,244,226983.325,226983.625,0.3
3093,decode,5,8,245,226991.433,226991.736,0.303
3094,decode,4,4,242,226999.718,227000.0,0.282
3095,decode,4,4,243,227007.852,227008.123,0.27
3096,decode,2,2,206,227016.182,227016.455,0.273
3097,decode,2,2,207,227024.066,227024.327,0.261
3098,decode,1,1,208,227032.086,227032.513,0.427
3099,decode,1,1,209,227039.917,227040.285,0.368
3100,prefill,46,8192,260,227055.801,227068.052,12.252
3101,prefill,46,8192,254,227082.257,227094.023,11.766
3102,decode,85,88,261,227385.252,227385.914,0.662
3103,decode,67,72,262,227714.751,227715.453,0.702
3104,decode,52,56,263,227724.24,227724.764,0.524
3105,decode,41,48,264,227733.284,227733.753,0.469
3106,decode,32,32,265,227743.997,227744.4,0.403
3107,decode,23,24,266,227753.916,227754.284,0.368
3108,decode,17,24,234,227763.313,227763.68,0.368
3109,decode,9,16,235,227772.713,227773.055,0.342
3110,decode,7,8,236,227780.879,227781.186,0.307
3111,decode,3,4,228,227789.652,227789.94,0.288
3112,decode,2,2,196,227797.695,227797.974,0.279
3113,decode,2,2,197,227805.735,227806.005,0.269
3114,decode,1,1,198,227813.875,227814.284,0.41
3115,prefill,42,8192,291,227828.955,227841.208,12.253
3116,prefill,42,8192,301,227854.934,227866.763,11.829
3117,decode,80,80,302,228164.687,228165.317,0.629
3118,decode,70,72,303,228492.391,228493.004,0.613
3119,decode,60,64,294,228502.273,228502.827,0.554
3120,decode,54,56,295,228513.46,228514.007,0.547
3121,decode,49,56,296,228524.396,228524.945,0.549
3122,decode,44,48,297,228535.136,228535.615,0.479
3123,decode,39,40,298,228545.771,228546.275,0.503
3124,decode,34,40,299,228556.061,228556.502,0.441
3125,decode,31,32,300,228565.541,228565.96,0.418
3126,decode,26,32,301,228575.404,228575.879,0.475
3127,decode,22,24,302,228584.779,228585.145,0.365
3128,decode,19,24,303,228594.797,228595.305,0.508
3129,decode,15,16,304,228603.046,228603.38,0.334
3130,decode,15,16,305,228611.482,228611.811,0.329
3131,decode,13,16,306,228620.45,228620.777,0.328
3132,decode,9,16,270,228629.393,228629.72,0.327
3133,decode,9,16,271,228637.573,228637.891,0.318
3134,decode,8,8,272,228646.156,228646.45,0.295
3135,decode,8,8,273,228654.596,228654.883,0.286
3136,decode,6,8,274,228663.198,228663.481,0.283
3137,decode,5,8,275,228672.331,228672.77,0.44
3138,decode,3,4,274,228679.857,228680.144,0.288
3139,decode,2,2,275,228687.814,228688.085,0.271
3140,decode,1,1,274,228696.089,228696.503,0.414
3141,decode,1,1,275,228703.768,228704.137,0.369
3142,decode,1,1,276,228711.829,228712.201,0.372
3143,decode,1,1,277,228719.927,228720.296,0.369
3144,decode,1,1,278,228728.022,228728.391,0.369
3145,prefill,71,8192,244,228748.453,228761.304,12.851
3146,prefill,48,8192,279,228776.221,228788.11,11.889
3147,decode,116,120,280,229081.599,229083.235,1.636
3148,decode,103,104,281,229406.915,229407.727,0.812
3149,decode,93,96,282,229416.767,229417.402,0.635
3150,decode,77,80,283,229429.448,229430.029,0.581
3151,decode,70,72,284,229441.057,229441.612,0.554
3152,decode,56,56,279,229453.525,229454.014,0.489
3153,decode,48,48,280,229464.343,229464.801,0.457
3154,decode,44,48,281,229474.287,229474.736,0.449
3155,decode,37,40,282,229484.818,229485.234,0.416
3156,decode,30,32,283,229494.764,229495.15,0.386
3157,decode,24,24,284,229504.213,229504.581,0.367
3158,decode,21,24,285,229513.131,229513.478,0.347
3159,decode,16,16,286,229522.303,229522.642,0.34
3160,decode,12,16,287,229531.39,229531.717,0.327
3161,decode,11,16,288,229539.46,229539.786,0.325
3162,decode,7,8,289,229548.353,229548.659,0.306
3163,decode,7,8,290,229556.546,229556.842,0.296
3164,decode,5,8,247,229565.11,229565.394,0.283
3165,decode,4,4,248,229573.244,229573.522,0.278
3166,decode,2,2,223,229581.576,229581.847,0.271
3167,decode,2,2,224,229589.458,229589.725,0.267
3168,decode,2,2,225,229597.399,229597.668,0.269
3169,decode,1,1,211,229605.477,229605.899,0.422
3170,decode,1,1,212,229613.35,229613.727,0.377
3171,decode,1,1,213,229621.454,229621.833,0.38
3172,prefill,47,8192,289,229637.432,229649.672,12.24
3173,prefill,32,8192,294,229662.045,229673.786,11.741
3174,decode,77,80,295,229967.774,229968.407,0.633
3175,decode,69,72,296,230295.834,230296.477,0.643
3176,decode,53,56,295,230307.609,230308.167,0.558
3177,decode,45,48,296,230317.425,230317.887,0.462
3178,decode,38,40,294,230328.136,230328.551,0.414
3179,decode,32,32,295,230338.508,230338.909,0.401
3180,decode,29,32,296,230348.409,230348.8,0.391
3181,decode,25,32,297,230358.312,230358.703,0.39
3182,decode,20,24,293,230368.038,230368.395,0.356
3183,decode,19,24,294,230376.929,230377.274,0.345
3184,decode,15,16,295,230386.392,230386.733,0.341
3185,decode,15,16,296,230395.076,230395.392,0.316
3186,decode,15,16,297,230403.891,230404.237,0.346
3187,decode,12,16,297,230413.1,230413.415,0.315
3188,decode,11,16,298,230421.693,230422.007,0.314
3189,decode,9,16,299,230430.518,230430.847,0.329
3190,decode,5,8,300,230439.423,230439.732,0.309
3191,decode,4,4,300,230447.545,230447.836,0.29
3192,decode,4,4,301,230455.684,230455.952,0.269
3193,decode,3,4,302,230463.995,230464.264,0.269
3194,decode,1,1,303,230472.219,230472.64,0.421
3195,decode,1,1,304,230480.084,230480.451,0.368
3196,decode,1,1,305,230488.19,230488.569,0.38
3197,decode,1,1,306,230496.321,230496.7,0.379
3198,decode,1,1,307,230504.454,230504.834,0.381
3199,decode,1,1,308,230512.555,230512.936,0.381
3200,prefill,43,8192,283,230527.867,230540.062,12.196
3201,prefill,44,8192,249,230553.452,230565.527,12.075
3202,decode,79,80,284,230858.573,230859.183,0.61
3203,decode,68,72,285,231186.77,231187.372,0.601
3204,decode,53,56,286,231197.527,231198.024,0.497
3205,decode,40,40,287,231207.802,231208.222,0.419
3206,decode,24,24,254,231218.661,231219.018,0.356
3207,decode,19,24,255,231227.475,231227.835,0.36
3208,decode,14,16,253,231236.739,231237.067,0.327
3209,decode,10,16,252,231245.788,231246.103,0.314
3210,decode,8,8,253,231254.232,231254.528,0.296
3211,decode,7,8,254,231262.816,231263.102,0.286
3212,decode,5,8,255,231271.364,231271.662,0.298
3213,decode,4,4,256,231279.54,231279.832,0.292
3214,decode,3,4,257,231287.864,231288.131,0.267
3215,decode,2,2,258,231296.004,231296.271,0.267
3216,decode,2,2,259,231304.541,231304.916,0.376
3217,decode,2,2,260,231312.002,231312.262,0.259
3218,decode,1,1,142,231320.088,231320.497,0.409
3219,decode,1,1,143,231327.908,231328.271,0.363
3220,prefill,42,8192,253,231343.38,231356.399,13.019
3221,prefill,41,8192,270,231369.746,231381.633,11.886
3222,decode,74,80,271,231677.923,231678.55,0.627
3223,decode,62,64,272,232005.658,232006.176,0.518
3224,decode,51,56,271,232016.408,232016.899,0.491
3225,decode,44,48,272,232025.958,232026.402,0.445
3226,decode,37,40,273,232036.753,232037.173,0.42
3227,decode,28,32,273,232047.59,232047.975,0.385
3228,decode,23,24,274,232057.149,232057.504,0.355
3229,decode,17,24,261,232067.204,232067.573,0.369
3230,decode,13,16,262,232076.463,232076.803,0.34
3231,decode,11,16,263,232085.718,232086.031,0.313
3232,decode,11,16,264,232094.696,232095.011,0.315
3233,decode,9,16,265,232104.175,232104.491,0.315
3234,decode,7,8,266,232113.07,232113.366,0.296
3235,decode,6,8,259,232121.496,232121.796,0.3
3236,decode,4,4,260,232130.022,232130.298,0.276
3237,decode,3,4,261,232138.26,232138.53,0.27
3238,decode,3,4,262,232146.261,232146.53,0.269
3239,decode,2,2,263,232154.514,232154.816,0.302
3240,decode,2,2,264,232162.675,232162.934,0.259
3241,decode,2,2,265,232170.512,232170.786,0.274
3242,decode,2,2,266,232178.574,232178.864,0.29
3243,decode,2,2,267,232186.492,232186.765,0.273
3244,decode,2,2,268,232194.45,232194.725,0.275
3245,decode,2,2,269,232202.439,232202.711,0.272
3246,decode,2,2,270,232210.403,232210.676,0.273
3247,decode,1,1,271,232218.462,232218.883,0.421
3248,decode,1,1,272,232226.317,232226.704,0.388
3249,decode,1,1,273,232234.618,232234.987,0.37
3250,decode,1,1,274,232242.715,232243.083,0.368
3251,decode,1,1,275,232250.8,232251.17,0.37
3252,decode,1,1,276,232258.873,232259.244,0.371
3253,decode,1,1,277,232266.953,232267.33,0.377
3254,decode,1,1,278,232275.041,232275.408,0.367
3255,prefill,50,8192,273,232291.749,232304.73,12.98
3256,prefill,44,8192,247,232318.663,232331.035,12.372
3257,decode,87,88,268,232623.531,232624.225,0.694
3258,decode,75,80,269,232953.267,232953.969,0.702
3259,decode,62,64,270,232964.711,232965.239,0.528
3260,decode,52,56,271,232973.312,232973.802,0.489
3261,decode,41,48,272,232984.263,232984.722,0.459
3262,decode,35,40,273,232994.264,232994.694,0.43
3263,decode,29,32,254,233004.469,233004.872,0.404
3264,decode,24,24,255,233014.029,233014.387,0.358
3265,decode,21,24,256,233023.215,233023.573,0.359
3266,decode,19,24,257,233032.357,233032.717,0.359
3267,decode,18,24,258,233041.286,233041.646,0.36
3268,decode,13,16,259,233050.651,233050.977,0.325
3269,decode,12,16,260,233059.17,233059.496,0.326
3270,decode,9,16,261,233068.058,233068.375,0.316
3271,decode,8,8,262,233076.403,233076.708,0.305
3272,decode,8,8,263,233084.761,233085.047,0.286
3273,decode,6,8,264,233093.248,233093.536,0.288
3274,decode,5,8,265,233101.463,233101.761,0.298
3275,decode,3,4,266,233109.799,233110.084,0.284
3276,decode,2,2,267,233117.865,233118.134,0.269
3277,decode,2,2,268,233125.833,233126.095,0.262
3278,decode,1,1,269,233133.899,233134.307,0.408
3279,decode,1,1,270,233141.767,233142.136,0.368
3280,decode,1,1,271,233149.957,233150.332,0.375
3281,decode,1,1,272,233157.993,233158.362,0.369
3282,decode,1,1,273,233166.106,233166.478,0.372
3283,decode,1,1,274,233174.206,233174.587,0.382
3284,decode,1,1,275,233182.41,233182.826,0.416
3285,decode,1,1,276,233190.375,233190.758,0.383
3286,decode,1,1,277,233198.528,233198.912,0.384
3287,prefill,43,8192,278,233213.714,233225.938,12.224
3288,prefill,41,8192,270,233239.362,233251.25,11.888
3289,decode,81,88,279,233546.102,233546.789,0.687
3290,decode,74,80,280,233874.551,233875.168,0.617
3291,decode,62,64,281,233885.781,233886.287,0.506
3292,decode,56,56,282,233896.711,233897.189,0.478
3293,decode,42,48,283,233909.031,233909.474,0.443
3294,decode,34,40,276,233919.191,233919.62,0.428
3295,decode,24,24,277,233929.597,233929.953,0.356
3296,decode,22,24,278,233938.627,233938.976,0.349
3297,decode,20,24,279,233947.914,233948.262,0.348
3298,decode,17,24,280,233957.403,233957.763,0.36
3299,decode,15,16,281,233966.482,233966.821,0.339
3300,decode,13,16,270,233975.771,233976.09,0.319
3301,decode,11,16,271,233984.366,233984.697,0.332
3302,decode,10,16,272,233992.992,233993.305,0.313
3303,decode,10,16,273,234001.504,234001.831,0.327
3304,decode,9,16,274,234010.247,234010.57,0.323
3305,decode,6,8,270,234018.954,234019.247,0.292
3306,decode,4,4,262,234027.492,234027.784,0.292
3307,decode,3,4,234,234035.503,234035.786,0.283
3308,decode,3,4,235,234043.504,234043.784,0.28
3309,decode,2,2,236,234051.691,234051.955,0.264
3310,decode,2,2,237,234059.67,234059.928,0.259
3311,decode,2,2,238,234067.65,234067.909,0.259
3312,decode,2,2,239,234075.611,234075.87,0.259
3313,decode,1,1,139,234083.704,234084.116,0.411
3314,prefill,46,8192,264,234099.14,234111.41,12.27
3315,prefill,36,8192,261,234123.507,234135.269,11.762
3316,decode,79,80,265,234430.904,234431.586,0.681
3317,decode,67,72,266,234758.058,234758.617,0.559
3318,decode,51,56,267,234770.198,234770.72,0.521
3319,decode,39,40,268,234780.454,234780.898,0.444
3320,decode,36,40,269,234790.318,234790.735,0.418
3321,decode,27,32,270,234800.93,234801.319,0.389
3322,decode,23,24,271,234810.401,234810.773,0.372
3323,decode,15,16,272,234820.313,234820.661,0.348
3324,decode,13,16,273,234828.848,234829.167,0.319
3325,decode,8,8,274,234837.964,234838.261,0.297
3326,decode,5,8,261,234846.571,234846.86,0.289
3327,decode,2,2,256,234854.911,234855.178,0.267
3328,decode,2,2,257,234862.794,234863.054,0.259
3329,prefill,55,8192,255,234880.259,234892.387,12.128
3330,prefill,40,8192,252,234905.28,234917.096,11.817
3331,decode,88,88,256,235221.193,235221.893,0.7
3332,decode,75,80,257,235549.697,235550.316,0.619
3333,decode,62,64,258,235560.035,235560.546,0.51
3334,decode,52,56,259,235571.427,235571.915,0.488
3335,decode,45,48,260,235582.131,235582.591,0.461
3336,decode,38,40,261,235592.647,235593.069,0.422
3337,decode,31,32,262,235602.916,235603.301,0.384
3338,decode,24,24,263,235612.743,235613.101,0.358
3339,decode,17,24,261,235622.281,235622.639,0.358
3340,decode,15,16,261,235631.062,235631.39,0.328
3341,decode,12,16,261,235640.07,235640.386,0.316
3342,decode,11,16,262,235648.627,235648.945,0.317
3343,decode,7,8,263,235657.577,235657.873,0.296
3344,decode,6,8,264,235665.949,235666.235,0.285
3345,decode,5,8,265,235674.242,235674.527,0.285
3346,decode,5,8,266,235682.417,235682.716,0.299
3347,decode,3,4,267,235690.885,235691.163,0.278
3348,decode,3,4,268,235698.892,235699.161,0.269
3349,decode,3,4,269,235707.01,235707.28,0.27
3350,decode,2,2,270,235715.215,235715.482,0.267
3351,decode,1,1,271,235723.365,235723.777,0.412
3352,decode,1,1,272,235731.199,235731.58,0.38
3353,decode,1,1,273,235739.311,235739.692,0.382
3354,decode,1,1,274,235747.444,235747.825,0.381
3355,decode,1,1,275,235755.582,235755.951,0.37
3356,decode,1,1,276,235763.7,235764.068,0.368
3357,decode,1,1,277,235771.834,235772.201,0.367
3358,prefill,39,8192,289,235786.917,235799.054,12.136
3359,prefill,41,8192,260,235811.739,235823.585,11.846
3360,decode,70,72,290,236118.613,236119.207,0.594
3361,decode,58,64,291,236447.524,236448.142,0.617
3362,decode,41,48,292,236458.724,236459.179,0.455
3363,decode,30,32,288,236468.243,236468.647,0.405
3364,decode,19,24,286,236478.988,236479.344,0.357
3365,decode,14,16,287,236487.98,236488.307,0.328
3366,decode,11,16,288,236497.223,236497.541,0.319
3367,decode,9,16,285,236506.065,236506.385,0.319
3368,decode,5,8,286,236515.081,236515.375,0.294
3369,decode,4,4,274,236523.536,236523.827,0.291
3370,decode,3,4,275,236531.925,236532.198,0.273
3371,decode,3,4,276,236540.098,236540.366,0.269
3372,decode,3,4,277,236548.284,236548.553,0.268
3373,decode,3,4,278,236556.463,236556.745,0.282
3374,decode,1,1,268,236564.848,236565.252,0.404
3375,prefill,50,8192,277,236581.787,236593.875,12.088
3376,prefill,37,8192,280,236608.599,236620.675,12.076
3377,decode,82,88,281,236921.075,236921.8,0.725
3378,decode,75,80,282,237249.745,237250.386,0.641
3379,decode,67,72,283,237260.511,237261.067,0.556
3380,decode,54,56,284,237272.676,237273.157,0.481
3381,decode,46,48,285,237283.833,237284.283,0.451
3382,decode,34,40,282,237294.943,237295.361,0.418
3383,decode,31,32,283,237304.229,237304.631,0.403
3384,decode,27,32,284,237314.263,237314.685,0.423
3385,decode,21,24,283,237323.899,237324.259,0.36
3386,decode,15,16,280,237333.231,237333.571,0.34
3387,decode,12,16,281,237341.935,237342.257,0.323
3388,decode,9,16,277,237350.665,237350.982,0.317
3389,decode,7,8,278,237359.049,237359.352,0.302
3390,decode,5,8,249,237367.603,237367.888,0.285
3391,decode,5,8,250,237375.673,237375.96,0.287
3392,decode,4,4,251,237383.973,237384.25,0.277
3393,decode,4,4,252,237392.128,237392.399,0.271
3394,decode,4,4,253,237400.274,237400.542,0.268
3395,decode,3,4,254,237408.571,237408.841,0.269
3396,decode,2,2,255,237416.672,237416.94,0.268
3397,decode,1,1,155,237424.75,237425.155,0.405
3398,decode,1,1,156,237432.593,237432.961,0.368
3399,decode,1,1,157,237440.704,237441.072,0.369
3400,prefill,55,8192,286,237459.166,237471.315,12.15
3401,prefill,38,8192,270,237483.886,237495.77,11.884
3402,decode,89,96,287,237794.784,237795.476,0.692
3403,decode,80,80,288,238121.676,238122.276,0.6
3404,decode,65,72,288,238133.414,238133.966,0.552
3405,decode,50,56,289,238145.006,238145.487,0.481
3406,decode,41,48,290,238155.856,238156.305,0.449
3407,decode,37,40,291,238165.773,238166.191,0.418
3408,decode,30,32,292,238176.413,238176.813,0.401
3409,decode,25,32,293,238186.189,238186.619,0.429
3410,decode,20,24,294,238195.502,238195.874,0.372
3411,decode,14,16,295,238204.779,238205.106,0.327
3412,decode,11,16,291,238213.516,238213.866,0.35
3413,decode,6,8,283,238222.343,238222.656,0.313
3414,decode,6,8,284,238230.477,238230.775,0.299
3415,decode,5,8,257,238238.891,238239.178,0.287
3416,decode,4,4,258,238247.152,238247.43,0.278
3417,decode,1,1,216,238255.637,238256.042,0.404
3418,decode,1,1,217,238263.41,238263.791,0.382
3419,decode,1,1,218,238271.523,238271.908,0.385
3420,decode,1,1,219,238279.802,238280.175,0.373
3421,decode,1,1,220,238287.779,238288.147,0.368
3422,decode,1,1,221,238295.886,238296.255,0.369
3423,decode,1,1,222,238303.989,238304.356,0.367
3424,prefill,53,8192,273,238321.929,238334.151,12.222
3425,prefill,38,8192,256,238346.693,238358.602,11.908
3426,decode,87,88,274,238655.898,238656.525,0.628
3427,decode,70,72,275,238984.703,238985.245,0.542
3428,decode,48,48,276,238997.202,238997.669,0.467
3429,decode,36,40,277,239007.357,239007.788,0.431
3430,decode,23,24,268,239017.736,239018.092,0.356
3431,decode,16,16,266,239026.766,239027.094,0.327
3432,decode,11,16,267,239035.996,239036.315,0.318
3433,decode,7,8,267,239044.723,239045.018,0.295
3434,decode,6,8,268,239053.154,239053.444,0.289
3435,decode,2,2,269,239061.863,239062.132,0.269
3436,decode,2,2,270,239069.759,239070.02,0.261
3437,decode,2,2,271,239077.817,239078.077,0.26
3438,decode,2,2,272,239085.882,239086.142,0.259
3439,decode,1,1,273,239094.063,239094.471,0.408
3440,decode,1,1,274,239102.078,239102.447,0.369
3441,decode,1,1,275,239110.04,239110.41,0.37
3442,decode,1,1,276,239118.186,239118.554,0.368
3443,prefill,61,8192,254,239137.029,239149.099,12.07
3444,prefill,51,8192,240,239163.566,239175.408,11.842
3445,decode,106,112,255,239474.624,239475.418,0.795
3446,decode,97,104,256,239801.573,239802.265,0.692
3447,decode,75,80,257,239812.621,239813.19,0.569
3448,decode,66,72,258,239823.176,239823.728,0.552
3449,decode,50,56,259,239835.503,239835.993,0.49
3450,decode,43,48,260,239846.095,239846.539,0.444
3451,decode,35,40,261,239856.26,239856.69,0.43
3452,decode,25,32,262,239867.824,239868.27,0.445
3453,decode,20,24,263,239875.569,239875.938,0.368
3454,decode,17,24,264,239884.274,239884.64,0.366
3455,decode,14,16,265,239893.18,239893.508,0.328
3456,decode,12,16,263,239901.842,239902.16,0.318
3457,decode,11,16,263,239910.378,239910.707,0.329
3458,decode,10,16,264,239918.965,239919.285,0.319
3459,decode,9,16,265,239927.595,239927.91,0.315
3460,decode,7,8,266,239936.307,239936.616,0.309
3461,decode,7,8,267,239944.409,239944.727,0.318
3462,decode,7,8,268,239952.684,239952.967,0.283
3463,decode,5,8,269,239961.223,239961.508,0.286
3464,decode,3,4,255,239969.485,239969.777,0.292
3465,decode,3,4,256,239977.407,239977.69,0.283
3466,decode,2,2,257,239985.624,239985.892,0.268
3467,prefill,61,8192,248,240004.355,240016.536,12.181
3468,prefill,44,8192,250,240030.047,240041.935,11.888
3469,decode,97,104,251,240341.861,240342.793,0.932
3470,decode,86,88,252,240669.992,240670.738,0.746
3471,decode,67,72,253,240680.116,240680.682,0.565
3472,decode,55,56,254,240690.603,240691.092,0.489
3473,decode,44,48,255,240702.145,240702.614,0.469
3474,decode,34,40,256,240712.501,240712.933,0.431
3475,decode,29,32,257,240722.147,240722.543,0.396
3476,decode,28,32,258,240731.321,240731.715,0.394
3477,decode,23,24,259,240741.225,240741.598,0.373
3478,decode,19,24,258,240750.443,240750.801,0.359
3479,decode,17,24,259,240759.323,240759.686,0.363
3480,decode,13,16,260,240768.702,240769.033,0.332
3481,decode,9,16,236,240777.429,240777.766,0.336
3482,decode,7,8,225,240785.718,240786.017,0.299
3483,decode,5,8,223,240794.203,240794.498,0.295
3484,decode,3,4,224,240802.474,240802.769,0.295
3485,decode,3,4,225,240810.42,240810.701,0.281
3486,decode,2,2,226,240818.661,240818.935,0.274
3487,decode,2,2,227,240826.673,240826.935,0.262
3488,decode,2,2,228,240834.625,240834.883,0.258
3489,decode,2,2,229,240842.592,240842.852,0.259
3490,decode,2,2,230,240850.551,240850.82,0.269
3491,decode,1,1,231,240858.637,240859.052,0.415
3492,decode,1,1,232,240866.487,240866.874,0.387
3493,decode,1,1,233,240874.585,240874.96,0.375
3494,decode,1,1,234,240882.716,240883.089,0.373
3495,decode,1,1,235,240890.806,240891.177,0.371
3496,decode,1,1,236,240898.92,240899.291,0.372
3497,prefill,47,8192,281,240915.077,240927.602,12.524
3498,prefill,40,8192,282,240940.783,240952.714,11.93
3499,decode,83,88,283,241250.41,241251.126,0.716
3500,decode,72,72,283,241580.541,241581.155,0.614
3501,decode,60,64,284,241591.041,241591.58,0.539
3502,decode,47,48,285,241602.628,241603.077,0.449
3503,decode,38,40,286,241613.267,241613.696,0.429
3504,decode,36,40,287,241623.175,241623.597,0.421
3505,decode,30,32,288,241633.695,241634.08,0.385
3506,decode,24,24,289,241643.647,241644.004,0.357
3507,decode,20,24,290,241652.952,241653.298,0.346
3508,decode,13,16,281,241662.597,241662.926,0.329
3509,decode,11,16,282,241671.117,241671.432,0.315
3510,decode,7,8,283,241679.998,241680.292,0.294
3511,decode,5,8,284,241688.496,241688.794,0.298
3512,decode,4,4,285,241696.662,241696.939,0.276
3513,decode,4,4,286,241704.815,241705.093,0.278
3514,decode,4,4,287,241712.99,241713.259,0.27
3515,decode,1,1,288,241721.453,241721.869,0.416
3516,prefill,69,8192,285,241741.409,241753.689,12.28
3517,prefill,43,8192,251,241767.09,241778.915,11.826
3518,decode,109,112,286,242080.774,242081.519,0.745
3519,decode,96,96,287,242409.773,242410.535,0.762
3520,decode,82,88,288,242420.864,242421.48,0.616
3521,decode,64,64,289,242432.682,242433.189,0.508
3522,decode,50,56,290,242444.254,242444.766,0.511
3523,decode,40,40,291,242454.465,242454.897,0.432
3524,decode,30,32,292,242464.627,242465.014,0.387
3525,decode,25,32,293,242473.756,242474.135,0.379
3526,decode,20,24,294,242483.134,242483.489,0.355
3527,decode,12,16,295,242492.523,242492.864,0.341
3528,decode,9,16,296,242501.037,242501.355,0.318
3529,decode,8,8,297,242509.341,242509.648,0.307
3530,decode,7,8,298,242517.917,242518.203,0.287
3531,decode,5,8,262,242526.4,242526.7,0.299
3532,decode,4,4,260,242534.597,242534.874,0.277
3533,decode,3,4,167,242542.847,242543.115,0.268
3534,decode,3,4,168,242550.919,242551.186,0.267
3535,decode,3,4,169,242559.055,242559.323,0.269
3536,decode,2,2,170,242567.274,242567.54,0.266
3537,decode,1,1,171,242575.407,242575.827,0.42
3538,decode,1,1,172,242583.24,242583.621,0.381
3539,prefill,46,8192,263,242599.164,242611.435,12.272
3540,prefill,41,8192,282,242624.075,242636.007,11.933
3541,decode,85,88,283,242933.754,242934.38,0.626
3542,decode,74,80,281,243264.71,243265.357,0.648
3543,decode,62,64,282,243275.858,243276.374,0.516
3544,decode,53,56,279,243286.788,243287.263,0.475
3545,decode,44,48,280,243297.765,243298.215,0.45
3546,decode,37,40,281,243308.04,243308.455,0.415
3547,decode,30,32,282,243318.554,243318.991,0.437
3548,decode,25,32,283,243328.009,243328.39,0.381
3549,decode,21,24,284,243337.166,243337.526,0.361
3550,decode,18,24,285,243346.266,243346.633,0.367
3551,decode,18,24,286,243355.004,243355.355,0.35
3552,decode,17,24,287,243364.172,243364.521,0.348
3553,decode,13,16,273,243373.483,243373.824,0.34
3554,decode,10,16,274,243382.373,243382.703,0.33
3555,decode,8,8,264,243390.887,243391.184,0.297
3556,decode,5,8,265,243399.57,243399.857,0.286
3557,decode,3,4,266,243407.637,243407.914,0.277
3558,decode,1,1,133,243415.86,243416.267,0.407
3559,decode,1,1,134,243423.744,243424.113,0.369
3560,decode,1,1,135,243431.976,243432.345,0.369
3561,decode,1,1,136,243439.956,243440.326,0.37
3562,decode,1,1,137,243448.06,243448.426,0.366
3563,decode,1,1,138,243456.183,243456.552,0.369
3564,decode,1,1,139,243464.269,243464.675,0.407
3565,prefill,54,8192,302,243481.839,243494.001,12.162
3566,prefill,42,8192,301,243507.081,243519.068,11.987
3567,decode,94,96,303,243817.546,243818.279,0.732
3568,decode,84,88,304,244148.709,244151.999,3.29
3569,decode,68,72,304,244159.796,244160.348,0.552
3570,decode,55,56,305,244170.98,244171.463,0.483
3571,decode,41,48,306,244182.868,244183.314,0.446
3572,decode,34,40,307,244193.401,244193.861,0.46
3573,decode,30,32,308,244203.33,244203.732,0.402
3574,decode,22,24,309,244214.086,244214.446,0.36
3575,decode,17,24,310,244223.664,244224.018,0.354
3576,decode,16,16,311,244232.309,244232.651,0.342
3577,decode,13,16,312,244241.603,244241.923,0.32
3578,decode,13,16,313,244250.15,244250.469,0.319
3579,decode,11,16,264,244259.109,244259.428,0.319
3580,decode,7,8,265,244268.089,244268.385,0.296
3581,decode,6,8,266,244276.364,244276.706,0.342
3582,decode,5,8,231,244284.542,244284.843,0.301
3583,decode,4,4,232,244292.768,244293.046,0.278
3584,decode,4,4,233,244300.904,244301.173,0.268
3585,decode,2,2,234,244309.489,244309.803,0.315
3586,decode,1,1,157,244317.277,244317.708,0.431
3587,decode,1,1,158,244325.082,244325.452,0.37
3588,prefill,54,8192,285,244342.183,244354.347,12.164
3589,prefill,49,8192,280,244369.028,244380.979,11.951
3590,decode,100,104,286,244678.252,244679.131,0.878
3591,decode,86,88,287,245007.016,245007.668,0.652
3592,decode,69,72,283,245017.67,245018.22,0.55
3593,decode,56,56,281,245028.684,245029.172,0.488
3594,decode,48,48,282,245039.831,245040.287,0.455
3595,decode,38,40,283,245050.51,245050.946,0.436
3596,decode,32,32,284,245060.282,245060.686,0.404
3597,decode,28,32,242,245069.811,245070.189,0.378
3598,decode,26,32,243,245079.124,245079.501,0.376
3599,decode,23,24,244,245088.399,245088.772,0.372
3600,decode,18,24,245,245097.992,245098.341,0.348
3601,decode,15,16,246,245106.631,245106.962,0.331
3602,decode,13,16,247,245115.444,245115.802,0.358
3603,decode,10,16,226,245124.309,245124.642,0.333
3604,decode,6,8,227,245133.071,245133.373,0.302
3605,decode,5,8,215,245141.281,245141.58,0.299
3606,decode,4,4,216,245149.446,245149.747,0.301
3607,decode,4,4,217,245158.789,245159.27,0.481
3608,decode,3,4,218,245166.08,245166.369,0.289
3609,decode,1,1,213,245174.212,245174.946,0.734
3610,prefill,63,8192,252,245194.173,245207.009,12.836
3611,prefill,39,8192,255,245223.783,245235.53,11.746
3612,decode,97,104,256,245530.479,245531.303,0.824
3613,decode,85,88,255,245858.136,245858.914,0.778
3614,decode,64,64,256,245869.965,245870.602,0.637
3615,decode,49,56,257,245880.763,245881.354,0.591
3616,decode,40,40,258,245890.921,245891.44,0.519
3617,decode,34,40,259,245901.041,245901.45,0.409
3618,decode,28,32,260,245910.956,245911.449,0.493
3619,decode,23,24,259,245920.475,245920.956,0.481
3620,decode,22,24,260,245929.584,245929.937,0.354
3621,decode,18,24,261,245938.881,245939.237,0.356
3622,decode,18,24,262,245947.536,245947.901,0.365
3623,decode,16,16,253,245956.706,245957.135,0.429
3624,decode,14,16,254,245965.686,245966.006,0.32
3625,decode,13,16,255,245974.312,245974.654,0.342
3626,decode,12,16,256,245982.991,245983.309,0.318
3627,decode,10,16,257,245991.763,245992.083,0.32
3628,decode,10,16,258,246000.173,246000.496,0.323
3629,decode,9,16,259,246008.838,246009.153,0.315
3630,decode,6,8,260,246017.516,246017.926,0.409
3631,decode,4,4,255,246025.831,246026.12,0.289
3632,decode,3,4,256,246033.952,246034.225,0.273
3633,decode,3,4,257,246041.955,246042.228,0.273
3634,decode,2,2,196,246050.19,246050.578,0.388
3635,decode,2,2,197,246058.213,246058.482,0.269
3636,decode,2,2,198,246066.219,246066.49,0.271
3637,decode,2,2,199,246074.21,246074.477,0.267
3638,decode,2,2,200,246082.173,246082.437,0.264
3639,decode,2,2,201,246090.132,246090.4,0.268
3640,decode,1,1,162,246098.315,246098.771,0.455
3641,prefill,43,8192,257,246113.422,246125.717,12.295
3642,prefill,47,8192,249,246142.546,246154.456,11.91
3643,decode,85,88,258,246446.703,246447.411,0.708
3644,decode,77,80,259,246775.222,246775.932,0.71
3645,decode,63,64,259,246785.906,246786.424,0.518
3646,decode,53,56,260,246797.26,246797.762,0.502
3647,decode,44,48,261,246808.359,246808.926,0.566
3648,decode,36,40,262,246819.11,246819.539,0.43
3649,decode,35,40,263,246828.745,246829.156,0.411
3650,decode,33,40,264,246838.852,246839.258,0.407
3651,decode,26,32,265,246849.257,246849.66,0.403
3652,decode,17,24,266,246859.34,246859.719,0.379
3653,decode,13,16,267,246867.904,246868.238,0.334
3654,decode,13,16,268,246876.406,246876.741,0.334
3655,decode,8,8,264,246885.67,246885.971,0.301
3656,decode,4,4,265,246894.191,246894.472,0.28
3657,decode,3,4,259,246902.258,246902.524,0.267
3658,decode,1,1,201,246910.475,246910.908,0.433
3659,decode,1,1,202,246918.411,246918.805,0.394
3660,decode,1,1,203,246926.705,246927.089,0.383
3661,decode,1,1,204,246934.673,246935.045,0.373
3662,decode,1,1,205,246942.795,246943.174,0.379
3663,decode,1,1,206,246950.92,246951.306,0.386
3664,prefill,37,8192,269,246965.246,246977.347,12.101
3665,prefill,48,8192,235,246993.094,247004.928,11.834
3666,decode,83,88,270,247298.084,247298.83,0.746
3667,decode,73,80,271,247628.129,247628.744,0.616
3668,decode,61,64,272,247638.023,247638.55,0.527
3669,decode,51,56,273,247648.977,247649.461,0.484
3670,decode,40,40,274,247660.067,247660.495,0.428
3671,decode,36,40,275,247669.852,247670.264,0.412
3672,decode,33,40,276,247679.781,247680.187,0.406
3673,decode,30,32,277,247689.583,247689.971,0.389
3674,decode,26,32,278,247699.317,247699.716,0.398
3675,decode,21,24,270,247708.801,247709.162,0.362
3676,decode,18,24,242,247717.793,247718.139,0.346
3677,decode,14,16,243,247726.9,247727.238,0.338
3678,decode,12,16,244,247735.592,247735.912,0.321
3679,decode,12,16,245,247744.077,247744.395,0.318
3680,decode,8,8,246,247753.288,247753.613,0.324
3681,decode,7,8,247,247761.47,247761.788,0.318
3682,decode,6,8,248,247769.764,247770.057,0.293
3683,decode,5,8,249,247778.14,247778.429,0.29
3684,decode,3,4,214,247786.506,247786.802,0.296
3685,decode,3,4,215,247794.496,247794.786,0.289
3686,decode,2,2,216,247802.749,247803.022,0.272
3687,decode,2,2,217,247810.769,247811.031,0.262
3688,decode,1,1,218,247818.861,247819.297,0.436
3689,prefill,56,8192,258,247836.869,247849.085,12.216
3690,prefill,39,8192,277,247862.673,247874.499,11.826
3691,decode,89,96,278,248172.626,248173.468,0.842
3692,decode,65,72,279,248499.424,248500.124,0.7
3693,decode,38,40,278,248513.478,248513.923,0.445
3694,decode,28,32,279,248520.83,248521.226,0.396
3695,decode,21,24,280,248530.309,248530.683,0.374
3696,decode,14,16,247,248539.806,248540.143,0.337
3697,decode,9,16,248,248548.831,248549.149,0.318
3698,decode,8,8,249,248557.198,248557.499,0.3
3699,decode,5,8,250,248566.081,248566.372,0.291
3700,decode,2,2,251,248574.691,248574.965,0.274
3701,decode,1,1,252,248582.634,248583.056,0.422
3702,decode,1,1,253,248590.599,248590.976,0.377
3703,decode,1,1,254,248598.775,248599.151,0.376
3704,decode,1,1,255,248606.966,248607.342,0.376
3705,decode,1,1,256,248615.136,248615.511,0.376
3706,prefill,56,8192,284,248633.032,248645.209,12.178
3707,prefill,41,8192,261,248659.779,248671.539,11.761
3708,decode,93,96,285,248972.631,248973.302,0.671
3709,decode,75,80,286,249300.681,249301.363,0.682
3710,decode,55,56,271,249312.53,249313.042,0.512
3711,decode,45,48,272,249322.309,249322.777,0.468
3712,decode,40,40,263,249332.248,249332.682,0.435
3713,decode,34,40,264,249342.82,249343.229,0.409
3714,decode,26,32,265,249353.055,249353.442,0.387
3715,decode,18,24,266,249362.788,249363.15,0.362
3716,decode,15,16,267,249371.401,249371.745,0.344
3717,decode,14,16,268,249380.319,249380.647,0.328
3718,decode,7,8,268,249389.727,249390.022,0.296
3719,decode,6,8,269,249397.864,249398.149,0.285
3720,decode,4,4,270,249406.388,249406.687,0.299
3721,decode,2,2,271,249414.599,249414.873,0.274
3722,decode,2,2,272,249422.598,249422.859,0.261
3723,decode,2,2,273,249430.615,249430.879,0.264
3724,decode,2,2,274,249438.667,249438.928,0.261
3725,decode,2,2,275,249446.693,249446.95,0.257
3726,decode,2,2,276,249454.706,249454.967,0.261
3727,decode,1,1,277,249462.82,249463.239,0.419
3728,decode,1,1,278,249470.684,249471.052,0.368
3729,decode,1,1,279,249478.781,249479.156,0.375
3730,decode,1,1,280,249486.899,249487.269,0.37
3731,decode,1,1,281,249495.026,249495.402,0.376
3732,decode,1,1,282,249503.114,249503.484,0.37
3733,decode,1,1,283,249511.236,249511.621,0.385
3734,decode,1,1,284,249519.339,249519.721,0.382
3735,decode,1,1,285,249527.458,249527.84,0.382
3736,decode,1,1,286,249535.569,249535.944,0.375
3737,decode,1,1,287,249543.694,249544.063,0.369
3738,decode,1,1,288,249551.81,249552.186,0.375
3739,prefill,53,8192,261,249569.11,249581.232,12.122
3740,prefill,43,8192,267,249595.672,249609.298,13.627
3741,decode,90,96,268,249902.697,249903.431,0.734
3742,decode,80,80,269,250235.304,250236.192,0.888
3743,decode,68,72,270,250245.441,250246.167,0.726
3744,decode,53,56,271,250256.852,250257.67,0.818
3745,decode,43,48,272,250266.668,250267.195,0.528
3746,decode,35,40,267,250278.42,250279.115,0.695
3747,decode,31,32,268,250286.911,250287.393,0.482
3748,decode,27,32,269,250297.812,250298.524,0.712
3749,decode,24,24,270,250306.92,250307.594,0.674
3750,decode,18,24,271,250316.804,250317.301,0.497
3751,decode,16,16,272,250324.67,250325.042,0.372
3752,decode,14,16,273,250333.656,250333.993,0.337
3753,decode,10,16,274,250342.668,250342.996,0.328
3754,decode,8,8,275,250351.119,250351.429,0.31
3755,decode,8,8,276,250359.44,250359.745,0.305
3756,decode,6,8,277,250368.072,250368.368,0.295
3757,decode,5,8,248,250376.381,250376.684,0.303
3758,decode,5,8,249,250384.534,250384.842,0.308
3759,decode,4,4,250,250392.92,250393.21,0.291
3760,decode,3,4,251,250401.377,250401.666,0.289
3761,decode,1,1,221,250409.467,250409.899,0.432
3762,decode,1,1,222,250417.335,250417.746,0.411
3763,decode,1,1,223,250425.447,250425.841,0.394
3764,decode,1,1,224,250433.586,250433.975,0.389
3765,decode,1,1,225,250441.679,250442.056,0.377
3766,decode,1,1,226,250449.799,250450.178,0.379
3767,prefill,56,8192,257,250468.192,250480.74,12.548
3768,prefill,48,8192,247,250497.126,250509.124,11.998
3769,decode,100,104,258,250802.682,250803.386,0.703
3770,decode,84,88,259,251130.927,251131.554,0.627
3771,decode,73,80,260,251140.328,251140.918,0.59
3772,decode,62,64,261,251152.262,251152.794,0.531
3773,decode,51,56,262,251164.24,251164.736,0.496
3774,decode,40,40,263,251174.774,251175.194,0.42
3775,decode,30,32,264,251185.049,251185.438,0.388
3776,decode,22,24,265,251194.455,251194.826,0.371
3777,decode,20,24,266,251203.38,251203.797,0.417
3778,decode,18,24,267,251212.33,251212.695,0.365
3779,decode,15,16,268,251221.518,251221.859,0.341
3780,decode,13,16,269,251230.531,251230.866,0.336
3781,decode,8,8,270,251239.402,251239.715,0.313
3782,decode,7,8,271,251247.633,251247.92,0.287
3783,decode,7,8,272,251255.868,251256.158,0.291
3784,decode,6,8,273,251264.365,251264.67,0.305
3785,decode,5,8,274,251272.712,251273.009,0.297
3786,decode,4,4,275,251281.015,251281.292,0.277
3787,decode,3,4,255,251289.258,251289.53,0.272
3788,decode,3,4,256,251297.312,251297.592,0.279
3789,decode,2,2,213,251305.555,251305.838,0.283
3790,decode,2,2,214,251313.505,251313.773,0.268
3791,decode,2,2,215,251321.471,251321.756,0.285
3792,decode,2,2,216,251329.496,251329.786,0.29
3793,prefill,41,8192,270,251344.516,251356.663,12.148
3794,prefill,39,8192,277,251370.063,251381.887,11.824
3795,decode,77,80,278,251678.284,251678.905,0.621
3796,decode,65,72,278,252010.539,252011.207,0.669
3797,decode,59,64,279,252020.32,252020.857,0.537
3798,decode,53,56,280,252031.339,252031.844,0.505
3799,decode,44,48,276,252042.941,252043.393,0.452
3800,decode,32,32,277,252054.224,252054.633,0.409
3801,decode,24,24,278,252064.097,252064.46,0.364
3802,decode,19,24,279,252073.506,252073.877,0.37
3803,decode,13,16,280,252082.94,252083.269,0.329
3804,decode,9,16,281,252091.923,252092.246,0.323
3805,decode,7,8,282,252100.447,252100.764,0.317
3806,decode,1,1,246,252109.58,252110.001,0.421
3807,decode,1,1,247,252117.293,252117.697,0.405
3808,decode,1,1,248,252125.423,252125.821,0.398
3809,prefill,54,8192,280,252143.219,252155.383,12.164
3810,prefill,46,8192,249,252169.363,252181.394,12.031
3811,decode,95,96,281,252482.42,252483.177,0.757
3812,decode,85,88,282,252811.019,252811.65,0.631
3813,decode,74,80,283,252821.481,252822.077,0.595
3814,decode,60,64,284,252833.64,252834.156,0.516
3815,decode,49,56,285,252845.045,252845.539,0.494
3816,decode,41,48,286,252855.419,252855.881,0.462
3817,decode,33,40,287,252865.752,252866.17,0.418
3818,decode,29,32,288,252875.402,252875.804,0.402
3819,decode,27,32,289,252884.841,252885.225,0.384
3820,decode,21,24,290,252894.864,252895.223,0.359
3821,decode,16,16,291,252903.797,252904.124,0.328
3822,decode,10,16,292,252912.94,252913.261,0.321
3823,decode,6,8,293,252921.32,252921.634,0.315
3824,decode,4,4,294,252929.709,252929.991,0.282
3825,decode,2,2,248,252937.977,252938.25,0.273
3826,prefill,65,8192,248,252957.699,252969.96,12.262
3827,prefill,42,8192,270,252983.378,252995.217,11.84
3828,decode,101,104,271,253297.673,253298.421,0.748
3829,decode,95,96,272,253625.379,253626.094,0.715
3830,decode,76,80,268,253636.227,253636.821,0.594
3831,decode,68,72,269,253647.486,253648.044,0.559
3832,decode,55,56,270,253659.689,253660.174,0.485
3833,decode,42,48,271,253671.371,253671.828,0.457
3834,decode,34,40,259,253681.129,253681.548,0.419
3835,decode,28,32,260,253690.927,253691.311,0.384
3836,decode,24,24,261,253700.362,253700.73,0.368
3837,decode,20,24,262,253709.782,253710.13,0.348
3838,decode,17,24,263,253718.789,253719.134,0.345
3839,decode,12,16,264,253727.972,253728.297,0.325
3840,decode,8,8,257,253736.848,253737.143,0.294
3841,decode,8,8,258,253744.953,253745.24,0.287
3842,decode,7,8,259,253753.446,253753.747,0.3
3843,decode,7,8,260,253761.701,253761.987,0.286
3844,decode,4,4,261,253770.37,253770.658,0.288
3845,decode,3,4,262,253778.498,253778.78,0.281
3846,decode,3,4,263,253786.569,253786.84,0.271
3847,decode,2,2,243,253794.827,253795.109,0.282
3848,decode,2,2,244,253802.826,253803.094,0.267
3849,decode,1,1,245,253810.906,253811.32,0.414
3850,decode,1,1,246,253818.754,253819.125,0.371
3851,prefill,53,8192,271,253836.055,253848.113,12.058
3852,prefill,44,8192,260,253861.945,253873.823,11.878
3853,decode,88,88,272,254171.301,254171.967,0.665
3854,decode,78,80,273,254501.867,254502.543,0.675
3855,decode,63,64,274,254514.113,254514.659,0.546
3856,decode,51,56,275,254523.191,254523.699,0.508
3857,decode,35,40,276,254534.698,254535.121,0.423
3858,decode,23,24,277,254544.637,254544.998,0.361
3859,decode,21,24,278,254553.361,254553.725,0.364
3860,decode,14,16,268,254563.226,254563.569,0.342
3861,decode,9,16,206,254572.137,254572.457,0.32
3862,decode,7,8,207,254580.496,254580.806,0.31
3863,decode,3,4,197,254589.346,254589.638,0.292
3864,decode,3,4,198,254604.361,254604.648,0.287
3865,decode,2,2,199,254605.486,254605.77,0.284
3866,prefill,48,8192,220,254621.814,254633.87,12.056
3867,prefill,42,8192,256,254646.637,254658.462,11.825
3868,decode,85,88,257,254961.352,254961.997,0.645
3869,decode,75,80,258,255292.403,255293.049,0.646
3870,decode,68,72,259,255302.014,255302.571,0.558
3871,decode,61,64,260,255313.807,255314.319,0.511
3872,decode,61,64,261,255324.961,255325.464,0.503
3873,decode,49,56,262,255337.394,255337.903,0.509
3874,decode,41,48,263,255347.87,255348.318,0.448
3875,decode,34,40,258,255358.052,255358.471,0.419
3876,decode,29,32,259,255367.927,255368.311,0.385
3877,decode,23,24,255,255377.588,255377.946,0.358
3878,decode,19,24,256,255386.921,255387.269,0.348
3879,decode,14,16,257,255396.015,255396.343,0.328
3880,decode,11,16,238,255404.926,255405.244,0.318
3881,decode,7,8,207,255413.591,255413.89,0.299
3882,decode,7,8,208,255421.705,255421.991,0.286
3883,decode,5,8,209,255430.235,255430.522,0.288
3884,decode,3,4,210,255438.509,255438.8,0.291
3885,decode,3,4,211,255446.6,255446.871,0.271
3886,decode,2,2,212,255454.868,255455.139,0.271
3887,decode,2,2,213,255462.903,255463.162,0.26
3888,decode,1,1,214,255471.01,255471.417,0.407
3889,decode,1,1,215,255479.041,255479.471,0.431
3890,decode,1,1,216,255487.176,255487.638,0.463
3891,decode,1,1,217,255495.297,255495.787,0.49
3892,decode,1,1,218,255503.548,255503.997,0.449
3893,prefill,42,8192,264,255520.36,255535.38,15.019
3894,prefill,40,8192,263,255553.378,255568.301,14.924
3895,decode,76,80,265,255855.923,255856.621,0.698
3896,decode,56,56,266,256186.263,256186.773,0.51
3897,decode,49,56,267,256196.714,256197.196,0.482
3898,decode,43,48,268,256206.469,256206.932,0.463
3899,decode,36,40,269,256217.477,256217.915,0.438
3900,decode,31,32,270,256227.759,256228.157,0.399
3901,decode,28,32,271,256237.33,256237.723,0.392
3902,decode,27,32,272,256246.83,256247.205,0.375
3903,decode,23,24,273,256256.64,256256.994,0.355
3904,decode,19,24,274,256265.988,256266.332,0.344
3905,decode,16,16,275,256275.125,256275.452,0.327
3906,decode,14,16,276,256284.074,256284.389,0.315
3907,decode,14,16,277,256292.745,256293.063,0.318
3908,decode,12,16,278,256301.824,256302.139,0.316
3909,decode,9,16,262,256310.691,256311.007,0.316
3910,decode,7,8,263,256319.2,256319.493,0.294
3911,decode,7,8,264,256327.533,256327.831,0.298
3912,decode,4,4,265,256336.21,256336.497,0.288
3913,decode,3,4,266,256344.34,256344.632,0.292
3914,decode,2,2,267,256352.439,256352.716,0.277
3915,decode,2,2,268,256360.485,256360.754,0.269
3916,prefill,50,8192,261,256377.053,256389.162,12.11
3917,prefill,43,8192,236,256401.907,256413.786,11.879
3918,decode,91,96,262,256713.681,256714.352,0.671
3919,decode,88,88,263,257044.042,257044.686,0.644
3920,decode,80,80,264,257054.284,257054.879,0.594
3921,decode,68,72,263,257066.777,257067.318,0.54
3922,decode,57,64,264,257078.761,257079.267,0.507
3923,decode,50,56,265,257089.814,257090.297,0.483
3924,decode,41,48,252,257100.692,257101.138,0.446
3925,decode,36,40,253,257110.47,257110.899,0.429
3926,decode,35,40,254,257120.064,257120.472,0.408
3927,decode,31,32,255,257129.919,257130.323,0.404
3928,decode,25,32,256,257139.802,257140.176,0.373
3929,decode,24,24,257,257148.451,257148.817,0.366
3930,decode,20,24,258,257157.875,257158.227,0.352
3931,decode,17,24,259,257166.816,257167.16,0.344
3932,decode,10,16,260,257176.144,257176.469,0.325
3933,decode,8,8,261,257184.321,257184.628,0.306
3934,decode,8,8,262,257192.556,257192.854,0.298
3935,decode,6,8,263,257201.134,257201.422,0.288
3936,decode,4,4,264,257209.473,257209.762,0.289
3937,decode,4,4,265,257217.456,257217.743,0.287
3938,decode,3,4,266,257225.745,257226.013,0.268
3939,decode,2,2,267,257233.882,257234.148,0.266
3940,decode,2,2,268,257242.053,257242.313,0.261
3941,decode,1,1,269,257250.031,257250.444,0.413
3942,decode,1,1,270,257257.912,257258.279,0.366
3943,decode,1,1,271,257266.043,257266.414,0.371
3944,prefill,54,8192,264,257283.647,257295.753,12.106
3945,prefill,39,8192,262,257308.132,257319.965,11.833
3946,decode,89,96,265,257621.003,257621.788,0.784
3947,decode,77,80,266,257951.394,257952.08,0.686
3948,decode,66,72,267,257962.916,257963.465,0.549
3949,decode,51,56,268,257974.489,257974.989,0.5
3950,decode,40,40,269,257985.802,257986.224,0.422
3951,decode,33,40,268,257996.115,257996.527,0.412
3952,decode,28,32,269,258005.951,258006.344,0.393
3953,decode,23,24,270,258015.753,258016.111,0.358
3954,decode,19,24,271,258025.157,258025.504,0.347
3955,decode,10,16,272,258034.885,258035.215,0.33
3956,decode,7,8,273,258043.33,258043.636,0.307
3957,decode,6,8,274,258051.747,258052.035,0.287
3958,decode,5,8,275,258060.183,258060.468,0.285
3959,decode,3,4,276,258068.628,258068.907,0.278
3960,decode,2,2,270,258077.002,258077.273,0.271
3961,decode,1,1,271,258084.985,258085.392,0.407
3962,decode,1,1,272,258092.846,258093.221,0.376
3963,decode,1,1,273,258100.947,258101.329,0.382
3964,decode,1,1,274,258109.085,258109.454,0.369
3965,prefill,38,8192,255,258123.344,258135.743,12.398
3966,prefill,44,8192,265,258149.396,258161.809,12.413
3967,decode,79,80,266,258459.925,258460.544,0.619
3968,decode,72,72,267,258791.269,258791.846,0.577
3969,decode,67,72,268,258801.256,258801.814,0.558
3970,decode,56,56,269,258813.357,258813.859,0.501
3971,decode,48,48,270,258824.947,258825.415,0.469
3972,decode,42,48,271,258835.734,258836.175,0.44
3973,decode,37,40,272,258846.153,258846.59,0.437
3974,decode,32,32,273,258856.441,258856.845,0.404
3975,decode,27,32,274,258866.37,258866.766,0.396
3976,decode,21,24,275,258876.039,258876.394,0.355
3977,decode,16,16,276,258885.219,258885.548,0.329
3978,decode,14,16,277,258894.058,258894.372,0.315
3979,decode,10,16,278,258903.114,258903.428,0.313
3980,decode,9,16,279,258911.742,258912.061,0.319
3981,decode,5,8,276,258920.586,258920.881,0.295
3982,decode,2,2,277,258929.023,258929.298,0.275
3983,decode,2,2,278,258936.995,258937.257,0.262
3984,decode,1,1,279,258945.142,258945.571,0.429
3985,prefill,62,8192,268,258964.539,258976.656,12.117
3986,prefill,47,8192,285,258990.807,259002.695,11.888
3987,decode,98,104,286,259302.999,259303.72,0.721
3988,decode,86,88,287,259632.146,259632.799,0.652
3989,decode,76,80,288,259642.625,259643.2,0.575
3990,decode,64,64,289,259654.248,259654.773,0.525
3991,decode,53,56,290,259666.241,259666.729,0.488
3992,decode,40,40,291,259676.961,259677.379,0.418
3993,decode,34,40,292,259686.661,259687.069,0.408
3994,decode,27,32,293,259696.594,259696.977,0.383
3995,decode,19,24,294,259706.298,259706.669,0.371
3996,decode,15,16,295,259715.033,259715.358,0.325
3997,decode,12,16,296,259723.902,259724.218,0.315
3998,decode,10,16,297,259732.623,259732.94,0.317
3999,decode,8,8,298,259741.219,259741.514,0.295
4000,decode,6,8,276,259750.019,259750.308,0.289
4001,decode,6,8,277,259758.021,259758.305,0.284
4002,decode,4,4,278,259766.486,259766.778,0.292
4003,decode,4,4,279,259774.543,259774.831,0.289
4004,decode,3,4,280,259782.82,259783.091,0.27
4005,decode,3,4,281,259790.863,259791.133,0.27
4006,prefill,46,8192,285,259806.747,259819.517,12.77
4007,prefill,49,8192,279,259834.416,259848.753,14.338
4008,decode,87,88,286,260143.74,260144.412,0.671
4009,decode,72,72,285,260474.045,260474.641,0.597
4010,decode,50,56,286,260485.785,260486.268,0.483
4011,decode,37,40,287,260495.392,260495.827,0.435
4012,decode,33,40,288,260505.224,260505.647,0.423
4013,decode,27,32,289,260515.799,260516.184,0.385
4014,decode,23,24,273,260525.74,260526.101,0.36
4015,decode,17,24,274,260535.867,260536.211,0.344
4016,decode,11,16,275,260545.607,260545.933,0.326
4017,decode,8,8,254,260554.805,260555.113,0.308
4018,decode,8,8,255,260563.741,260564.024,0.283
4019,decode,8,8,256,260572.339,260572.634,0.295
4020,decode,6,8,257,260581.32,260581.618,0.298
4021,decode,4,4,258,260589.466,260589.761,0.295
4022,decode,4,4,259,260597.578,260597.848,0.27
4023,decode,3,4,260,260605.92,260606.187,0.266
4024,decode,3,4,261,260614.025,260614.293,0.269
4025,decode,1,1,134,260622.369,260622.785,0.416
4026,decode,1,1,135,260630.323,260630.704,0.381
4027,prefill,42,8192,250,260645.321,260657.504,12.184
4028,prefill,49,8192,214,260671.888,260684.289,12.401
4029,decode,81,88,247,260983.064,260983.805,0.741
4030,decode,61,64,247,261312.714,261313.253,0.538
4031,decode,45,48,248,261323.755,261324.209,0.454
4032,decode,38,40,249,261332.551,261332.988,0.438
4033,decode,32,32,250,261342.886,261343.278,0.392
4034,decode,21,24,247,261353.44,261353.813,0.373
4035,decode,15,16,221,261362.547,261362.885,0.338
4036,decode,12,16,222,261371.248,261371.576,0.328
4037,decode,7,8,223,261380.275,261380.583,0.308
4038,decode,7,8,224,261388.425,261388.722,0.297
4039,decode,7,8,225,261396.842,261397.125,0.283
4040,decode,7,8,226,261405.451,261405.758,0.307
4041,decode,6,8,227,261413.801,261414.087,0.286
4042,decode,5,8,228,261422.129,261422.415,0.285
4043,decode,5,8,229,261430.337,261430.637,0.3
4044,decode,4,4,221,261438.71,261438.989,0.278
4045,decode,2,2,222,261447.058,261447.326,0.268
4046,decode,2,2,223,261454.987,261455.26,0.273
4047,decode,1,1,224,261463.053,261463.465,0.412
4048,decode,1,1,225,261470.951,261471.321,0.37
4049,prefill,39,8192,278,261485.234,261497.446,12.212
4050,prefill,39,8192,276,261509.732,261521.509,11.777
4051,decode,76,80,279,261822.363,261822.995,0.632
4052,decode,67,72,280,262154.346,262154.912,0.567
4053,decode,60,64,281,262164.764,262165.276,0.512
4054,decode,44,48,273,262177.178,262177.64,0.462
4055,decode,33,40,273,262187.778,262188.202,0.424
4056,decode,27,32,269,262197.774,262198.161,0.388
4057,decode,23,24,270,262207.366,262207.737,0.371
4058,decode,21,24,271,262216.702,262217.05,0.348
4059,decode,17,24,272,262226.238,262226.598,0.359
4060,decode,11,16,267,262235.812,262236.141,0.329
4061,decode,9,16,268,262244.395,262244.726,0.331
4062,decode,8,8,269,262252.944,262253.244,0.3
4063,decode,6,8,270,262261.766,262262.051,0.285
4064,decode,5,8,271,262270.073,262270.359,0.286
4065,decode,4,4,272,262278.384,262278.673,0.289
4066,decode,3,4,273,262286.745,262287.012,0.267
4067,decode,3,4,274,262294.842,262295.111,0.269
4068,decode,2,2,275,262303.079,262303.354,0.275
4069,decode,2,2,276,262311.108,262311.367,0.259
4070,decode,2,2,277,262319.106,262319.37,0.264
4071,decode,1,1,213,262327.235,262327.643,0.408
4072,decode,1,1,214,262335.115,262335.488,0.373
4073,decode,1,1,215,262343.273,262343.671,0.398
4074,decode,1,1,216,262351.429,262351.811,0.383
4075,decode,1,1,217,262359.516,262359.898,0.382
4076,prefill,46,8192,272,262375.811,262387.858,12.047
4077,prefill,43,8192,266,262400.837,262412.674,11.838
4078,decode,81,88,273,262713.94,262714.632,0.692
4079,decode,68,72,274,263044.68,263045.243,0.563
4080,decode,59,64,275,263055.688,263056.222,0.534
4081,decode,42,48,276,263067.295,263067.77,0.475
4082,decode,32,32,277,263077.436,263077.842,0.406
4083,decode,25,32,272,263087.662,263088.048,0.385
4084,decode,16,16,273,263097.657,263097.987,0.33
4085,decode,11,16,274,263106.576,263106.898,0.322
4086,decode,9,16,275,263115.101,263115.42,0.318
4087,decode,6,8,275,263123.947,263124.24,0.294
4088,decode,5,8,276,263132.492,263132.797,0.305
4089,decode,4,4,267,263140.94,263141.217,0.277
4090,decode,3,4,268,263149.276,263149.549,0.273
4091,decode,2,2,224,263157.527,263157.836,0.31
4092,decode,2,2,225,263165.639,263165.905,0.265
4093,prefill,42,8192,265,263180.767,263192.904,12.137
4094,prefill,43,8192,259,263205.993,263218.018,12.025
4095,decode,83,88,266,263522.134,263522.797,0.662
4096,decode,75,80,267,263854.266,263854.866,0.6
4097,decode,63,64,268,263864.211,263864.742,0.531
4098,decode,54,56,269,263875.604,263876.092,0.488
4099,decode,40,40,264,263887.185,263887.618,0.433
4100,decode,33,40,265,263897.361,263897.79,0.429
4101,decode,28,32,261,263906.971,263907.363,0.392
4102,decode,25,32,262,263916.526,263916.917,0.391
4103,decode,22,24,263,263926.038,263926.393,0.355
4104,decode,17,24,263,263935.619,263935.984,0.365
4105,decode,14,16,264,263944.573,263944.917,0.344
4106,decode,13,16,265,263953.322,263953.656,0.334
4107,decode,10,16,266,263962.361,263962.695,0.334
4108,decode,8,8,266,263970.945,263971.241,0.295
4109,decode,6,8,267,263979.627,263979.911,0.284
4110,decode,3,4,256,263988.094,263988.374,0.28
4111,decode,3,4,257,263996.056,263996.324,0.269
4112,decode,3,4,258,264004.197,264004.469,0.271
4113,decode,2,2,259,264012.432,264012.713,0.28
4114,decode,2,2,260,264020.487,264020.76,0.273
4115,decode,1,1,261,264028.581,264028.988,0.407
4116,decode,1,1,262,264036.458,264036.838,0.38
4117,decode,1,1,263,264044.595,264044.964,0.369
4118,prefill,60,8192,257,264064.017,264076.177,12.159
4119,prefill,40,8192,246,264089.144,264100.973,11.83
4120,decode,97,104,258,264400.95,264401.675,0.725
4121,decode,88,88,259,264730.271,264730.902,0.631
4122,decode,76,80,260,264742.0,264742.589,0.59
4123,decode,66,72,261,264753.271,264753.834,0.563
4124,decode,54,56,262,264765.333,264765.834,0.501
4125,decode,43,48,263,264777.027,264777.482,0.454
4126,decode,36,40,264,264786.925,264787.343,0.418
4127,decode,30,32,265,264797.225,264797.624,0.399
4128,decode,26,32,264,264806.873,264807.247,0.374
4129,decode,20,24,262,264816.581,264816.949,0.369
4130,decode,16,16,263,264825.523,264825.867,0.343
4131,decode,15,16,264,264834.264,264834.597,0.333
4132,decode,11,16,265,264843.431,264843.759,0.328
4133,decode,5,8,251,264852.555,264852.87,0.315
4134,decode,4,4,252,264860.473,264860.763,0.29
4135,decode,4,4,253,264868.626,264868.898,0.272
4136,decode,3,4,243,264876.979,264877.247,0.268
4137,decode,3,4,244,264885.051,264885.319,0.268
4138,decode,3,4,245,264893.219,264893.491,0.272
4139,decode,2,2,246,264901.461,264901.738,0.278
4140,decode,1,1,247,264909.751,264910.148,0.397
4141,decode,1,1,248,264917.507,264917.892,0.385
4142,decode,1,1,249,264925.627,264925.995,0.368
4143,decode,1,1,250,264933.79,264934.157,0.367
4144,decode,1,1,251,264941.908,264942.276,0.368
4145,decode,1,1,252,264950.06,264950.428,0.368
4146,prefill,58,8192,269,264968.874,264981.068,12.193
4147,prefill,46,8192,265,264994.665,265006.539,11.874
4148,decode,98,104,270,265305.979,265306.696,0.718
4149,decode,81,88,271,265636.537,265637.435,0.898
4150,decode,62,64,272,265649.156,265649.684,0.528
4151,decode,46,48,273,265659.634,265660.085,0.45
4152,decode,29,32,274,265670.552,265670.953,0.4
4153,decode,26,32,275,265679.344,265679.738,0.394
4154,decode,22,24,276,265689.084,265689.439,0.355
4155,decode,21,24,277,265698.276,265698.639,0.363
4156,decode,18,24,278,265707.937,265708.285,0.349
4157,decode,15,16,279,265717.094,265717.419,0.326
4158,decode,10,16,280,265726.454,265726.79,0.336
4159,decode,9,16,281,265734.839,265735.154,0.315
4160,decode,9,16,282,265743.469,265743.797,0.328
4161,decode,7,8,283,265752.123,265752.419,0.295
4162,decode,6,8,284,265760.619,265760.906,0.287
4163,decode,6,8,285,265768.876,265769.161,0.285
4164,decode,4,4,222,265777.439,265777.731,0.292
4165,decode,4,4,223,265785.53,265785.812,0.282
4166,decode,3,4,199,265793.861,265794.126,0.266
4167,decode,3,4,200,265801.939,265802.204,0.265
4168,decode,3,4,201,265810.081,265810.345,0.264
4169,decode,3,4,202,265818.217,265818.483,0.266
4170,decode,3,4,203,265826.363,265826.641,0.278
4171,decode,2,2,196,265834.624,265834.889,0.265
4172,decode,2,2,197,265842.644,265842.899,0.255
4173,decode,2,2,198,265850.649,265850.908,0.259
4174,decode,2,2,199,265858.659,265858.926,0.267
4175,decode,2,2,200,265866.661,265866.92,0.259
4176,decode,2,2,201,265874.658,265874.921,0.263
4177,decode,1,1,202,265882.768,265883.174,0.406
4178,decode,1,1,203,265890.594,265890.959,0.365
4179,decode,1,1,204,265898.701,265899.067,0.365
4180,prefill,43,8192,261,265914.008,265926.172,12.164
4181,prefill,39,8192,261,265939.237,265951.17,11.934
4182,decode,80,80,262,266248.54,266249.211,0.671
4183,decode,60,64,263,266580.814,266581.338,0.523
4184,decode,47,48,264,266595.286,266595.771,0.485
4185,decode,33,40,265,266602.869,266603.289,0.419
4186,decode,27,32,266,266612.654,266613.041,0.387
4187,decode,20,24,267,266622.762,266623.12,0.358
4188,decode,17,24,268,266631.928,266632.278,0.35
4189,decode,15,16,269,266640.947,266641.274,0.327
4190,decode,10,16,270,266650.533,266650.864,0.33
4191,decode,8,8,271,266658.947,266659.241,0.294
4192,decode,8,8,272,266667.405,266667.706,0.301
4193,decode,6,8,273,266676.105,266676.391,0.286
4194,decode,5,8,274,266684.402,266684.702,0.3
4195,decode,4,4,275,266692.75,266693.026,0.276
4196,decode,4,4,276,266700.945,266701.214,0.27
4197,decode,4,4,277,266709.169,266709.436,0.267
4198,decode,3,4,278,266717.451,266717.733,0.282
4199,decode,3,4,279,266725.594,266725.863,0.269
4200,decode,1,1,188,266734.085,266734.489,0.404
4201,decode,1,1,189,266741.907,266742.283,0.376
4202,decode,1,1,190,266750.05,266750.421,0.371
4203,decode,1,1,191,266758.166,266758.535,0.369
4204,prefill,54,8192,261,266775.846,266787.999,12.153
4205,prefill,41,8192,257,266800.371,266812.25,11.88
4206,decode,88,88,262,267111.265,267111.926,0.661
4207,decode,80,80,263,267440.525,267441.135,0.61
4208,decode,67,72,264,267451.39,267451.954,0.564
4209,decode,52,56,265,267463.691,267464.179,0.488
4210,decode,41,48,266,267474.991,267475.443,0.452
4211,decode,38,40,267,267484.541,267484.974,0.433
4212,decode,31,32,268,267495.304,267495.702,0.398
4213,decode,23,24,264,267505.33,267505.703,0.373
4214,decode,21,24,265,267514.202,267514.551,0.349
4215,decode,15,16,266,267523.899,267524.225,0.326
4216,decode,10,16,258,267533.007,267533.327,0.32
4217,decode,9,16,259,267541.277,267541.608,0.331
4218,decode,9,16,260,267549.825,267550.145,0.32
4219,decode,4,4,261,267558.944,267559.221,0.277
4220,decode,3,4,258,267567.22,267567.493,0.273
4221,decode,3,4,259,267575.164,267575.433,0.269
4222,decode,2,2,260,267583.48,267583.762,0.282
4223,decode,2,2,261,267591.591,267591.851,0.26
4224,decode,1,1,262,267599.772,267600.182,0.41
4225,decode,1,1,263,267607.673,267608.042,0.369
4226,decode,1,1,264,267615.819,267616.188,0.369
4227,decode,1,1,265,267623.972,267624.339,0.367
4228,decode,1,1,266,267632.129,267632.497,0.368
4229,decode,1,1,267,267640.298,267640.698,0.4
4230,decode,1,1,268,267648.481,267648.865,0.383
4231,prefill,58,8192,262,267666.703,267678.857,12.155
4232,prefill,47,8192,234,267692.316,267704.148,11.832
4233,decode,98,104,263,268003.706,268004.441,0.735
4234,decode,74,80,261,268334.18,268334.783,0.603
4235,decode,53,56,262,268346.162,268346.662,0.5
4236,decode,46,48,263,268355.135,268355.604,0.468
4237,decode,38,40,264,268365.776,268366.196,0.42
4238,decode,31,32,261,268375.977,268376.364,0.387
4239,decode,25,32,262,268385.888,268386.268,0.38
4240,decode,17,24,237,268395.755,268396.113,0.358
4241,decode,12,16,238,268404.423,268404.763,0.34
4242,decode,11,16,239,268412.96,268413.279,0.319
4243,decode,11,16,240,268421.552,268421.881,0.329
4244,decode,11,16,241,268430.226,268430.54,0.314
4245,decode,10,16,242,268438.989,268439.307,0.318
4246,decode,9,16,243,268447.614,268447.933,0.319
4247,decode,6,8,222,268456.305,268456.636,0.331
4248,decode,6,8,223,268464.497,268464.798,0.301
4249,decode,4,4,224,268472.974,268473.252,0.278
4250,decode,3,4,198,268481.151,268481.426,0.275
4251,decode,3,4,199,268489.193,268489.461,0.267
4252,decode,2,2,200,268497.422,268497.714,0.291
4253,decode,1,1,200,268505.594,268506.001,0.407
4254,decode,1,1,201,268513.461,268513.843,0.381
4255,decode,1,1,202,268521.608,268521.987,0.379
4256,decode,1,1,203,268529.742,268530.109,0.367
4257,prefill,60,8192,297,268548.238,268560.426,12.187
4258,prefill,43,8192,292,268573.55,268585.488,11.938
4259,decode,98,104,298,268887.124,268887.863,0.739
4260,decode,86,88,299,269218.488,269219.292,0.804
4261,decode,69,72,300,269228.387,269228.96,0.573
4262,decode,59,64,301,269239.352,269239.887,0.535
4263,decode,52,56,302,269250.865,269251.37,0.505
4264,decode,43,48,303,269261.997,269262.468,0.471
4265,decode,37,40,304,269272.248,269272.687,0.439
4266,decode,29,32,305,269282.572,269282.97,0.398
4267,decode,23,24,305,269292.178,269292.542,0.364
4268,decode,19,24,295,269301.389,269301.751,0.362
4269,decode,13,16,247,269310.614,269310.945,0.332
4270,decode,11,16,248,269319.176,269319.5,0.324
4271,decode,8,8,249,269327.905,269328.201,0.296
4272,decode,6,8,250,269336.436,269336.735,0.298
4273,decode,4,4,251,269344.77,269345.05,0.28
4274,decode,4,4,252,269352.879,269353.147,0.268
4275,decode,2,2,242,269361.32,269361.603,0.283
4276,decode,1,1,199,269369.38,269369.813,0.433
4277,decode,1,1,200,269377.289,269377.671,0.382
4278,decode,1,1,201,269385.463,269385.854,0.391
4279,prefill,38,8192,265,269400.075,269412.394,12.319
4280,prefill,38,8192,256,269428.262,269440.083,11.82
4281,decode,72,72,266,269739.378,269740.126,0.748
4282,decode,56,56,267,270070.282,270070.81,0.529
4283,decode,40,40,268,270082.199,270082.646,0.447
4284,decode,34,40,269,270090.662,270091.079,0.418
4285,decode,27,32,263,270101.14,270101.541,0.4
4286,decode,19,24,257,270111.217,270111.596,0.379
4287,decode,15,16,258,270120.316,270120.666,0.35
4288,decode,11,16,259,270129.503,270129.836,0.333
4289,decode,9,16,254,270138.203,270138.521,0.318
4290,decode,7,8,255,270146.883,270147.19,0.307
4291,decode,6,8,256,270155.448,270155.745,0.297
4292,decode,6,8,257,270163.754,270164.038,0.284
4293,decode,2,2,258,270172.494,270172.813,0.319
4294,decode,1,1,259,270180.534,270180.976,0.442
4295,decode,1,1,260,270188.417,270188.806,0.388
4296,decode,1,1,261,270196.579,270196.953,0.375
4297,decode,1,1,262,270204.73,270205.104,0.374
4298,prefill,53,8192,260,270222.086,270234.555,12.469
4299,prefill,41,8192,249,270248.275,270259.912,11.637
4300,decode,85,88,261,270562.525,270563.178,0.653
4301,decode,71,72,262,270893.95,270894.505,0.555
4302,decode,54,56,263,270905.348,270905.845,0.497
4303,decode,42,48,264,270915.556,270916.032,0.476
4304,decode,34,40,265,270925.785,270926.207,0.422
4305,decode,26,32,266,270935.997,270936.381,0.385
4306,decode,19,24,267,270945.705,270946.062,0.357
4307,decode,17,24,268,270954.459,270954.818,0.36
4308,decode,13,16,252,270963.745,270964.069,0.324
4309,decode,10,16,253,270972.783,270973.096,0.313
4310,decode,8,8,254,270981.352,270981.662,0.31
4311,decode,6,8,251,270990.033,270990.319,0.286
4312,decode,4,4,252,270998.438,270998.735,0.297
4313,decode,3,4,246,271006.644,271006.912,0.268
4314,decode,3,4,247,271014.727,271015.002,0.275
4315,decode,2,2,218,271023.035,271023.306,0.271
4316,decode,2,2,219,271031.103,271031.362,0.258
4317,decode,2,2,220,271039.107,271039.366,0.259
4318,decode,2,2,221,271047.137,271047.395,0.258
4319,decode,1,1,222,271055.28,271055.702,0.422
4320,decode,1,1,223,271063.233,271063.618,0.385
4321,decode,1,1,224,271071.244,271071.629,0.384
4322,decode,1,1,225,271079.381,271079.764,0.383
4323,decode,1,1,226,271087.539,271087.928,0.389
4324,decode,1,1,227,271095.675,271096.044,0.369
4325,decode,1,1,228,271103.814,271104.206,0.392
4326,prefill,42,8192,263,271119.096,271131.081,11.984
4327,prefill,35,8192,279,271143.308,271154.859,11.55
4328,decode,70,72,280,271456.606,271457.179,0.573
4329,decode,63,64,281,271788.664,271789.197,0.534
4330,decode,49,56,282,271799.761,271800.246,0.485
4331,decode,40,40,283,271810.254,271810.688,0.434
4332,decode,30,32,264,271821.176,271821.58,0.404
4333,decode,27,32,265,271830.924,271831.311,0.387
4334,decode,23,24,266,271840.897,271841.253,0.355
4335,decode,14,16,267,271851.088,271851.415,0.326
4336,decode,10,16,268,271859.865,271860.181,0.316
4337,decode,5,8,269,271868.718,271869.015,0.297
4338,decode,4,4,270,271877.002,271877.286,0.284
4339,decode,3,4,271,271885.329,271885.609,0.28
4340,decode,3,4,272,271893.649,271893.916,0.267
4341,decode,3,4,273,271901.757,271902.025,0.267
4342,decode,2,2,274,271910.098,271910.364,0.267
4343,decode,2,2,275,271918.165,271918.423,0.258
4344,decode,1,1,270,271926.287,271926.706,0.418
4345,decode,1,1,271,271934.239,271934.621,0.382
4346,decode,1,1,272,271942.388,271942.771,0.383
4347,prefill,56,8192,276,271960.425,271972.365,11.94
4348,prefill,39,8192,274,271984.511,271996.189,11.678
4349,decode,89,96,277,272299.174,272299.867,0.693
4350,decode,76,80,278,272631.003,272631.614,0.611
4351,decode,62,64,279,272643.454,272643.996,0.542
4352,decode,41,48,278,272654.801,272655.259,0.458
4353,decode,27,32,279,272665.093,272665.483,0.39
4354,decode,21,24,280,272674.377,272674.758,0.381
4355,decode,18,24,281,272683.583,272683.931,0.348
4356,decode,17,24,282,272692.642,272692.99,0.348
4357,decode,15,16,283,272701.899,272702.227,0.328
4358,decode,14,16,284,272711.029,272711.345,0.316
4359,decode,11,16,285,272720.203,272720.52,0.317
4360,decode,11,16,286,272728.814,272729.132,0.318
4361,decode,7,8,286,272737.809,272738.103,0.294
4362,decode,7,8,287,272746.084,272746.367,0.283
4363,decode,4,4,288,272754.729,272755.009,0.281
4364,decode,2,2,280,272762.929,272763.198,0.269
4365,decode,1,1,148,272770.975,272771.386,0.411
4366,decode,1,1,149,272778.869,272779.238,0.369
4367,decode,1,1,150,272787.005,272787.374,0.369
4368,decode,1,1,151,272795.144,272795.518,0.374
4369,decode,1,1,152,272803.283,272803.672,0.388
4370,prefill,45,8192,268,272819.089,272831.147,12.058
4371,prefill,40,8192,269,272844.866,272856.582,11.716
4372,decode,83,88,270,273157.875,273158.511,0.636
4373,decode,75,80,271,273491.382,273491.98,0.598
4374,decode,61,64,272,273502.72,273503.233,0.513
4375,decode,55,56,273,273513.704,273514.193,0.489
4376,decode,43,48,274,273525.437,273525.899,0.462
4377,decode,39,40,275,273535.48,273535.912,0.432
4378,decode,32,32,276,273546.293,273546.709,0.416
4379,decode,30,32,277,273555.831,273556.207,0.376
4380,decode,24,24,275,273566.091,273566.446,0.355
4381,decode,18,24,275,273575.715,273576.063,0.348
4382,decode,14,16,276,273584.636,273584.962,0.326
4383,decode,10,16,277,273593.793,273594.114,0.32
4384,decode,8,8,278,273602.236,273602.536,0.301
4385,decode,7,8,279,273610.803,273611.086,0.284
4386,decode,5,8,280,273619.354,273619.65,0.296
4387,decode,5,8,281,273627.436,273627.732,0.296
4388,decode,4,4,282,273635.836,273636.113,0.278
4389,decode,3,4,278,273644.141,273644.409,0.267
4390,decode,3,4,279,273652.202,273652.469,0.267
4391,decode,3,4,280,273660.373,273660.651,0.278
4392,decode,1,1,281,273668.777,273669.188,0.411
4393,prefill,62,8192,278,273687.971,273699.991,12.02
4394,prefill,45,8192,299,273713.589,273725.309,11.72
4395,decode,102,104,300,274026.064,274026.772,0.708
4396,decode,96,96,301,274356.386,274357.05,0.664
4397,decode,80,80,302,274368.076,274368.669,0.593
4398,decode,65,72,303,274379.794,274380.342,0.548
4399,decode,57,64,304,274391.011,274391.532,0.521
4400,decode,46,48,305,274402.924,274403.382,0.458
4401,decode,39,40,285,274413.075,274413.498,0.423
4402,decode,28,32,265,274423.762,274424.16,0.398
4403,decode,25,32,266,274432.781,274433.159,0.379
4404,decode,20,24,267,274442.296,274442.672,0.376
4405,decode,16,16,266,274451.371,274451.716,0.345
4406,decode,14,16,267,274460.266,274460.596,0.33
4407,decode,11,16,268,274469.19,274469.506,0.316
4408,decode,10,16,269,274477.771,274478.125,0.354
4409,decode,6,8,270,274486.718,274487.015,0.297
4410,decode,5,8,271,274495.043,274495.327,0.284
4411,decode,3,4,272,274503.447,274503.738,0.291
4412,decode,3,4,273,274511.533,274511.815,0.282
4413,decode,2,2,274,274519.8,274520.068,0.268
4414,prefill,58,8192,302,274537.994,274550.068,12.074
4415,prefill,39,8192,243,274563.392,274575.128,11.736
4416,decode,90,96,303,274876.928,274877.61,0.682
4417,decode,78,80,304,275208.972,275209.551,0.579
4418,decode,64,64,305,275221.445,275221.972,0.527
4419,decode,52,56,306,275232.095,275232.598,0.503
4420,decode,44,48,307,275243.035,275243.487,0.452
4421,decode,37,40,308,275253.472,275253.905,0.433
4422,decode,28,32,309,275264.102,275264.491,0.39
4423,decode,24,24,310,275273.454,275273.827,0.373
4424,decode,20,24,311,275282.904,275283.253,0.349
4425,decode,17,24,312,275292.141,275292.49,0.349
4426,decode,12,16,313,275301.445,275301.787,0.342
4427,decode,10,16,314,275310.2,275310.514,0.313
4428,decode,9,16,315,275318.808,275319.123,0.315
4429,decode,7,8,316,275327.505,275327.816,0.31
4430,decode,5,8,317,275336.183,275336.466,0.283
4431,decode,5,8,318,275344.306,275344.608,0.302
4432,decode,5,8,319,275352.663,275352.947,0.284
4433,decode,3,4,320,275361.181,275361.454,0.273
4434,decode,3,4,321,275369.255,275369.521,0.267
4435,decode,3,4,322,275377.449,275377.737,0.288
4436,decode,3,4,323,275385.68,275385.946,0.267
4437,decode,3,4,324,275393.873,275394.138,0.266
4438,decode,2,2,325,275402.163,275402.431,0.268
4439,decode,2,2,326,275410.267,275410.524,0.257
4440,decode,2,2,327,275418.371,275418.643,0.272
4441,decode,2,2,328,275426.36,275426.637,0.276
4442,decode,2,2,329,275434.385,275434.663,0.278
4443,decode,2,2,330,275442.414,275442.693,0.279
4444,decode,2,2,331,275450.43,275450.7,0.27
4445,decode,2,2,332,275458.439,275458.709,0.27
4446,decode,1,1,333,275466.577,275466.996,0.42
4447,decode,1,1,334,275474.46,275474.847,0.387
4448,decode,1,1,335,275482.607,275482.98,0.373
4449,prefill,58,8192,242,275500.418,275512.527,12.109
4450,prefill,45,8192,236,275527.23,275539.111,11.882
4451,decode,94,96,243,275838.145,275839.028,0.883
4452,decode,88,88,244,276171.108,276171.936,0.828
4453,decode,71,72,245,276182.37,276183.082,0.712
4454,decode,53,56,246,276194.487,276195.128,0.642
4455,decode,47,48,247,276205.218,276205.814,0.596
4456,decode,40,40,248,276215.941,276216.47,0.528
4457,decode,36,40,249,276226.746,276227.17,0.424
4458,decode,31,32,250,276236.917,276237.427,0.511
4459,decode,27,32,251,276246.738,276247.144,0.406
4460,decode,24,24,252,276256.328,276256.793,0.466
4461,decode,22,24,253,276265.569,276265.928,0.359
4462,decode,18,24,254,276275.131,276275.488,0.357
4463,decode,16,16,255,276283.935,276284.358,0.423
4464,decode,13,16,256,276293.101,276293.424,0.323
4465,decode,10,16,240,276301.918,276302.242,0.324
4466,decode,10,16,241,276310.331,276310.66,0.328
4467,decode,8,8,239,276319.11,276319.502,0.392
4468,decode,5,8,240,276327.776,276328.078,0.302
4469,decode,4,4,236,276335.894,276336.28,0.386
4470,decode,3,4,237,276344.146,276344.429,0.283
4471,decode,3,4,238,276352.214,276352.489,0.275
4472,decode,1,1,231,276360.59,276361.272,0.681
4473,decode,1,1,232,276368.509,276368.902,0.393
4474,decode,1,1,233,276376.669,276377.045,0.376
4475,decode,1,1,234,276384.844,276385.222,0.378
4476,prefill,46,8192,267,276400.667,276412.827,12.161
4477,prefill,39,8192,252,276426.379,276438.131,11.752
4478,decode,80,80,268,276737.038,276737.761,0.723
4479,decode,73,80,269,277070.381,277070.974,0.593
4480,decode,62,64,262,277080.863,277081.483,0.62
4481,decode,53,56,263,277092.717,277093.202,0.485
4482,decode,43,48,262,277104.039,277104.49,0.451
4483,decode,36,40,261,277114.57,277114.997,0.427
4484,decode,28,32,262,277125.041,277125.434,0.392
4485,decode,25,32,263,277134.477,277134.874,0.398
4486,decode,23,24,264,277143.768,277144.125,0.357
4487,decode,22,24,265,277152.98,277153.33,0.35
4488,decode,20,24,266,277162.321,277162.687,0.367
4489,decode,18,24,267,277171.547,277171.908,0.361
4490,decode,14,16,268,277180.797,277181.127,0.33
4491,decode,14,16,269,277189.427,277189.757,0.33
4492,decode,10,16,270,277198.729,277199.047,0.318
4493,decode,7,8,261,277207.254,277207.545,0.292
4494,decode,6,8,256,277215.737,277216.023,0.286
4495,decode,6,8,257,277224.001,277224.293,0.291
4496,decode,6,8,258,277232.359,277232.656,0.297
4497,decode,4,4,229,277240.879,277241.163,0.283
4498,decode,3,4,230,277249.091,277249.364,0.272
4499,decode,2,2,231,277257.257,277257.64,0.383
4500,decode,1,1,232,277265.459,277265.893,0.434
4501,decode,1,1,233,277273.301,277273.698,0.396
4502,decode,1,1,234,277281.442,277281.842,0.399
4503,prefill,45,8192,292,277297.152,277309.13,11.978
4504,prefill,41,8192,294,277322.588,277334.319,11.732
4505,decode,81,88,295,277634.66,277635.311,0.651
4506,decode,70,72,296,277969.112,277969.681,0.569
4507,decode,59,64,297,277983.024,277983.55,0.526
4508,decode,49,56,297,277991.43,277991.929,0.5
4509,decode,34,40,298,278003.107,278003.529,0.423
4510,decode,24,24,299,278013.101,278013.463,0.362
4511,decode,24,24,300,278021.863,278022.211,0.349
4512,decode,23,24,301,278031.441,278031.811,0.371
4513,decode,18,24,299,278041.407,278041.766,0.359
4514,decode,17,24,300,278050.354,278050.71,0.356
4515,decode,13,16,301,278059.765,278060.098,0.333
4516,decode,10,16,302,278068.815,278069.136,0.321
4517,decode,8,8,303,278077.366,278077.687,0.321
4518,decode,6,8,304,278086.165,278086.455,0.289
4519,decode,6,8,305,278094.387,278094.689,0.302
4520,decode,3,4,306,278103.216,278103.498,0.282
4521,decode,3,4,307,278111.117,278111.387,0.27
4522,decode,2,2,308,278119.366,278119.653,0.287
4523,decode,2,2,309,278127.456,278127.733,0.277
4524,decode,2,2,310,278135.483,278135.754,0.271
4525,decode,2,2,311,278143.509,278143.78,0.271
4526,decode,1,1,247,278151.664,278152.089,0.425
4527,decode,1,1,248,278159.588,278159.96,0.372
4528,prefill,53,8192,287,278176.802,278188.88,12.078
4529,prefill,44,8192,285,278202.466,278214.293,11.827
4530,decode,94,96,288,278513.318,278514.005,0.687
4531,decode,85,88,289,278846.457,278847.085,0.628
4532,decode,74,80,290,278856.829,278857.405,0.576
4533,decode,63,64,286,278868.672,278869.184,0.512
4534,decode,56,56,286,278880.326,278880.821,0.496
4535,decode,48,48,287,278891.527,278891.986,0.459
4536,decode,39,40,274,278902.47,278902.901,0.431
4537,decode,35,40,275,278912.41,278912.838,0.428
4538,decode,30,32,276,278922.312,278922.709,0.397
4539,decode,25,32,277,278932.194,278932.576,0.382
4540,decode,21,24,278,278941.581,278941.938,0.357
4541,decode,18,24,279,278950.551,278950.908,0.357
4542,decode,11,16,275,278960.019,278960.349,0.331
4543,decode,8,8,276,278968.441,278968.752,0.311
4544,decode,5,8,277,278977.147,278977.435,0.288
4545,decode,5,8,278,278985.163,278985.445,0.283
4546,decode,4,4,236,278993.538,278993.826,0.288
4547,decode,3,4,237,279001.856,279002.121,0.266
4548,decode,3,4,238,279009.937,279010.203,0.266
4549,decode,3,4,239,279018.106,279018.372,0.266
4550,decode,2,2,240,279026.381,279026.663,0.283
4551,decode,2,2,241,279034.411,279034.682,0.271
4552,decode,1,1,242,279042.534,279042.979,0.444
4553,decode,1,1,243,279050.435,279050.82,0.385
4554,decode,1,1,244,279058.609,279058.982,0.374
4555,prefill,53,8192,256,279075.937,279087.916,11.979
4556,prefill,55,8192,263,279103.763,279115.68,11.917
4557,decode,101,104,264,279413.741,279414.546,0.805
4558,decode,88,88,258,279748.015,279748.649,0.634
4559,decode,71,72,259,279757.882,279758.428,0.545
4560,decode,56,56,257,279769.648,279770.133,0.485
4561,decode,49,56,258,279780.501,279780.988,0.487
4562,decode,43,48,259,279790.903,279791.353,0.45
4563,decode,38,40,260,279801.311,279801.74,0.429
4564,decode,33,40,261,279811.703,279812.109,0.406
4565,decode,29,32,262,279821.377,279821.774,0.397
4566,decode,28,32,263,279830.761,279831.137,0.376
4567,decode,23,24,264,279840.554,279840.921,0.366
4568,decode,23,24,265,279849.345,279849.704,0.359
4569,decode,15,16,266,279859.318,279859.657,0.338
4570,decode,11,16,267,279868.017,279868.332,0.316
4571,decode,9,16,268,279876.503,279876.832,0.329
4572,decode,6,8,269,279885.129,279885.43,0.301
4573,decode,6,8,270,279893.304,279893.601,0.297
4574,decode,5,8,271,279901.759,279902.042,0.283
4575,decode,5,8,272,279909.967,279910.262,0.295
4576,decode,5,8,273,279918.27,279918.553,0.283
4577,decode,5,8,274,279926.606,279926.89,0.283
4578,decode,5,8,275,279934.895,279935.177,0.281
4579,decode,4,4,185,279943.239,279943.515,0.276
4580,decode,2,2,147,279951.713,279951.982,0.268
4581,decode,2,2,148,279959.539,279959.814,0.275
4582,decode,2,2,149,279967.507,279967.777,0.27
4583,decode,1,1,150,279975.636,279976.049,0.413
4584,decode,1,1,151,279983.482,279983.869,0.387
4585,decode,1,1,152,279991.625,279991.995,0.37
4586,decode,1,1,153,279999.767,280000.142,0.375
4587,decode,1,1,154,280007.901,280008.27,0.37
4588,prefill,44,8192,263,280023.655,280035.707,12.052
4589,prefill,48,8192,266,280050.714,280062.624,11.91
4590,decode,89,96,267,280360.025,280360.744,0.719
4591,decode,78,80,268,280695.524,280696.131,0.608
4592,decode,62,64,269,280706.534,280707.069,0.536
4593,decode,57,64,270,280717.191,280717.711,0.521
4594,decode,52,56,271,280728.63,280729.117,0.487
4595,decode,49,56,272,280739.735,280740.208,0.473
4596,decode,43,48,273,280750.905,280751.354,0.449
4597,decode,37,40,274,280761.46,280761.898,0.437
4598,decode,29,32,275,280772.041,280772.426,0.386
4599,decode,24,24,276,280781.332,280781.703,0.371
4600,decode,21,24,277,280790.648,280790.995,0.347
4601,decode,12,16,273,280800.488,280800.832,0.345
4602,decode,10,16,274,280808.69,280809.006,0.315
4603,decode,10,16,275,280817.159,280817.475,0.316
4604,decode,9,16,276,280825.967,280826.282,0.315
4605,decode,7,8,277,280834.725,280835.024,0.3
4606,decode,4,4,278,280843.414,280843.707,0.292
4607,decode,2,2,200,280851.612,280851.885,0.274
4608,decode,1,1,201,280859.614,280860.037,0.423
4609,decode,1,1,202,280867.512,280867.9,0.388
4610,decode,1,1,203,280875.676,280876.056,0.38
4611,decode,1,1,204,280883.818,280884.189,0.371
4612,decode,1,1,205,280891.97,280892.341,0.371
4613,decode,1,1,206,280900.104,280900.475,0.371
4614,decode,1,1,207,280908.257,280908.636,0.379
4615,decode,1,1,208,280916.423,280916.804,0.381
4616,decode,1,1,209,280924.607,280924.979,0.372
4617,decode,1,1,210,280932.748,280933.119,0.371
4618,decode,1,1,211,280940.865,280941.239,0.374
4619,decode,1,1,212,280949.006,280949.381,0.375
4620,prefill,62,8192,266,280968.326,280980.77,12.444
4621,prefill,43,8192,265,280995.515,281007.454,11.939
4622,decode,99,104,267,281307.457,281308.182,0.724
4623,decode,84,88,268,281639.178,281639.813,0.635
4624,decode,65,72,266,281652.043,281652.605,0.562
4625,decode,54,56,267,281662.581,281663.065,0.483
4626,decode,37,40,268,281675.117,281675.541,0.424
4627,decode,29,32,269,281684.833,281685.219,0.387
4628,decode,25,32,270,281694.341,281694.739,0.398
4629,decode,21,24,271,281704.038,281704.394,0.356
4630,decode,13,16,272,281713.892,281714.222,0.329
4631,decode,10,16,271,281722.6,281722.917,0.317
4632,decode,8,8,272,281731.397,281731.705,0.308
4633,decode,7,8,273,281739.988,281740.273,0.284
4634,decode,4,4,261,281748.625,281748.908,0.283
4635,decode,4,4,262,281756.737,281757.004,0.267
4636,decode,2,2,263,281765.224,281765.492,0.268
4637,decode,2,2,264,281773.196,281773.454,0.258
4638,decode,2,2,265,281781.24,281781.496,0.256
4639,decode,2,2,266,281789.306,281789.575,0.269
4640,decode,1,1,265,281797.606,281798.02,0.414
4641,decode,1,1,266,281805.361,281805.746,0.385
4642,decode,1,1,267,281813.477,281813.862,0.385
4643,prefill,50,8192,255,281830.722,281842.764,12.042
4644,prefill,41,8192,247,281855.716,281867.533,11.817
4645,decode,84,88,256,282170.67,282171.548,0.879
4646,decode,67,72,257,282501.58,282502.207,0.627
4647,decode,49,56,258,282513.124,282513.657,0.532
4648,decode,42,48,259,282522.456,282522.967,0.511
4649,decode,35,40,260,282532.975,282533.42,0.446
4650,decode,24,24,261,282543.811,282544.209,0.398
4651,decode,21,24,262,282552.725,282553.099,0.374
4652,decode,17,24,263,282562.168,282562.542,0.374
4653,decode,12,16,256,282571.419,282571.768,0.349
4654,decode,8,8,255,282580.41,282580.757,0.347
4655,decode,4,4,256,282589.103,282589.398,0.295
4656,decode,3,4,257,282597.192,282597.47,0.278
4657,decode,2,2,258,282605.396,282605.692,0.295
4658,prefill,45,8192,279,282621.606,282633.987,12.381
4659,prefill,42,8192,277,282648.485,282660.332,11.847
4660,decode,80,80,278,282967.887,282968.501,0.614
4661,decode,67,72,279,283300.756,283301.324,0.568
4662,decode,61,64,280,283311.61,283312.145,0.535
4663,decode,49,56,281,283322.986,283323.474,0.488
4664,decode,41,48,277,283333.865,283334.319,0.454
4665,decode,34,40,278,283344.306,283344.742,0.436
4666,decode,29,32,279,283354.434,283354.839,0.405
4667,decode,24,24,280,283364.342,283364.717,0.374
4668,decode,20,24,281,283373.625,283374.024,0.399
4669,decode,16,16,282,283382.906,283383.245,0.338
4670,decode,12,16,283,283392.495,283392.827,0.333
4671,decode,11,16,284,283401.064,283401.382,0.318
4672,decode,11,16,285,283409.74,283410.062,0.322
4673,decode,8,8,286,283418.757,283419.054,0.297
4674,decode,8,8,287,283427.187,283427.476,0.289
4675,decode,8,8,288,283435.609,283435.898,0.288
4676,decode,6,8,275,283444.276,283444.575,0.299
4677,decode,4,4,276,283452.679,283452.96,0.281
4678,decode,4,4,277,283460.752,283461.02,0.268
4679,decode,3,4,278,283469.026,283469.299,0.273
4680,prefill,51,8192,249,283486.169,283498.127,11.958
4681,prefill,50,8192,249,283512.888,283524.83,11.943
4682,decode,98,104,250,283825.228,283825.945,0.717
4683,decode,86,88,251,284160.171,284160.804,0.633
4684,decode,62,64,252,284171.389,284171.936,0.546
4685,decode,50,56,253,284181.668,284182.147,0.479
4686,decode,37,40,254,284192.647,284193.068,0.421
4687,decode,26,32,255,284202.714,284203.101,0.387
4688,decode,24,24,256,284211.554,284211.917,0.362
4689,decode,20,24,257,284221.15,284221.501,0.351
4690,decode,13,16,258,284230.773,284231.1,0.327
4691,decode,11,16,259,284239.379,284239.708,0.329
4692,decode,11,16,260,284247.998,284248.326,0.328
4693,decode,10,16,261,284257.018,284257.337,0.319
4694,decode,8,8,262,284265.848,284266.145,0.297
4695,decode,8,8,263,284274.41,284274.711,0.301
4696,decode,7,8,264,284283.001,284283.289,0.289
4697,decode,5,8,263,284291.525,284291.821,0.296
4698,decode,4,4,264,284299.82,284300.094,0.275
4699,decode,4,4,265,284308.004,284308.272,0.267
4700,decode,3,4,266,284316.522,284316.807,0.285
4701,decode,2,2,267,284324.619,284324.901,0.283
4702,decode,2,2,268,284332.63,284332.892,0.261
4703,decode,2,2,269,284340.648,284340.913,0.265
4704,decode,2,2,270,284348.679,284348.941,0.263
4705,prefill,59,8192,276,284366.821,284378.688,11.867
4706,prefill,38,8192,255,284391.206,284402.989,11.782
4707,decode,93,96,277,284705.525,284706.222,0.697
4708,decode,86,88,278,285039.351,285039.986,0.635
4709,decode,80,80,279,285049.098,285049.686,0.587
4710,decode,65,72,280,285062.713,285063.261,0.549
4711,decode,56,56,281,285074.115,285074.607,0.493
4712,decode,47,48,261,285085.584,285086.033,0.448
4713,decode,38,40,258,285096.287,285096.715,0.428
4714,decode,32,32,259,285106.177,285106.573,0.396
4715,decode,25,32,260,285116.1,285116.476,0.375
4716,decode,21,24,261,285125.336,285125.702,0.366
4717,decode,16,16,262,285134.597,285134.923,0.326
4718,decode,15,16,263,285143.325,285143.653,0.328
4719,decode,12,16,264,285152.434,285152.761,0.327
4720,decode,8,8,252,285161.373,285161.677,0.305
4721,decode,5,8,201,285169.963,285170.248,0.285
4722,decode,4,4,200,285177.958,285178.235,0.277
4723,decode,3,4,192,285186.229,285186.495,0.267
4724,decode,3,4,193,285194.316,285194.598,0.282
4725,decode,3,4,194,285202.499,285202.779,0.28
4726,decode,2,2,195,285210.754,285211.021,0.267
4727,decode,2,2,196,285218.827,285219.084,0.257
4728,decode,1,1,195,285226.939,285227.354,0.415
4729,decode,1,1,196,285234.834,285235.199,0.365
4730,decode,1,1,197,285243.039,285243.412,0.373
4731,prefill,49,8192,291,285259.809,285271.667,11.858
4732,prefill,49,8192,288,285285.997,285297.916,11.919
4733,decode,94,96,292,285600.915,285601.605,0.69
4734,decode,84,88,293,285934.23,285935.055,0.826
4735,decode,75,80,294,285944.851,285945.428,0.577
4736,decode,59,64,295,285957.414,285957.943,0.529
4737,decode,47,48,296,285969.039,285969.49,0.451
4738,decode,38,40,296,285979.593,285980.013,0.42
4739,decode,29,32,297,285989.93,285990.315,0.385
4740,decode,22,24,298,285999.803,286000.159,0.356
4741,decode,18,24,299,286008.911,286009.256,0.346
4742,decode,14,16,300,286017.948,286018.275,0.327
4743,decode,11,16,301,286027.058,286027.376,0.318
4744,decode,8,8,302,286035.908,286036.205,0.297
4745,decode,6,8,303,286044.533,286044.846,0.312
4746,decode,4,4,304,286052.945,286053.229,0.284
4747,decode,3,4,262,286061.212,286061.479,0.267
4748,decode,3,4,263,286069.309,286069.591,0.281
4749,decode,2,2,264,286077.637,286077.905,0.268
4750,decode,2,2,265,286085.728,286085.99,0.262
4751,decode,2,2,266,286093.774,286094.033,0.259
4752,decode,1,1,225,286101.922,286102.336,0.414
4753,prefill,43,8192,257,286117.016,286129.088,12.072
4754,prefill,42,8192,260,286142.848,286154.74,11.892
4755,decode,81,88,261,286456.24,286456.965,0.725
4756,decode,70,72,262,286791.631,286792.191,0.56
4757,decode,58,64,260,286802.34,286802.869,0.529
4758,decode,48,48,261,286813.2,286813.667,0.467
4759,decode,42,48,260,286823.83,286824.273,0.442
4760,decode,38,40,261,286834.29,286834.724,0.435
4761,decode,34,40,262,286844.546,286844.968,0.421
4762,decode,28,32,263,286854.719,286855.108,0.389
4763,decode,25,32,264,286864.139,286864.519,0.379
4764,decode,21,24,264,286873.572,286873.931,0.359
4765,decode,16,16,265,286882.946,286883.273,0.327
4766,decode,13,16,265,286891.85,286892.166,0.316
4767,decode,10,16,266,286900.682,286900.999,0.317
4768,decode,7,8,267,286909.354,286909.658,0.304
4769,decode,6,8,256,286917.798,286918.081,0.283
4770,decode,4,4,223,286926.211,286926.487,0.276
4771,decode,1,1,224,286934.653,286935.068,0.415
4772,prefill,40,8192,258,286948.905,286960.957,12.052
4773,prefill,43,8192,268,286974.3,286986.341,12.041
4774,decode,77,80,269,287288.96,287289.582,0.622
4775,decode,66,72,270,287624.822,287625.378,0.556
4776,decode,54,56,265,287635.481,287635.979,0.498
4777,decode,41,48,266,287646.908,287647.356,0.448
4778,decode,33,40,267,287657.109,287657.528,0.419
4779,decode,30,32,268,287666.977,287667.364,0.387
4780,decode,26,32,269,287677.096,287677.476,0.381
4781,decode,22,24,270,287686.612,287686.972,0.36
4782,decode,17,24,271,287696.232,287696.593,0.361
4783,decode,14,16,272,287705.114,287705.444,0.33
4784,decode,10,16,273,287714.329,287714.671,0.342
4785,decode,8,8,274,287722.837,287723.132,0.295
4786,decode,4,4,275,287731.738,287732.015,0.277
4787,decode,2,2,276,287739.856,287740.13,0.275
4788,prefill,36,8192,282,287753.752,287765.692,11.94
4789,prefill,43,8192,257,287778.534,287790.327,11.792
4790,decode,72,72,283,288096.684,288097.261,0.576
4791,decode,58,64,284,288432.25,288432.797,0.547
4792,decode,47,48,285,288443.009,288443.471,0.462
4793,decode,39,40,286,288452.733,288453.155,0.422
4794,decode,34,40,283,288463.305,288463.73,0.425
4795,decode,31,32,284,288473.143,288473.539,0.396
4796,decode,24,24,285,288483.495,288483.866,0.371
4797,decode,21,24,286,288492.746,288493.093,0.348
4798,decode,16,16,286,288502.265,288502.616,0.35
4799,decode,12,16,287,288511.422,288511.754,0.332
4800,decode,10,16,288,288520.257,288520.588,0.331
4801,decode,7,8,289,288528.995,288529.291,0.296
4802,decode,5,8,267,288537.679,288537.967,0.288
4803,decode,3,4,238,288545.986,288546.264,0.278
4804,decode,3,4,239,288554.105,288554.404,0.299
4805,decode,3,4,240,288562.288,288562.595,0.307
4806,decode,2,2,241,288570.544,288570.823,0.279
4807,decode,1,1,237,288578.729,288579.152,0.423
4808,decode,1,1,238,288586.623,288587.008,0.385
4809,prefill,49,8192,277,288603.254,288615.154,11.899
4810,prefill,46,8192,254,288628.02,288639.742,11.722
4811,decode,90,96,278,288942.514,288943.191,0.678
4812,decode,80,80,279,289279.72,289280.32,0.6
4813,decode,62,64,280,289288.267,289288.799,0.532
4814,decode,46,48,281,289299.57,289300.031,0.461
4815,decode,36,40,282,289309.806,289310.229,0.423
4816,decode,27,32,283,289320.155,289320.543,0.388
4817,decode,22,24,284,289329.571,289329.929,0.358
4818,decode,17,24,285,289338.925,289339.275,0.35
4819,decode,15,16,286,289347.765,289348.092,0.327
4820,decode,13,16,287,289356.924,289357.243,0.319
4821,decode,12,16,288,289365.546,289365.877,0.331
4822,decode,11,16,289,289374.338,289374.682,0.345
4823,decode,10,16,290,289383.1,289383.414,0.315
4824,decode,9,16,291,289391.809,289392.124,0.315
4825,decode,7,8,292,289400.527,289400.834,0.307
4826,decode,3,4,293,289409.36,289409.648,0.289
4827,decode,2,2,199,289417.241,289417.508,0.267
4828,decode,1,1,200,289425.407,289425.845,0.438
4829,decode,1,1,201,289433.291,289433.676,0.385
4830,decode,1,1,202,289441.455,289441.841,0.386
4831,prefill,40,8192,273,289456.146,289468.251,12.104
4832,prefill,44,8192,261,289481.651,289493.371,11.72
4833,decode,80,80,274,289796.275,289796.883,0.608
4834,decode,79,80,275,290132.903,290133.475,0.572
4835,decode,59,64,276,290143.322,290143.895,0.573
4836,decode,48,48,277,290154.711,290155.166,0.455
4837,decode,44,48,278,290165.215,290165.674,0.458
4838,decode,36,40,269,290176.304,290176.779,0.475
4839,decode,32,32,270,290186.228,290186.633,0.405
4840,decode,24,24,266,290196.607,290196.972,0.365
4841,decode,20,24,267,290205.826,290206.171,0.346
4842,decode,13,16,268,290215.212,290215.541,0.329
4843,decode,13,16,269,290223.522,290223.857,0.335
4844,decode,11,16,270,290232.544,290232.882,0.338
4845,decode,10,16,269,290241.297,290241.676,0.379
4846,decode,6,8,260,290250.357,290250.667,0.311
4847,decode,4,4,261,290258.784,290259.061,0.277
4848,decode,3,4,262,290267.011,290267.277,0.267
4849,decode,3,4,263,290275.087,290275.353,0.266
4850,prefill,44,8192,247,290290.673,290302.807,12.134
4851,prefill,42,8192,252,290316.393,290328.109,11.716
4852,decode,79,80,253,290631.429,290632.053,0.624
4853,decode,68,72,254,290967.028,290967.6,0.572
4854,decode,59,64,255,290977.359,290977.89,0.531
4855,decode,50,56,256,290988.415,290988.912,0.497
4856,decode,40,40,257,290999.598,291000.022,0.424
4857,decode,34,40,258,291009.896,291010.308,0.412
4858,decode,30,32,259,291019.642,291020.026,0.384
4859,decode,27,32,260,291029.473,291029.867,0.394
4860,decode,21,24,256,291039.536,291039.913,0.378
4861,decode,17,24,250,291048.464,291048.825,0.361
4862,decode,14,16,251,291057.407,291057.747,0.34
4863,decode,7,8,251,291066.821,291067.116,0.295
4864,decode,5,8,252,291074.98,291075.263,0.283
4865,decode,4,4,253,291083.2,291083.481,0.28
4866,decode,2,2,223,291091.626,291091.896,0.27
4867,decode,2,2,224,291099.613,291099.873,0.26
4868,decode,1,1,225,291107.738,291108.157,0.419
4869,decode,1,1,226,291115.68,291116.058,0.378
4870,decode,1,1,227,291123.852,291124.221,0.369
4871,decode,1,1,228,291132.016,291132.384,0.368
4872,decode,1,1,229,291140.188,291140.569,0.381
4873,decode,1,1,230,291148.353,291148.742,0.389
4874,decode,1,1,231,291156.53,291156.911,0.382
4875,decode,1,1,232,291164.718,291165.095,0.377
4876,decode,1,1,233,291172.884,291173.252,0.368
4877,decode,1,1,234,291181.03,291181.398,0.369
4878,decode,1,1,235,291189.201,291189.583,0.383
4879,decode,1,1,236,291197.366,291197.753,0.387
4880,prefill,72,8192,253,291218.743,291230.947,12.204
4881,prefill,42,8192,272,291244.366,291256.176,11.81
4882,decode,104,104,273,291560.503,291561.213,0.709
4883,decode,86,88,274,291892.202,291892.83,0.628
4884,decode,69,72,275,291905.441,291906.004,0.563
4885,decode,57,64,276,291915.544,291916.069,0.525
4886,decode,49,56,277,291927.048,291927.528,0.479
4887,decode,40,40,278,291937.922,291938.349,0.427
4888,decode,33,40,279,291948.363,291948.797,0.434
4889,decode,28,32,280,291957.961,291958.345,0.384
4890,decode,24,24,281,291967.475,291967.842,0.367
4891,decode,20,24,282,291976.856,291977.206,0.351
4892,decode,11,16,263,291986.478,291986.815,0.337
4893,decode,10,16,264,291994.693,291995.01,0.317
4894,decode,10,16,265,292003.259,292003.585,0.326
4895,decode,7,8,256,292012.206,292012.501,0.295
4896,decode,3,4,257,292020.88,292021.162,0.282
4897,decode,3,4,258,292028.73,292028.998,0.267
4898,decode,2,2,259,292036.977,292037.243,0.266
4899,decode,2,2,260,292045.073,292045.336,0.263
4900,decode,2,2,261,292053.236,292053.494,0.258
4901,decode,2,2,262,292061.161,292061.425,0.264
4902,decode,1,1,231,292069.303,292069.727,0.424
4903,decode,1,1,232,292077.216,292077.597,0.381
4904,decode,1,1,233,292085.373,292085.756,0.383
4905,decode,1,1,234,292093.539,292093.923,0.384
4906,decode,1,1,235,292101.725,292102.1,0.375
4907,decode,1,1,236,292109.877,292110.247,0.37
4908,prefill,50,8192,273,292126.619,292138.539,11.92
4909,prefill,42,8192,266,292151.471,292163.297,11.826
4910,decode,83,88,274,292465.41,292466.064,0.654
4911,decode,75,80,275,292800.229,292800.832,0.603
4912,decode,65,72,276,292810.578,292811.124,0.546
4913,decode,54,56,277,292822.395,292822.89,0.495
4914,decode,42,48,263,292834.376,292834.838,0.462
4915,decode,36,40,264,292844.396,292844.832,0.436
4916,decode,31,32,265,292854.509,292854.912,0.404
4917,decode,26,32,266,292864.427,292864.823,0.396
4918,decode,23,24,267,292873.732,292874.088,0.355
4919,decode,20,24,251,292882.981,292883.326,0.345
4920,decode,17,24,252,292892.353,292892.718,0.365
4921,decode,16,16,253,292900.951,292901.278,0.327
4922,decode,11,16,252,292910.482,292910.81,0.328
4923,decode,9,16,253,292918.848,292919.162,0.314
4924,decode,8,8,254,292927.239,292927.533,0.294
4925,decode,4,4,146,292936.19,292936.467,0.277
4926,decode,2,2,147,292944.26,292944.529,0.268
4927,decode,2,2,148,292952.122,292952.38,0.258
4928,decode,2,2,149,292960.138,292960.395,0.257
4929,decode,1,1,148,292968.282,292968.705,0.422
4930,decode,1,1,149,292976.207,292976.59,0.382
4931,decode,1,1,150,292984.364,292984.741,0.378
4932,decode,1,1,151,292992.49,292992.893,0.402
4933,prefill,73,8192,273,293013.008,293025.293,12.285
4934,prefill,47,8192,250,293038.459,293050.281,11.822
4935,decode,115,120,274,293355.741,293356.629,0.888
4936,decode,105,112,275,293687.802,293688.616,0.813
4937,decode,90,96,276,293699.298,293699.952,0.654
4938,decode,80,80,277,293711.204,293711.788,0.584
4939,decode,72,72,278,293723.396,293723.953,0.557
4940,decode,61,64,279,293735.657,293736.165,0.508
4941,decode,50,56,280,293747.097,293747.594,0.497
4942,decode,47,48,281,293756.811,293757.255,0.444
4943,decode,41,48,282,293767.496,293767.95,0.454
4944,decode,32,32,283,293777.843,293778.23,0.386
4945,decode,27,32,284,293787.449,293787.838,0.39
4946,decode,20,24,285,293796.973,293797.327,0.354
4947,decode,16,16,286,293805.844,293806.169,0.325
4948,decode,12,16,287,293814.828,293815.143,0.315
4949,decode,7,8,288,293823.634,293823.928,0.294
4950,decode,6,8,289,293831.743,293832.027,0.284
4951,decode,5,8,290,293840.083,293840.368,0.285
4952,decode,4,4,209,293848.346,293848.634,0.288
4953,decode,2,2,170,293856.724,293856.99,0.266
4954,decode,2,2,171,293864.712,293864.974,0.262
4955,decode,1,1,172,293872.809,293873.219,0.41
4956,decode,1,1,173,293880.722,293881.104,0.382
4957,decode,1,1,174,293888.817,293889.195,0.378
4958,decode,1,1,175,293896.957,293897.329,0.372
4959,prefill,53,8192,264,293914.109,293925.983,11.873
4960,prefill,37,8192,266,293938.452,293950.246,11.794
4961,decode,86,88,267,294255.257,294255.906,0.649
4962,decode,77,80,268,294590.184,294590.781,0.597
4963,decode,60,64,269,294602.265,294602.811,0.546
4964,decode,48,48,270,294613.859,294614.318,0.459
4965,decode,37,40,271,294624.878,294625.302,0.424
4966,decode,26,32,272,294635.658,294636.044,0.386
4967,decode,21,24,273,294644.964,294645.319,0.356
4968,decode,14,16,272,294654.533,294654.874,0.341
4969,decode,10,16,273,294663.379,294663.71,0.331
4970,decode,6,8,260,294672.159,294672.453,0.294
4971,decode,5,8,261,294680.454,294680.751,0.297
4972,decode,3,4,262,294688.971,294689.252,0.282
4973,decode,3,4,263,294697.133,294697.4,0.267
4974,decode,2,2,264,294705.497,294705.781,0.284
4975,decode,1,1,265,294713.706,294714.111,0.405
4976,prefill,61,8192,266,294732.025,294743.969,11.944
4977,prefill,38,8192,255,294756.513,294768.296,11.783
4978,decode,92,96,267,295075.41,295076.076,0.666
4979,decode,82,88,268,295409.137,295409.759,0.622
4980,decode,65,72,269,295420.871,295421.418,0.547
4981,decode,53,56,270,295431.862,295432.342,0.48
4982,decode,42,48,271,295443.404,295443.865,0.462
4983,decode,38,40,272,295453.251,295453.683,0.432
4984,decode,31,32,265,295463.987,295464.371,0.384
4985,decode,25,32,266,295473.925,295474.302,0.378
4986,decode,22,24,260,295483.037,295483.39,0.353
4987,decode,15,16,259,295492.861,295493.185,0.324
4988,decode,11,16,259,295501.671,295501.987,0.316
4989,decode,6,8,260,295510.469,295510.777,0.308
4990,decode,5,8,261,295518.805,295519.092,0.287
4991,decode,5,8,262,295526.965,295527.25,0.285
4992,decode,1,1,263,295535.711,295536.117,0.407
4993,decode,1,1,264,295543.538,295543.923,0.384
4994,decode,1,1,265,295551.7,295552.071,0.371
4995,decode,1,1,266,295559.916,295560.289,0.373
4996,decode,1,1,267,295568.055,295568.426,0.371
4997,decode,1,1,268,295576.218,295576.601,0.383
4998,prefill,48,8192,253,295592.888,295604.74,11.852
4999,prefill,54,8192,252,295619.801,295631.626,11.824
5000,decode,96,96,254,295933.653,295934.308,0.655
5001,decode,79,80,255,296269.535,296270.128,0.593
5002,decode,70,72,256,296279.019,296279.57,0.552
5003,decode,64,64,257,296290.397,296290.919,0.522
5004,decode,53,56,258,296302.933,296303.413,0.48
5005,decode,40,40,258,296314.25,296314.685,0.435
5006,decode,37,40,259,296323.521,296323.942,0.421
5007,decode,32,32,260,296333.621,296334.006,0.385
5008,decode,24,24,261,296343.84,296344.192,0.352
5009,decode,22,24,262,296352.626,296352.972,0.347
5010,decode,20,24,263,296361.851,296362.195,0.344
5011,decode,15,16,264,296371.382,296371.723,0.341
5012,decode,12,16,265,296380.168,296380.488,0.32
5013,decode,6,8,266,296389.151,296389.444,0.293
5014,decode,5,8,267,296397.334,296397.628,0.295
5015,decode,4,4,250,296405.609,296405.887,0.278
5016,decode,2,2,251,296413.982,296414.247,0.266
5017,decode,2,2,252,296421.943,296422.2,0.257
5018,decode,2,2,253,296429.98,296430.235,0.256
5019,decode,2,2,254,296437.999,296438.258,0.259
5020,decode,2,2,255,296446.136,296446.396,0.26
5021,decode,2,2,256,296454.077,296454.334,0.258
5022,decode,2,2,257,296462.079,296462.338,0.259
5023,decode,2,2,258,296470.116,296470.373,0.257
5024,decode,2,2,259,296478.145,296478.406,0.261
5025,decode,1,1,260,296486.271,296486.701,0.43
5026,decode,1,1,261,296494.17,296494.541,0.372
5027,decode,1,1,262,296502.327,296502.717,0.391
5028,decode,1,1,263,296510.511,296510.902,0.391
5029,prefill,80,8192,273,296533.108,296545.311,12.203
5030,prefill,53,8192,274,296560.798,296572.925,12.127
5031,decode,126,128,275,296878.633,296880.327,1.694
5032,decode,112,112,276,297212.515,297213.236,0.722
5033,decode,97,104,277,297224.663,297225.329,0.666
5034,decode,78,80,278,297237.122,297237.707,0.585
5035,decode,65,72,279,297249.068,297249.621,0.553
5036,decode,50,56,280,297261.102,297261.601,0.499
5037,decode,46,48,281,297271.396,297271.858,0.462
5038,decode,41,48,282,297281.806,297282.242,0.437
5039,decode,26,32,283,297293.161,297293.549,0.388
5040,decode,25,32,284,297301.728,297302.105,0.377
5041,decode,22,24,285,297311.031,297311.385,0.354
5042,decode,19,24,286,297320.282,297320.826,0.544
5043,decode,17,24,287,297329.279,297329.635,0.356
5044,decode,15,16,288,297338.262,297338.6,0.338
5045,decode,14,16,289,297347.264,297347.591,0.327
5046,decode,11,16,290,297356.315,297356.641,0.326
5047,decode,10,16,291,297364.825,297365.139,0.314
5048,decode,8,8,292,297373.52,297373.829,0.309
5049,decode,6,8,293,297382.146,297382.429,0.283
5050,decode,4,4,294,297390.457,297390.747,0.291
5051,decode,3,4,295,297398.67,297398.937,0.267
5052,decode,2,2,296,297406.875,297407.145,0.27
5053,decode,2,2,297,297414.898,297415.154,0.255
5054,decode,2,2,298,297422.897,297423.154,0.257
5055,decode,2,2,299,297430.912,297431.168,0.257
5056,decode,2,2,300,297438.949,297439.206,0.257
5057,decode,1,1,301,297447.086,297447.507,0.42
5058,prefill,50,8192,254,297463.45,297475.375,11.925
5059,prefill,42,8192,270,297488.949,297500.675,11.726
5060,decode,79,80,271,297803.168,297803.805,0.637
5061,decode,76,80,272,298139.139,298139.725,0.586
5062,decode,63,64,273,298149.808,298150.322,0.514
5063,decode,51,56,274,298161.941,298162.423,0.482
5064,decode,39,40,275,298173.171,298173.619,0.448
5065,decode,34,40,276,298183.229,298183.653,0.425
5066,decode,30,32,277,298193.12,298193.506,0.386
5067,decode,29,32,278,298202.779,298203.157,0.379
5068,decode,25,32,279,298212.855,298213.235,0.38
5069,decode,23,24,280,298222.189,298222.545,0.356
5070,decode,21,24,281,298231.529,298231.9,0.371
5071,decode,18,24,266,298240.954,298241.298,0.344
5072,decode,16,16,263,298249.972,298250.313,0.341
5073,decode,14,16,264,298259.131,298259.45,0.318
5074,decode,13,16,263,298267.856,298268.172,0.317
5075,decode,11,16,264,298276.792,298277.108,0.316
5076,decode,9,16,264,298285.569,298285.887,0.318
5077,decode,9,16,265,298294.051,298294.366,0.315
5078,decode,9,16,266,298302.705,298303.018,0.312
5079,decode,8,8,267,298311.429,298311.738,0.309
5080,decode,8,8,268,298320.053,298320.337,0.284
5081,decode,6,8,269,298328.566,298328.854,0.288
5082,decode,6,8,270,298336.702,298336.987,0.285
5083,decode,5,8,271,298345.108,298345.39,0.282
5084,decode,3,4,272,298353.516,298353.806,0.29
5085,decode,3,4,273,298361.555,298361.836,0.28
5086,decode,2,2,271,298369.817,298370.085,0.267
5087,decode,1,1,231,298378.045,298378.473,0.428
5088,decode,1,1,232,298385.884,298386.253,0.368
5089,decode,1,1,233,298394.046,298394.417,0.37
5090,decode,1,1,234,298402.215,298402.596,0.381
5091,prefill,100,6286,273,298429.934,298442.426,12.492
5092,decode,97,104,274,298444.842,298445.515,0.672
5093,decode,81,88,275,298706.151,298706.774,0.623
5094,decode,65,72,276,298711.436,298711.994,0.557
5095,decode,56,56,277,298722.316,298722.811,0.495
5096,decode,43,48,278,298734.283,298734.75,0.468
5097,decode,35,40,279,298743.949,298744.367,0.419
5098,decode,28,32,280,298753.858,298754.241,0.383
5099,decode,24,24,281,298763.055,298763.409,0.354
5100,decode,16,16,277,298772.904,298773.236,0.332
5101,decode,8,8,278,298781.816,298782.106,0.29
5102,decode,5,8,279,298789.929,298790.221,0.293
5103,decode,2,2,280,298798.194,298798.465,0.271
